{
"type": "FeatureCollection",
"name": "master",
"crs": { "type": "name", "properties": { "name": "urn:ogc:def:crs:OGC:1.3:CRS84" } },
"features": [
{ "type": "Feature", "properties": { "id": "ES", "na": "España", "name": null, "progress": null, "gender": null, "rating": null, "col": null, "dob": null, "car": null }, "geometry": { "type": "MultiPolygon", "coordinates": [ [ [ [ 4.259341688722873, 39.964706736717851 ], [ 4.306859282931165, 39.866764229204648 ], [ 4.273085749880728, 39.809839952311243 ], [ 4.208327420214032, 39.824328981020194 ], [ 4.019554445761724, 39.920546008331151 ], [ 3.957710392144244, 39.939632874227037 ], [ 3.820916669603139, 39.928776361996221 ], [ 3.828867225555586, 39.993396362859073 ], [ 3.791073084346618, 40.018478673747808 ], [ 3.819887529304864, 40.050072495788783 ], [ 3.935601909130483, 40.061900605062007 ], [ 4.169420364922968, 40.060102819587819 ], [ 4.259341688722873, 39.964706736717851 ] ] ], [ [ [ 2.33094264479191, 39.577522762058059 ], [ 2.586213897718996, 39.71659024002124 ], [ 2.6694418694068, 39.791676646144595 ], [ 2.778922896161931, 39.854872174756586 ], [ 2.845282263165715, 39.862060479353474 ], [ 2.948769059412853, 39.917729778407214 ], [ 3.072350503790431, 39.919713951441501 ], [ 3.124044784097633, 39.866089709959546 ], [ 3.166029412898442, 39.903411961220307 ], [ 3.211016196239047, 39.879060905890483 ], [ 3.144461874258286, 39.773578634857749 ], [ 3.251255952687523, 39.730630588309957 ], [ 3.347637394630253, 39.787674965386721 ], [ 3.457816867599484, 39.744738422652972 ], [ 3.456037639659835, 39.657555012460008 ], [ 3.405432100931665, 39.635803923987943 ], [ 3.403749499980265, 39.582986065464944 ], [ 3.296222914808264, 39.499991817038435 ], [ 3.229916422549064, 39.360145800629127 ], [ 3.05067938089082, 39.264903551527269 ], [ 2.959776013437494, 39.36151301819244 ], [ 2.787785584451481, 39.362610676102172 ], [ 2.722695463784621, 39.47469345388086 ], [ 2.751031225761485, 39.504332428594552 ], [ 2.631497631186279, 39.566409848623039 ], [ 2.537963030623676, 39.522569201875584 ], [ 2.517112780282105, 39.459039017989248 ], [ 2.443028529889621, 39.522098382652537 ], [ 2.33094264479191, 39.577522762058059 ] ] ], [ [ [ -4.51268121575802, 43.39306706986774 ], [ -3.861170046987707, 43.481821624023326 ], [ -3.789909923452388, 43.438474796167164 ], [ -3.588479216341778, 43.502500992821311 ], [ -3.151398904958279, 43.352617850832097 ], [ -2.762127206780221, 43.441401650777856 ], [ -2.585913257749957, 43.380508789974527 ], [ -2.512784048627384, 43.357322185475454 ], [ -2.41425269458721, 43.321090565639523 ], [ -2.174070184149521, 43.292654895070214 ], [ -2.093525153629548, 43.304576142381507 ], [ -1.785800800043251, 43.349920145333783 ], [ -1.729725620556792, 43.29664948872832 ], [ -1.39028676480135, 43.257144307506842 ], [ -1.387695539643055, 43.186223040994236 ], [ -1.417601869920053, 43.127726864535276 ], [ -1.468905338213059, 43.082878348677198 ], [ -1.439825106694427, 43.049404042198347 ], [ -1.388156664465422, 43.034548588969415 ], [ -1.310244499572684, 43.077734495906697 ], [ -1.124266445114747, 43.027120856214559 ], [ -0.726422621128716, 42.920812393757274 ], [ -0.692169619791588, 42.896893736853826 ], [ -0.569256651965357, 42.815714237834584 ], [ -0.314032611111784, 42.84895694703237 ], [ -0.012867488339071, 42.700329118793491 ], [ 0.262328403253034, 42.699726609968138 ], [ 0.477851405152336, 42.699645314018198 ], [ 0.661125477736611, 42.69154654667458 ], [ 0.669680555764459, 42.802325617425083 ], [ 0.713564907861911, 42.854477631081295 ], [ 0.859346512169918, 42.826508474348238 ], [ 0.905809817280519, 42.814658884042302 ], [ 1.322440442388788, 42.711556198974442 ], [ 1.411822256484796, 42.632184741716252 ], [ 1.441994109959971, 42.602691783055903 ], [ 1.468319987424832, 42.444642857161398 ], [ 1.725761379315723, 42.505026569983094 ], [ 1.731294001854218, 42.491746013009177 ], [ 1.917333875527161, 42.45419032167662 ], [ 1.987281061669118, 42.400272528116403 ], [ 2.03647051774283, 42.362980166095952 ], [ 2.145645259669372, 42.401304022699883 ], [ 2.233928660994815, 42.431028641043312 ], [ 2.294962491170071, 42.415122533169686 ], [ 2.348375601681827, 42.400890524087529 ], [ 2.554471674860776, 42.343134650935561 ], [ 2.713084944500555, 42.400478224641965 ], [ 2.882682662666677, 42.460615015233245 ], [ 3.176645558273768, 42.435206313030889 ], [ 3.202683193074648, 42.400389921485441 ], [ 3.280858509043943, 42.293622214663202 ], [ 3.157098949286891, 42.218981082438283 ], [ 3.126140483606273, 42.200864131370935 ], [ 3.190714959150058, 41.98575013726218 ], [ 3.208950136288726, 41.920670504993446 ], [ 2.807799179282191, 41.668435490566026 ], [ 2.777473477424588, 41.647938745568538 ], [ 2.707786928224719, 41.622271930935923 ], [ 2.294719924933926, 41.465268101090956 ], [ 2.084272565230421, 41.295286395800346 ], [ 1.64515801456085, 41.19510099993456 ], [ 0.978184737250799, 41.02875952037629 ], [ 0.907715843170479, 40.967242447384322 ], [ 0.725010266461201, 40.812557174881888 ], [ 0.837524532097096, 40.683115503685855 ], [ 0.610786627608098, 40.613513953069216 ], [ 0.516544132790718, 40.52410211816234 ], [ 0.263043727850114, 40.237403243645915 ], [ 0.001839198138453, 39.944411076760048 ], [ -0.187042791017977, 39.722471735661884 ], [ -0.32560507574593, 39.413378359636042 ], [ -0.203075108361175, 39.081294578505464 ], [ -0.036558276374309, 38.887130648213279 ], [ 0.143420610997807, 38.82985261370937 ], [ 0.199575323818176, 38.757383687845 ], [ -0.054876986264318, 38.59293515834338 ], [ -0.492647305217877, 38.317867904126565 ], [ -0.761377165958074, 37.847643503306365 ], [ -0.841624596033408, 37.723198648485308 ], [ -0.739207303378018, 37.663400408143012 ], [ -0.760007228373043, 37.598772271874182 ], [ -1.124177179476008, 37.575026960149465 ], [ -1.314621924680762, 37.561618716790676 ], [ -1.630619317865955, 37.375406698010067 ], [ -1.815278390863152, 37.190699098867597 ], [ -1.91010259985909, 36.945320560808931 ], [ -2.093275360302051, 36.780804545995494 ], [ -2.140317604459289, 36.737705601305223 ], [ -2.360895397726116, 36.829037007238654 ], [ -2.512925633437455, 36.820368326676451 ], [ -2.584687057052521, 36.782964851778395 ], [ -2.752965002216388, 36.695326811437127 ], [ -3.128564066785575, 36.752029813154103 ], [ -3.439829679969951, 36.700739132726717 ], [ -3.778430654187502, 36.737043968103194 ], [ -4.396013125544403, 36.710910489728406 ], [ -4.655308164774994, 36.510255638058666 ], [ -4.94774030890957, 36.486854917724472 ], [ -5.157541017113816, 36.413309643808319 ], [ -5.251691532088179, 36.31186151416783 ], [ -5.339490635649012, 36.150874605293183 ], [ -5.343266630840017, 36.152572973185315 ], [ -5.350330994842496, 36.153725024144151 ], [ -5.597713650656627, 36.023877673239319 ], [ -6.027545128991235, 36.192279082682631 ], [ -6.207804943832357, 36.395996298363215 ], [ -6.242321189881391, 36.57387631986294 ], [ -6.343913501953664, 36.625878073093631 ], [ -6.392658968227805, 36.642892061852748 ], [ -6.430354331120347, 36.729369892057818 ], [ -6.346560569842944, 36.797698937683585 ], [ -6.54306059559704, 36.98415656549782 ], [ -6.995593034010749, 37.189254194036423 ], [ -7.044938729572817, 37.205885119695921 ], [ -7.139187047567483, 37.207264107590646 ], [ -7.333151592166133, 37.190070835429381 ], [ -7.40235099432135, 37.174848844506151 ], [ -7.51396313785061, 37.527106402185218 ], [ -7.237349467068094, 37.962915302020392 ], [ -7.014508135630994, 38.040708374357727 ], [ -6.930744684619322, 38.209447780175488 ], [ -7.108962151628495, 38.188961549885953 ], [ -7.309825044788259, 38.457502439696057 ], [ -7.202612379185309, 38.751814367596104 ], [ -7.067112448499735, 38.84607206068786 ], [ -6.965904593545825, 39.031705978056074 ], [ -7.125555499779641, 39.12186564950521 ], [ -7.231543105226846, 39.277373040957208 ], [ -7.315476584157356, 39.455429192496311 ], [ -7.541921664749946, 39.663408071955374 ], [ -7.024479226713969, 39.686657677881726 ], [ -6.877512273434477, 39.97529705502896 ], [ -7.007008398092107, 40.159522122362489 ], [ -6.94998080922521, 40.257878471388281 ], [ -6.865931918644887, 40.270224648532626 ], [ -6.799267604759676, 40.360822807881043 ], [ -6.814328356770286, 40.834577072533683 ], [ -6.93016395671023, 41.028343345571606 ], [ -6.808832893928045, 41.056231564708142 ], [ -6.690756817102727, 41.204166014196623 ], [ -6.478588496638895, 41.29341366770025 ], [ -6.444429149298076, 41.3037795664114 ], [ -6.415121323410197, 41.345813172311253 ], [ -6.343226196622377, 41.380993785776575 ], [ -6.207083416489255, 41.56356565859074 ], [ -6.310495936, 41.657872652516389 ], [ -6.517324233234789, 41.707027977808984 ], [ -6.601913604259124, 41.931922111353899 ], [ -6.987043291600835, 41.971107450831347 ], [ -7.16012081775665, 41.97379425732565 ], [ -7.200687663113823, 41.880763055576303 ], [ -7.416954273390963, 41.826613956659095 ], [ -7.735270980666185, 41.90257772180437 ], [ -8.051593422285077, 41.819648740590722 ], [ -8.163518998435945, 41.817736728003602 ], [ -8.196548133865203, 41.925795547469015 ], [ -8.1031527647778, 42.038438489891881 ], [ -8.198831226203556, 42.153654658985502 ], [ -8.608450247747193, 42.051850806724019 ], [ -8.864504719659923, 41.872635513817038 ], [ -8.865040329432516, 42.087189972063904 ], [ -8.790349787987525, 42.232039359456749 ], [ -8.83155184615452, 42.277870400038502 ], [ -8.785473523032204, 42.370582078214149 ], [ -8.833842837223258, 42.450058145453717 ], [ -8.727580420377691, 42.687011898385578 ], [ -9.004967844964268, 42.566814391185467 ], [ -9.01079484754935, 42.701049365539809 ], [ -8.985666624476295, 42.764173457142896 ], [ -9.147034741188634, 42.801014742877406 ], [ -9.136570774499504, 42.896390322171705 ], [ -9.248221669688563, 42.989342919487768 ], [ -9.136300462391285, 43.171864608436287 ], [ -8.859476132647936, 43.312898474501871 ], [ -8.277839008851821, 43.373608064094192 ], [ -8.29634843140982, 43.502992985362681 ], [ -8.240362346272857, 43.569010321381178 ], [ -7.911862390250881, 43.739422165393961 ], [ -7.701303681036331, 43.73455515361713 ], [ -7.463330892997654, 43.715394639927815 ], [ -7.260626804540443, 43.582851723873453 ], [ -7.033517930405366, 43.544692611010298 ], [ -6.291396411789318, 43.569352979505084 ], [ -5.843796229749216, 43.64255848591749 ], [ -5.661166706761728, 43.550521134713819 ], [ -5.385701582237549, 43.551015016749162 ], [ -5.18140508660226, 43.473089612955292 ], [ -4.51268121575802, 43.39306706986774 ] ] ], [ [ [ 1.443617601162872, 38.763748806645374 ], [ 1.519198746735532, 38.690044867705119 ], [ 1.576822684174634, 38.729583451997613 ], [ 1.618391216898143, 38.648222115670087 ], [ 1.528151032305434, 38.619609854508631 ], [ 1.471033816822849, 38.685773414562107 ], [ 1.384325521611198, 38.629764751940243 ], [ 1.376983679560907, 38.686553454898416 ], [ 1.443617601162872, 38.763748806645374 ] ] ], [ [ [ 1.437773305524142, 38.917152312097208 ], [ 1.402630397490519, 38.838203442144014 ], [ 1.345880296074595, 38.872166639187355 ], [ 1.253060515020587, 38.861465425470925 ], [ 1.194652675636772, 38.959531459957525 ], [ 1.305169736814058, 38.969582416856291 ], [ 1.293935325259207, 39.028297578835797 ], [ 1.365241905042966, 39.071470480159093 ], [ 1.538508769195188, 39.112101913998245 ], [ 1.589884860239856, 39.093632957887785 ], [ 1.611826225044048, 39.031244196296292 ], [ 1.524622577899945, 38.947814340456446 ], [ 1.437773305524142, 38.917152312097208 ] ] ], [ [ [ -2.968715454227445, 35.289250561462211 ], [ -2.953977363322213, 35.319156827982425 ], [ -2.929207869869967, 35.273956039580703 ], [ -2.968715454227445, 35.289250561462211 ] ] ], [ [ [ -5.383196251359219, 35.913363765358241 ], [ -5.377127448292922, 35.916702554393865 ], [ -5.363531452949606, 35.916644174970436 ], [ -5.347995442457541, 35.907603556052223 ], [ -5.339502115474608, 35.899714419813641 ], [ -5.338533040717761, 35.895224069952668 ], [ -5.337564141881144, 35.890733675153868 ], [ -5.336595418923824, 35.886243235414042 ], [ -5.335626871804896, 35.881752750729916 ], [ -5.337934502389739, 35.876716841700336 ], [ -5.343517608451068, 35.87113528177067 ], [ -5.383196251359219, 35.913363765358241 ] ] ], [ [ [ -13.741406386216891, 28.903297226926082 ], [ -13.789931946184122, 28.837307440434856 ], [ -13.883430685635036, 28.884874007613679 ], [ -13.831653407919175, 28.928016808642148 ], [ -13.831588324885907, 29.006632669634325 ], [ -13.752704537962307, 29.078731974756749 ], [ -13.605484482110073, 29.13639686175129 ], [ -13.524413173761152, 29.144575648256616 ], [ -13.51375157138679, 29.254602905628325 ], [ -13.481611393651249, 29.2658499814968 ], [ -13.418782640918746, 29.202261523781956 ], [ -13.462171908027893, 29.128449558601812 ], [ -13.463405549526779, 29.018647837887585 ], [ -13.542597934974562, 28.958660483113935 ], [ -13.741406386216891, 28.903297226926082 ] ] ], [ [ [ -14.223588781828527, 28.16111403667399 ], [ -14.332670027993522, 28.041377048812848 ], [ -14.420696524712813, 28.082708946164409 ], [ -14.314280320955397, 28.144530823580578 ], [ -14.216938091139573, 28.227436204360821 ], [ -14.202026328601328, 28.331900247294076 ], [ -14.146278109605634, 28.438489523912846 ], [ -14.10302887118989, 28.477068849357313 ], [ -14.031917553497811, 28.597438590060069 ], [ -14.015361014482284, 28.718927641773774 ], [ -13.886400989302604, 28.760154420597139 ], [ -13.842594476564967, 28.729608924508771 ], [ -13.820031177420779, 28.593011350050578 ], [ -13.865469838886561, 28.482506640219075 ], [ -13.848113591817228, 28.420678993228616 ], [ -13.913540825996657, 28.256779531329325 ], [ -14.011006518972721, 28.20763112977416 ], [ -14.223588781828527, 28.16111403667399 ] ] ] ] } },
{ "type": "Feature", "properties": { "id": "FR", "na": "France", "name": null, "progress": null, "gender": null, "rating": null, "col": null, "dob": null, "car": null }, "geometry": { "type": "MultiPolygon", "coordinates": [ [ [ [ 8.590739688955043, 42.375267376993591 ], [ 8.762724082567233, 42.559858763151055 ], [ 8.908331770886951, 42.632179822621104 ], [ 9.102043356476761, 42.711557269416879 ], [ 9.28973515589891, 42.719880421804554 ], [ 9.353671576515335, 42.936750701312754 ], [ 9.408836259904966, 42.964423216209106 ], [ 9.464915985386314, 42.896389470281129 ], [ 9.496698047406676, 42.63225173844674 ], [ 9.524281551194614, 42.399933529453335 ], [ 9.543905089460527, 42.22679399415204 ], [ 9.454769270600508, 41.984694152889325 ], [ 9.401432224642562, 41.858980774344154 ], [ 9.381583073514756, 41.66729693480621 ], [ 9.353110481765528, 41.621501299783517 ], [ 9.207714034327019, 41.396906648081753 ], [ 8.826511655533267, 41.545993076611722 ], [ 8.796151295300422, 41.620906502975295 ], [ 8.853159191442174, 41.667195015237048 ], [ 8.673360197374389, 41.947768916009572 ], [ 8.590739688955043, 42.375267376993591 ] ] ], [ [ [ 2.544768594957373, 51.090167631652626 ], [ 2.576502897169756, 51.001087923313214 ], [ 2.608102084404633, 50.911996340961679 ], [ 2.647761511109534, 50.825694103293181 ], [ 2.864251120016907, 50.709497519546105 ], [ 3.018294933329519, 50.773600752433623 ], [ 3.099489540597189, 50.778496051174706 ], [ 3.176121568777051, 50.755744358250674 ], [ 3.247079074432826, 50.71212479563156 ], [ 3.312978626285803, 50.52249017696672 ], [ 3.547901959269912, 50.497263432225871 ], [ 3.613196771141825, 50.48954281132896 ], [ 3.655411264702964, 50.462305654131953 ], [ 3.67271461402852, 50.397271957830831 ], [ 3.716283706359257, 50.326857872559778 ], [ 4.028121929424918, 50.357227161679802 ], [ 4.051883301083697, 50.337992751256031 ], [ 4.183637512213111, 50.237869492692901 ], [ 4.207187665581339, 50.079848941925 ], [ 4.139042775805337, 49.978544511364518 ], [ 4.234598743637338, 49.958414121419011 ], [ 4.431238669039279, 49.940936031643574 ], [ 4.661947596079609, 49.99521808389644 ], [ 4.79750984493981, 50.149278732533531 ], [ 4.850894905330603, 50.126696368849274 ], [ 4.80830283057691, 49.972441715254973 ], [ 4.872288951468211, 49.80938644257737 ], [ 4.969955421810921, 49.802397824351345 ], [ 5.155483394981318, 49.717288311288662 ], [ 5.392024550365256, 49.618079159324644 ], [ 5.470549561118569, 49.496259231271559 ], [ 5.734063074512222, 49.545167903426162 ], [ 5.81774995943469, 49.546028852096519 ], [ 5.893130625570904, 49.496540498404229 ], [ 6.364279306474765, 49.460472266500126 ], [ 6.555257854560187, 49.418775311038267 ], [ 6.723097019246242, 49.219380434286968 ], [ 6.785194579334553, 49.159854338539894 ], [ 6.927128141913657, 49.213796593235358 ], [ 7.100863556688351, 49.157105583047226 ], [ 7.24834012656171, 49.117677215875929 ], [ 7.370407015875376, 49.161479582255943 ], [ 7.482683086103084, 49.157244375901762 ], [ 7.637036320562411, 49.053892224267209 ], [ 7.910659415237061, 49.045711385726413 ], [ 8.069800439664423, 48.998624287532195 ], [ 8.232196942162677, 48.967256869149807 ], [ 7.961359772345893, 48.71971022326079 ], [ 7.822294943985116, 48.608083581031245 ], [ 7.682555695526955, 48.257792527871246 ], [ 7.579038432511128, 48.121563744710961 ], [ 7.579362939686276, 48.114756690208367 ], [ 7.602559008616437, 47.967619372912445 ], [ 7.544434214888657, 47.743710175343274 ], [ 7.519836491793866, 47.668184043624784 ], [ 7.587948064713602, 47.590190916107638 ], [ 7.556982759631592, 47.564510939627965 ], [ 7.511738238437445, 47.502143376465803 ], [ 7.382808934106165, 47.430958230478275 ], [ 7.222467577234943, 47.429260418444407 ], [ 7.130081068408498, 47.504129814421582 ], [ 6.937452355722528, 47.432983078275079 ], [ 6.93679757049747, 47.376146270037957 ], [ 7.023548435263078, 47.330826562103184 ], [ 6.857399055902192, 47.164769201447882 ], [ 6.461806008175637, 46.934311195738438 ], [ 6.459366140923877, 46.85237290354565 ], [ 6.410559728522975, 46.752977813903549 ], [ 6.139573304207046, 46.557095413331602 ], [ 6.06318053436754, 46.415557373184257 ], [ 6.141235497168375, 46.370625417922689 ], [ 6.125393337577399, 46.317729976553707 ], [ 5.954687792024725, 46.131661430481046 ], [ 6.232164304917134, 46.196424096347378 ], [ 6.22011732235501, 46.312019460207338 ], [ 6.501927173170893, 46.448973069816596 ], [ 6.822228225353807, 46.427108083754995 ], [ 6.818635639426899, 46.15637096427335 ], [ 7.046857724464358, 45.921851842857194 ], [ 6.801859949566895, 45.778276373288854 ], [ 6.981371895187802, 45.626570687015523 ], [ 7.01092317768486, 45.511383724064004 ], [ 7.106052954701648, 45.468530893519777 ], [ 7.163504059983008, 45.404112746892942 ], [ 7.095342864218713, 45.231610729977689 ], [ 6.629062446287532, 45.110732994507664 ], [ 6.779763708527258, 44.896958807152963 ], [ 7.009113552509845, 44.830927729837597 ], [ 7.064916066703029, 44.714148149856968 ], [ 6.949920102601109, 44.653941784377153 ], [ 6.873271801779469, 44.524180777062448 ], [ 6.886065723779932, 44.360630316419275 ], [ 7.036776012981561, 44.232975932525164 ], [ 7.385934667480721, 44.123970785917066 ], [ 7.604052280071324, 44.142909426849201 ], [ 7.713024677966807, 44.061134069967302 ], [ 7.520583751684686, 43.890470937128185 ], [ 7.528917422434661, 43.783636151815429 ], [ 7.440373554519643, 43.749588467243321 ], [ 7.436527001374925, 43.751770317920119 ], [ 7.41476224706149, 43.735282977356356 ], [ 7.411220687523263, 43.730638746854972 ], [ 7.411322333346178, 43.72836368883469 ], [ 7.415168264638335, 43.726182736591689 ], [ 7.171730879798753, 43.644609596764063 ], [ 6.976483695572919, 43.51146893728918 ], [ 6.929553168249995, 43.480455189341065 ], [ 6.901783554629407, 43.440884787376568 ], [ 6.722066929017402, 43.385159924121375 ], [ 6.63706567061806, 43.17728250613775 ], [ 6.292138285156095, 43.108341480051159 ], [ 5.831280019573721, 43.063173880356459 ], [ 5.670602077322929, 43.179621323764771 ], [ 5.400223826432222, 43.213406142264034 ], [ 5.305130795582063, 43.33223752234602 ], [ 5.069764357361541, 43.337125740919689 ], [ 4.894478442700357, 43.422050921948355 ], [ 4.668024154982056, 43.36487443021614 ], [ 4.52639951298088, 43.441815535762167 ], [ 4.229196676815898, 43.459723078152876 ], [ 4.160489783676719, 43.510600050394928 ], [ 4.099803880938822, 43.555049849424371 ], [ 3.948698689787979, 43.53026369152537 ], [ 3.913119346857247, 43.51217833887069 ], [ 3.797042772431774, 43.441294549503141 ], [ 3.646338926680654, 43.381815461271266 ], [ 3.549622547072951, 43.30953498820616 ], [ 3.239642185514456, 43.211812803456141 ], [ 3.067031027592444, 42.999143273812727 ], [ 3.045155114327668, 42.837675487146811 ], [ 3.042057085215601, 42.800894756827638 ], [ 3.0469982964496, 42.632092977761346 ], [ 3.048883458235804, 42.584219114264016 ], [ 3.176645558273768, 42.435206313030889 ], [ 2.882682662666677, 42.460615015233245 ], [ 2.713084944500555, 42.400478224641965 ], [ 2.554471674860776, 42.343134650935561 ], [ 2.348375601681827, 42.400890524087529 ], [ 2.294962491170071, 42.415122533169686 ], [ 2.233928660994815, 42.431028641043312 ], [ 2.145645259669372, 42.401304022699883 ], [ 2.03647051774283, 42.362980166095952 ], [ 1.987281061669118, 42.400272528116403 ], [ 1.917333875527161, 42.45419032167662 ], [ 1.731294001854218, 42.491746013009177 ], [ 1.725761379315723, 42.505026569983094 ], [ 1.786456204318426, 42.57407585495649 ], [ 1.563813111203472, 42.631257698144225 ], [ 1.528941887629877, 42.642075038427208 ], [ 1.504288271724534, 42.63313645461605 ], [ 1.441994109959971, 42.602691783055903 ], [ 1.411822256484796, 42.632184741716252 ], [ 1.322440442388788, 42.711556198974442 ], [ 0.905809817280519, 42.814658884042302 ], [ 0.859346512169918, 42.826508474348238 ], [ 0.713564907861911, 42.854477631081295 ], [ 0.669680555764459, 42.802325617425083 ], [ 0.661125477736611, 42.69154654667458 ], [ 0.477851405152336, 42.699645314018198 ], [ 0.262328403253034, 42.699726609968138 ], [ -0.012867488339071, 42.700329118793491 ], [ -0.314032611111784, 42.84895694703237 ], [ -0.569256651965357, 42.815714237834584 ], [ -0.692169619791588, 42.896893736853826 ], [ -0.726422621128716, 42.920812393757274 ], [ -1.124266445114747, 43.027120856214559 ], [ -1.310244499572684, 43.077734495906697 ], [ -1.388156664465422, 43.034548588969415 ], [ -1.439825106694427, 43.049404042198347 ], [ -1.468905338213059, 43.082878348677198 ], [ -1.417601869920053, 43.127726864535276 ], [ -1.387695539643055, 43.186223040994236 ], [ -1.39028676480135, 43.257144307506842 ], [ -1.729725620556792, 43.29664948872832 ], [ -1.785800800043251, 43.349920145333783 ], [ -1.523410187765006, 43.529305582654153 ], [ -1.373217673247629, 44.051350490279013 ], [ -1.253785510424968, 44.468466536939459 ], [ -1.209242684745302, 44.610991389358404 ], [ -1.115684213186005, 44.683014166766192 ], [ -1.231210028025166, 44.796776385488435 ], [ -1.140339458314926, 45.478655824675521 ], [ -1.054313933662441, 45.517557951017693 ], [ -0.779565949337966, 45.296235490466806 ], [ -0.715627519868071, 45.328009059834088 ], [ -0.836919895235751, 45.487473471802161 ], [ -1.197576453070073, 45.699631647217373 ], [ -1.339222751290323, 45.943684733678943 ], [ -1.309109269993032, 45.988195196773837 ], [ -1.188723838003458, 45.865693711808774 ], [ -1.142291315190192, 45.888946969595409 ], [ -1.094747789662966, 46.040691112083586 ], [ -1.184213030175323, 46.184912829984199 ], [ -1.073574717941027, 46.320306123653545 ], [ -1.12461343601677, 46.317272963071161 ], [ -1.183425578300476, 46.313397781502339 ], [ -1.223455904871264, 46.277078505827362 ], [ -1.388390443600943, 46.342099193062069 ], [ -1.791764962037433, 46.490906658221093 ], [ -1.899828626375692, 46.651043045684858 ], [ -2.094834555814348, 46.8013346297396 ], [ -2.14442163421991, 46.841642489643945 ], [ -2.09361228905516, 46.900196277659006 ], [ -1.981943426655758, 47.027500291283843 ], [ -2.094122303761764, 47.092985555283754 ], [ -2.164253123808143, 47.133291073512162 ], [ -2.188803264273245, 47.254499371848681 ], [ -2.483660885084213, 47.298849394099932 ], [ -2.51060695269023, 47.37613190394007 ], [ -2.459061062303743, 47.448705466798977 ], [ -2.51509516778383, 47.511149412639178 ], [ -2.583647627230713, 47.507793158291406 ], [ -2.805122672716854, 47.495588280888192 ], [ -3.382114697153579, 47.685667937352683 ], [ -3.521110199970568, 47.806505167502536 ], [ -4.319831712106052, 47.833049179574964 ], [ -4.547873964689074, 48.021805737708128 ], [ -4.332483232694844, 48.137986848562278 ], [ -4.469376387220104, 48.237504300566904 ], [ -4.426512712051774, 48.319264368783401 ], [ -4.701682074498328, 48.361033271744063 ], [ -4.753654333987818, 48.423254167525734 ], [ -4.678735417131545, 48.550978382371213 ], [ -4.325015958140283, 48.659938886576683 ], [ -4.039047529874128, 48.701403046885794 ], [ -3.658302829761374, 48.65948634532068 ], [ -3.53999964289259, 48.807571556611407 ], [ -3.164366450942878, 48.862175805996579 ], [ -2.701232021648337, 48.548719238690516 ], [ -2.585461554463794, 48.58498837416488 ], [ -2.515922856039327, 48.606692740838348 ], [ -2.34644387831438, 48.662544897425377 ], [ -2.091939484795765, 48.594341273571452 ], [ -1.941272813591806, 48.677297279341339 ], [ -1.78085116924891, 48.616547157143962 ], [ -1.571100704400453, 48.627278871994889 ], [ -1.504330479691917, 48.680108681286477 ], [ -1.574012593468703, 48.817269841877746 ], [ -1.615200573796763, 49.149995487856025 ], [ -1.799941661342534, 49.408068422252612 ], [ -1.864388598985227, 49.669601514196337 ], [ -1.30277247123731, 49.667910229803944 ], [ -1.263836147363644, 49.502272921219848 ], [ -1.120607981123324, 49.321869128559442 ], [ -0.954962726401943, 49.390900457941214 ], [ -0.178487669958799, 49.288041026828232 ], [ 0.261767354392686, 49.418662975889028 ], [ 0.297221747707761, 49.430879319622456 ], [ 0.309643782768767, 49.431953573709784 ], [ 0.334489350787807, 49.434097979446697 ], [ 0.338630472705988, 49.434454848567164 ], [ 0.367172418105445, 49.43919550494963 ], [ 0.371314168910709, 49.439551177184796 ], [ 0.407701074231643, 49.447239406903535 ], [ 0.427525330632271, 49.453503026220552 ], [ 0.462600560132215, 49.467915002508967 ], [ 0.474149081451586, 49.473465703594449 ], [ 0.485700136314635, 49.479015242920212 ], [ 0.493991850668711, 49.479717798403762 ], [ 0.501841964283186, 49.48266715198838 ], [ 0.51516329788337, 49.47922405653275 ], [ 0.523896181339919, 49.477676935312878 ], [ 0.538974416812001, 49.465240844289198 ], [ 0.559504850681837, 49.446408281683617 ], [ 0.569544749375967, 49.438114338721469 ], [ 0.579143509629358, 49.432067233325682 ], [ 0.583723295972626, 49.430167270574216 ], [ 0.597023781741259, 49.426714118798721 ], [ 0.601165860884448, 49.427061320097025 ], [ 0.605307993879552, 49.427408369334302 ], [ 0.613592421337066, 49.428102011613007 ], [ 0.621441486425782, 49.431043047712954 ], [ 0.621005858385809, 49.433291045648168 ], [ 0.612720467626469, 49.43259793797511 ], [ 0.600292785076552, 49.431557135827674 ], [ 0.582848521398929, 49.434662921828668 ], [ 0.568230218578827, 49.444857592527327 ], [ 0.547703927549477, 49.463691818232945 ], [ 0.538534505503999, 49.467488433881606 ], [ 0.52804212741783, 49.478026882040169 ], [ 0.52257368793571, 49.484419448372407 ], [ 0.513839526553715, 49.485966445141457 ], [ 0.509251447388602, 49.487863403007573 ], [ 0.500958171939772, 49.487161953128386 ], [ 0.492665114906629, 49.486459894342168 ], [ 0.484372276466641, 49.485757226674728 ], [ 0.476965697438032, 49.480559373393021 ], [ 0.461269946681512, 49.474656699981885 ], [ 0.434033570453127, 49.463198289348313 ], [ 0.422046608734446, 49.45989060495819 ], [ 0.402220506891749, 49.453626006215266 ], [ 0.385648333349073, 49.452206892266801 ], [ 0.37736257732546, 49.451496422995262 ], [ 0.360791727656606, 49.450073659987964 ], [ 0.335488036025781, 49.450181623981713 ], [ 0.305591275299578, 49.452172478095413 ], [ 0.275691799669493, 49.454155333613343 ], [ 0.268763721349946, 49.446697714229281 ], [ 0.264169640680228, 49.448584598355374 ], [ 0.085173409835394, 49.519775665474718 ], [ 0.159963845982632, 49.670366497616726 ], [ 0.262733540776047, 49.727296960255458 ], [ 1.379027822175207, 50.064527911583568 ], [ 1.600071265087061, 50.211118272572023 ], [ 1.553455318126928, 50.328569017295919 ], [ 1.643633093260672, 50.351177035441708 ], [ 1.573550673460939, 50.455512581751634 ], [ 1.607458412165145, 50.841189594326408 ], [ 2.095020926711272, 51.001047651312049 ], [ 2.296819932372448, 51.039745458926667 ], [ 2.544768594957373, 51.090167631652626 ] ] ], [ [ [ -1.405680828443285, 46.20033115549861 ], [ -1.433828664171055, 46.183539159287072 ], [ -1.463367452646359, 46.2101734618726 ], [ -1.437624938736735, 46.238182818940729 ], [ -1.405605002175468, 46.237039157413712 ], [ -1.405680828443285, 46.20033115549861 ] ] ], [ [ [ -1.458019912035625, 46.222220549778434 ], [ -1.463367452646359, 46.2101734618726 ], [ -1.472109112005966, 46.19546496754559 ], [ -1.539983894503845, 46.197281811884629 ], [ -1.574948600722635, 46.248538343536076 ], [ -1.514772086003666, 46.264256461472783 ], [ -1.458019912035625, 46.222220549778434 ] ] ], [ [ [ -2.227395460915862, 46.972281595480638 ], [ -2.273727236283437, 46.946323362542785 ], [ -2.326475230952733, 46.981616148614791 ], [ -2.332959368327705, 47.042883677679519 ], [ -2.236927885923059, 47.046975160056604 ], [ -2.227395460915862, 46.972281595480638 ] ] ], [ [ [ -3.155153848617514, 47.363846332561508 ], [ -3.112602971889466, 47.293130982252144 ], [ -3.218659253055211, 47.293970974896368 ], [ -3.262422123255545, 47.353007519341311 ], [ -3.251320741352933, 47.388879835258308 ], [ -3.155153848617514, 47.363846332561508 ] ] ] ] } },
{ "type": "Feature", "properties": { "id": "PT", "na": "Portugal", "name": null, "progress": null, "gender": null, "rating": null, "col": null, "dob": null, "car": null }, "geometry": { "type": "Polygon", "coordinates": [ [ [ -8.051593422285077, 41.819648740590722 ], [ -7.735270980666185, 41.90257772180437 ], [ -7.416954273390963, 41.826613956659095 ], [ -7.200687663113823, 41.880763055576303 ], [ -7.16012081775665, 41.97379425732565 ], [ -6.987043291600835, 41.971107450831347 ], [ -6.601913604259124, 41.931922111353899 ], [ -6.517324233234789, 41.707027977808984 ], [ -6.310495936, 41.657872652516389 ], [ -6.207083416489255, 41.56356565859074 ], [ -6.343226196622377, 41.380993785776575 ], [ -6.415121323410197, 41.345813172311253 ], [ -6.444429149298076, 41.3037795664114 ], [ -6.478588496638895, 41.29341366770025 ], [ -6.690756817102727, 41.204166014196623 ], [ -6.808832893928045, 41.056231564708142 ], [ -6.93016395671023, 41.028343345571606 ], [ -6.814328356770286, 40.834577072533683 ], [ -6.799267604759676, 40.360822807881043 ], [ -6.865931918644887, 40.270224648532626 ], [ -6.94998080922521, 40.257878471388281 ], [ -7.007008398092107, 40.159522122362489 ], [ -6.877512273434477, 39.97529705502896 ], [ -7.024479226713969, 39.686657677881726 ], [ -7.541921664749946, 39.663408071955374 ], [ -7.315476584157356, 39.455429192496311 ], [ -7.231543105226846, 39.277373040957208 ], [ -7.125555499779641, 39.12186564950521 ], [ -6.965904593545825, 39.031705978056074 ], [ -7.067112448499735, 38.84607206068786 ], [ -7.202612379185309, 38.751814367596104 ], [ -7.309825044788259, 38.457502439696057 ], [ -7.108962151628495, 38.188961549885953 ], [ -6.930744684619322, 38.209447780175488 ], [ -7.014508135630994, 38.040708374357727 ], [ -7.237349467068094, 37.962915302020392 ], [ -7.51396313785061, 37.527106402185218 ], [ -7.40235099432135, 37.174848844506151 ], [ -7.889231587221171, 36.97287832101032 ], [ -8.174669033390856, 37.078656308128885 ], [ -8.578181297399926, 37.113429575489185 ], [ -8.956931396888349, 37.018207770601315 ], [ -8.910173273362245, 37.189174892104553 ], [ -8.795456433951362, 37.44394440697242 ], [ -8.79935848363705, 37.859342737458519 ], [ -8.864575855042178, 37.977172552418466 ], [ -8.733881079023611, 38.515102276833851 ], [ -9.181483922140693, 38.434587144202489 ], [ -9.248040139622665, 38.636234638324446 ], [ -9.487426276312872, 38.741639316203084 ], [ -9.416630908351976, 39.055657773182368 ], [ -9.342901721294538, 39.3490123766883 ], [ -9.139018123498579, 39.525696889125264 ], [ -9.040666504757796, 39.741604385640365 ], [ -8.895517694213686, 40.045896195929792 ], [ -8.782779546934295, 40.520827238989476 ], [ -8.687139739432702, 40.690998407568436 ], [ -8.652686453697394, 40.965928501446008 ], [ -8.775709338322368, 41.471982204249464 ], [ -8.800452499295746, 41.562905702527551 ], [ -8.812133935809813, 41.612000074679123 ], [ -8.864504719659923, 41.872635513817038 ], [ -8.608450247747193, 42.051850806724019 ], [ -8.198831226203556, 42.153654658985502 ], [ -8.1031527647778, 42.038438489891881 ], [ -8.196548133865203, 41.925795547469015 ], [ -8.163518998435945, 41.817736728003602 ], [ -8.051593422285077, 41.819648740590722 ] ] ] } },
{ "type": "Feature", "properties": { "id": "IT", "na": "Italia", "name": null, "progress": null, "gender": null, "rating": null, "col": null, "dob": null, "car": null }, "geometry": { "type": "MultiPolygon", "coordinates": [ [ [ [ 12.478172939307916, 46.679702911857262 ], [ 12.690483841598404, 46.656418916955715 ], [ 12.732848867407201, 46.634891228463125 ], [ 13.502868112701014, 46.567078747286899 ], [ 13.713016697344262, 46.523627449466701 ], [ 13.683445742588949, 46.438214729310779 ], [ 13.39984426956728, 46.313399515763336 ], [ 13.430484670348447, 46.239637688374138 ], [ 13.641182124544981, 46.164420418080162 ], [ 13.496688591167082, 46.05096325109421 ], [ 13.515816202545153, 45.984360816187561 ], [ 13.623849910386291, 45.964811288490118 ], [ 13.598629724752175, 45.820054959716629 ], [ 13.597879390892817, 45.808703894065992 ], [ 13.776780110768049, 45.75015035250145 ], [ 13.897007160227211, 45.636560002175123 ], [ 13.83946664864327, 45.590869675499768 ], [ 13.723420917205729, 45.595018110130006 ], [ 13.726040566107075, 45.690504788731438 ], [ 13.580850923799751, 45.786526719339363 ], [ 13.405898966104557, 45.72630672249327 ], [ 13.139824201036514, 45.761819078419698 ], [ 13.098186736298182, 45.644747332275976 ], [ 12.67679982965239, 45.515204587454953 ], [ 12.507366015580041, 45.533007600989123 ], [ 12.493086979867513, 45.474203732092796 ], [ 12.350650561486557, 45.397856111600149 ], [ 12.254690330502756, 45.411323471622723 ], [ 12.130700837268169, 45.30016812148736 ], [ 12.202226691513046, 45.257751058029143 ], [ 12.329016654939842, 45.15947308965459 ], [ 12.309970655883079, 45.071163728270719 ], [ 12.461945351591304, 44.949389338492345 ], [ 12.397737977604944, 44.791588804003418 ], [ 12.284391697966505, 44.821433735941163 ], [ 12.26904241164757, 44.630609220128093 ], [ 12.385215007437585, 44.225117453135638 ], [ 12.450567569948833, 44.162122163555409 ], [ 12.751060605140777, 43.97012534408443 ], [ 13.171974659911534, 43.750764086925656 ], [ 13.560070564470449, 43.594517365980344 ], [ 13.614872489420224, 43.512841573125897 ], [ 13.64228879757613, 43.473128127647556 ], [ 13.74285528828233, 43.293996050093355 ], [ 13.850825658767425, 43.066562422493838 ], [ 13.917374271313045, 42.895285142749991 ], [ 14.08065314316852, 42.633402150135595 ], [ 14.147173379717888, 42.530322141224055 ], [ 14.255025021889567, 42.443702678843188 ], [ 14.325300421102856, 42.399644272532953 ], [ 14.619814777316098, 42.219972188265018 ], [ 14.69322067205594, 42.175486744483528 ], [ 14.765694359745918, 42.073909657375729 ], [ 14.92169017207034, 42.016152970255405 ], [ 14.999392983820426, 41.984909524592751 ], [ 15.136808649048945, 41.927721695464193 ], [ 16.130681025367014, 41.912972194418856 ], [ 16.171259575691352, 41.773330492669785 ], [ 16.022635765918629, 41.668102887833406 ], [ 15.956397626165376, 41.621787636200956 ], [ 15.905557725366208, 41.583664109577569 ], [ 16.02429980921999, 41.425668696192034 ], [ 16.542900473106705, 41.230492535791825 ], [ 17.069606738467549, 41.068454376744334 ], [ 17.387376078952972, 40.891811620428996 ], [ 17.98283110188347, 40.655219332585347 ], [ 18.097453688456977, 40.515184772386213 ], [ 18.392995578418432, 40.316057944066969 ], [ 18.498755942908392, 40.14634856219223 ], [ 18.369868818555339, 39.813330481083483 ], [ 18.065298375577189, 39.923923281380752 ], [ 17.956913934813116, 40.164447942240272 ], [ 17.762985055336578, 40.294657242029686 ], [ 17.479879548768864, 40.309810045539955 ], [ 17.110780287097445, 40.511372103079566 ], [ 16.86648303169968, 40.398214500731804 ], [ 16.64489198241121, 40.118053361487313 ], [ 16.609951282152068, 39.950924815198405 ], [ 16.499509465370181, 39.802579354157146 ], [ 16.532677001575397, 39.676643770835092 ], [ 17.026198680847241, 39.484045688913575 ], [ 17.138760961356382, 39.388692455293224 ], [ 17.141554550074275, 39.188972992907665 ], [ 17.146144604859519, 38.940902236719189 ], [ 16.890358886080527, 38.92743040370015 ], [ 16.570739601854577, 38.75942526126564 ], [ 16.580400862817289, 38.469735955021171 ], [ 16.211191116712527, 38.177821387090042 ], [ 16.069607744330799, 37.941424159735284 ], [ 15.74611019595122, 37.927086630451342 ], [ 15.647192068385666, 38.015591846761517 ], [ 15.649451118501505, 38.208125400382428 ], [ 15.809493487868783, 38.308612828092066 ], [ 15.919877047219272, 38.505946300487764 ], [ 15.860407178802619, 38.656336856819145 ], [ 16.133881057388084, 38.728678729105901 ], [ 16.21438389411388, 38.810634778939864 ], [ 16.206469199812062, 38.912020341700455 ], [ 16.093665221208607, 39.047581012442045 ], [ 16.061144249842222, 39.187132705181995 ], [ 16.007963351580258, 39.408115829668262 ], [ 15.829999612626221, 39.652595262696224 ], [ 15.755454522442843, 39.922629350789478 ], [ 15.64595933485041, 40.04347382670889 ], [ 15.563242973361174, 40.0688147586648 ], [ 15.423256218957976, 40.003447123424628 ], [ 15.349174191696276, 40.005242677308225 ], [ 15.287703719117101, 40.031472007105592 ], [ 15.249547238564904, 40.083868965253878 ], [ 15.145608672122194, 40.155740797022773 ], [ 15.037501992336274, 40.177375948324595 ], [ 14.942376762247335, 40.230257962588631 ], [ 14.927874260338497, 40.272159341142348 ], [ 14.988177033374535, 40.362886375700697 ], [ 14.987667093992107, 40.401792416257898 ], [ 14.880179801601557, 40.576404583729357 ], [ 14.786588541326001, 40.658731369312207 ], [ 14.551475216787546, 40.615005737428142 ], [ 14.469887520030937, 40.621026837497539 ], [ 14.396676126660047, 40.74774281231133 ], [ 14.03119520915403, 40.89814919177681 ], [ 13.760752814088406, 41.223993390165575 ], [ 13.292990379439383, 41.290823426563477 ], [ 13.063695093580835, 41.241078440199338 ], [ 12.77292883722922, 41.416236968820058 ], [ 12.612818592280851, 41.468488689790433 ], [ 12.427512052725508, 41.621487252081153 ], [ 12.371425636290382, 41.668464517102784 ], [ 11.997898255178642, 41.984545904431016 ], [ 11.958916827955585, 42.017241020351413 ], [ 11.835876520676564, 42.042368298696815 ], [ 11.733545665379774, 42.158194599572461 ], [ 11.687775725688006, 42.21825189461957 ], [ 11.641978140756207, 42.280564199591332 ], [ 11.450497671785486, 42.376962971230355 ], [ 11.150759007457467, 42.405895986281486 ], [ 11.145774902432763, 42.529029051015129 ], [ 11.052140620290475, 42.632597869958154 ], [ 10.957965025992717, 42.722401653513487 ], [ 10.789415461265712, 42.787651270338159 ], [ 10.706436691523789, 42.940907579110934 ], [ 10.514378100480672, 42.958005833544128 ], [ 10.505875819068565, 43.260993459115952 ], [ 10.343830027024984, 43.512163196196461 ], [ 10.299406141167578, 43.582887579768858 ], [ 10.259337954883174, 43.815216233152668 ], [ 10.143429933040697, 43.974784194352196 ], [ 10.01930348989807, 44.045441122446235 ], [ 9.800737690192808, 44.072563263808448 ], [ 9.5130971873878, 44.21726751522872 ], [ 9.133064538625645, 44.362709502871922 ], [ 8.768152316108925, 44.420467592794608 ], [ 8.632604623264346, 44.380086286994462 ], [ 8.276385180913239, 44.128965364798397 ], [ 8.135369304464309, 43.939841160093238 ], [ 7.961604198241274, 43.854587103792682 ], [ 7.528917422434661, 43.783636151815429 ], [ 7.520583751684686, 43.890470937128185 ], [ 7.713024677966807, 44.061134069967302 ], [ 7.604052280071324, 44.142909426849201 ], [ 7.385934667480721, 44.123970785917066 ], [ 7.036776012981561, 44.232975932525164 ], [ 6.886065723779932, 44.360630316419275 ], [ 6.873271801779469, 44.524180777062448 ], [ 6.949920102601109, 44.653941784377153 ], [ 7.064916066703029, 44.714148149856968 ], [ 7.009113552509845, 44.830927729837597 ], [ 6.779763708527258, 44.896958807152963 ], [ 6.629062446287532, 45.110732994507664 ], [ 7.095342864218713, 45.231610729977689 ], [ 7.163504059983008, 45.404112746892942 ], [ 7.106052954701648, 45.468530893519777 ], [ 7.01092317768486, 45.511383724064004 ], [ 6.981371895187802, 45.626570687015523 ], [ 6.801859949566895, 45.778276373288854 ], [ 7.046857724464358, 45.921851842857194 ], [ 7.155188410625288, 45.863395477053558 ], [ 7.582707488284906, 45.969488855377314 ], [ 7.865664051047434, 45.916419824153408 ], [ 7.876901371519714, 45.928013757228726 ], [ 8.138086389665977, 46.153432297444958 ], [ 8.110716829672072, 46.264341423834111 ], [ 8.38346219390875, 46.452917119489832 ], [ 8.459178437004885, 46.419939873183658 ], [ 8.464000766952781, 46.251814455961188 ], [ 8.714633879953844, 46.098283679471066 ], [ 8.828649213136032, 46.067773315847901 ], [ 8.911558469099489, 45.829961651412681 ], [ 9.03920126451972, 45.869839413381598 ], [ 9.028696994444918, 46.02204875688426 ], [ 9.15912008684322, 46.16862720533215 ], [ 9.248233645388538, 46.232929842397681 ], [ 9.264807108040097, 46.453487128018665 ], [ 9.31539519420323, 46.496997693173149 ], [ 9.437639456673439, 46.479528669941843 ], [ 9.565012887531429, 46.305139822133974 ], [ 9.910148043148725, 46.369616542309174 ], [ 10.094531222509517, 46.240076364734094 ], [ 10.157319183488903, 46.271819273434041 ], [ 10.130187926857094, 46.401389529613944 ], [ 10.05164683645393, 46.467355467920754 ], [ 10.106965555695444, 46.580928301262261 ], [ 10.21754951741242, 46.621660632873166 ], [ 10.453560860722927, 46.53003486207627 ], [ 10.469940367340117, 46.600404345402971 ], [ 10.399529958640876, 46.680214167675118 ], [ 10.468237664700331, 46.854880994348164 ], [ 10.666540736730346, 46.862926567628939 ], [ 10.993860802453538, 46.769527536711337 ], [ 11.164410973438263, 46.965489435762436 ], [ 11.626784546593063, 47.014053535842699 ], [ 11.772862862259013, 46.982220829389192 ], [ 12.134598810870909, 47.080216501780313 ], [ 12.241655764101683, 47.068964556422955 ], [ 12.14319772415495, 46.998241285236595 ], [ 12.163674379071502, 46.916024195987482 ], [ 12.478172939307916, 46.679702911857262 ] ], [ [ 12.361658148550857, 41.885413429472337 ], [ 12.39007968429485, 41.868772757565047 ], [ 12.517674296507529, 41.879336750528729 ], [ 12.488063728484644, 41.955349897821833 ], [ 12.432906597389652, 41.940735369893154 ], [ 12.361658148550857, 41.885413429472337 ] ], [ [ 12.492699764027796, 43.915200432272528 ], [ 12.499318598400798, 43.981078074390609 ], [ 12.418996900987073, 43.951111186117622 ], [ 12.416801040371833, 43.898788358973178 ], [ 12.492699764027796, 43.915200432272528 ] ] ], [ [ [ 15.602321814529549, 42.15407284287955 ], [ 15.512168325525156, 42.088247414206485 ], [ 15.469040200102254, 42.177399014316443 ], [ 15.54115614861805, 42.20542832698046 ], [ 15.602321814529549, 42.15407284287955 ] ] ], [ [ [ 15.09065509991281, 37.358746815235627 ], [ 15.226043276457467, 37.26184489550019 ], [ 15.203003987860075, 37.180479844563635 ], [ 15.29807342223152, 37.048913458955312 ], [ 15.125045902911388, 36.856425848601603 ], [ 15.115626763977406, 36.680095557598598 ], [ 14.999464496191454, 36.702435738150974 ], [ 14.527551216639008, 36.792971718836547 ], [ 14.338341076687362, 37.00159333444914 ], [ 14.037105245375384, 37.10676747766032 ], [ 13.686358963238192, 37.187651259782953 ], [ 12.897257522676297, 37.577380442610355 ], [ 12.676135273055944, 37.57699928745145 ], [ 12.49304911560756, 37.687399517786105 ], [ 12.442329040076695, 37.794114515222859 ], [ 12.51181102277755, 38.014517209129799 ], [ 12.753559482435614, 38.152147406963103 ], [ 12.875877475816385, 38.043177584075828 ], [ 12.978491944440686, 38.040029361727221 ], [ 13.097490795651217, 38.171392613961487 ], [ 13.301876654491455, 38.210361710123273 ], [ 13.728973066567519, 37.98155918434226 ], [ 14.183336582093515, 38.019999152759809 ], [ 14.378560540713609, 38.01810983436728 ], [ 14.761808353628249, 38.155626608624324 ], [ 15.1035574633612, 38.131090273771449 ], [ 15.56242645748568, 38.279735192785793 ], [ 15.541120106951428, 38.145672067103618 ], [ 15.257125405609482, 37.806252651293491 ], [ 15.095832587855867, 37.475501770567433 ], [ 15.09065509991281, 37.358746815235627 ] ] ], [ [ [ 14.897700989778055, 38.609423322465425 ], [ 14.895649088818613, 38.53391229906412 ], [ 14.974986504553369, 38.532121792538355 ], [ 14.951051039040342, 38.441693133454301 ], [ 14.783671023917888, 38.562474523051762 ], [ 14.821553764136729, 38.608694902404224 ], [ 14.897700989778055, 38.609423322465425 ] ] ], [ [ [ 13.975266757469111, 40.74961718188667 ], [ 13.931960285679988, 40.685087319213928 ], [ 13.829704675991703, 40.705104757315205 ], [ 13.844408012538953, 40.77079310516104 ], [ 13.975266757469111, 40.74961718188667 ] ] ], [ [ [ 12.912703671791734, 35.906507668219177 ], [ 12.925868648749393, 35.821098503275593 ], [ 12.832972265296496, 35.821679309305246 ], [ 12.788683610677239, 35.878149934140296 ], [ 12.912703671791734, 35.906507668219177 ] ] ], [ [ [ 12.053115925539911, 36.74882041401289 ], [ 11.992213241911974, 36.734074074997629 ], [ 11.920582763932018, 36.818141401019439 ], [ 11.951534787136449, 36.842734026527715 ], [ 12.054580489894667, 36.799252982126369 ], [ 12.053115925539911, 36.74882041401289 ] ] ], [ [ [ 10.974160900903451, 42.359887617420796 ], [ 10.885345489491444, 42.294602920835651 ], [ 10.838667512992151, 42.356545311693765 ], [ 10.886918119191341, 42.401718865737159 ], [ 10.927208502961193, 42.401357121966015 ], [ 10.974160900903451, 42.359887617420796 ] ] ], [ [ [ 10.447005358132625, 42.848971825276948 ], [ 10.427620636935341, 42.719186508973287 ], [ 10.35788771647486, 42.758190532932275 ], [ 10.129369878128452, 42.731397442093687 ], [ 10.096306059499453, 42.783837958806998 ], [ 10.181183045850567, 42.81334054027122 ], [ 10.240093345417801, 42.788156606350725 ], [ 10.269761878099288, 42.826813864024423 ], [ 10.369323098474419, 42.81966589313901 ], [ 10.41765821261902, 42.874157326532703 ], [ 10.447005358132625, 42.848971825276948 ] ] ], [ [ [ 9.885678095467973, 43.04580297599319 ], [ 9.822923253564472, 42.981931232491995 ], [ 9.767210137061422, 43.041045544917253 ], [ 9.829934629247049, 43.116337085901932 ], [ 9.885678095467973, 43.04580297599319 ] ] ], [ [ [ 9.808655728713719, 40.489243112065466 ], [ 9.625528623197857, 40.223812342021667 ], [ 9.721726933588164, 40.061956797264308 ], [ 9.650405799777756, 39.549888828127521 ], [ 9.579305709799295, 39.174683493935689 ], [ 9.548232615017655, 39.137957002724946 ], [ 9.46484378220679, 39.126098058700343 ], [ 9.447378624883761, 39.135146800360125 ], [ 9.366985946360591, 39.175814493981754 ], [ 9.220219499862045, 39.225048537220381 ], [ 9.144040737637795, 39.190106376800266 ], [ 9.088092034600447, 39.207888582665063 ], [ 9.043290409267465, 39.175443091156566 ], [ 9.021329675961276, 39.012852396210789 ], [ 8.908268364884613, 38.920149385733559 ], [ 8.877529758942559, 38.892347272522933 ], [ 8.631077020203065, 38.909752073494914 ], [ 8.612745864744399, 38.957527030226601 ], [ 8.520528010225028, 39.04765060008345 ], [ 8.403924635937328, 38.984036866272682 ], [ 8.367146655805787, 39.068053005053969 ], [ 8.402773108298447, 39.176140100874285 ], [ 8.392723062099062, 39.445790117092031 ], [ 8.456467515006976, 39.707414105931775 ], [ 8.501970041914978, 39.712695271440253 ], [ 8.533656210196185, 39.864008144464513 ], [ 8.408721395987628, 39.937460188580722 ], [ 8.475266055420558, 40.251510091941256 ], [ 8.40057424280476, 40.407921468486236 ], [ 8.307610454003683, 40.568510339160227 ], [ 8.160918571903, 40.597851897374937 ], [ 8.214054447621939, 40.859115350730129 ], [ 8.514959557226481, 40.827565197521182 ], [ 8.802248198324151, 40.931897318337796 ], [ 8.875880246644227, 41.014926277908998 ], [ 9.202499891836908, 41.241721864929346 ], [ 9.516014689541132, 41.138781732926937 ], [ 9.527658415152256, 41.02245623569182 ], [ 9.74760827139661, 40.658057539355525 ], [ 9.808655728713719, 40.489243112065466 ] ] ], [ [ [ 8.355669495918184, 41.046463797486702 ], [ 8.287603654419703, 41.045311817990054 ], [ 8.246473759239311, 41.10621810760648 ], [ 8.320796991737851, 41.144019591309892 ], [ 8.375981475560726, 41.092445710922433 ], [ 8.355669495918184, 41.046463797486702 ] ] ], [ [ [ 8.332598878868515, 39.197825883109026 ], [ 8.290655972451217, 39.069017796298709 ], [ 8.226346400233867, 39.134187783790324 ], [ 8.252476372509168, 39.198699728587464 ], [ 8.332598878868515, 39.197825883109026 ] ] ], [ [ [ 8.26831529806439, 40.965087375708904 ], [ 8.231400484619273, 40.877690084359223 ], [ 8.143973873967994, 40.93315990677187 ], [ 8.199357581486526, 40.998097586615188 ], [ 8.26831529806439, 40.965087375708904 ] ] ] ] } },
{ "type": "Feature", "properties": { "id": "SI", "na": "Slovenija", "name": null, "progress": null, "gender": null, "rating": null, "col": null, "dob": null, "car": null }, "geometry": { "type": "Polygon", "coordinates": [ [ [ 16.240821402941389, 46.490533886423712 ], [ 16.302552466309869, 46.377537015241828 ], [ 16.138774131812163, 46.393898767296285 ], [ 15.873690955338274, 46.278929437240457 ], [ 15.792757851596583, 46.258291587744509 ], [ 15.635334055392498, 46.182437984228407 ], [ 15.629043621125307, 46.08482154298045 ], [ 15.696339823288683, 46.053905906309609 ], [ 15.707675530243669, 45.975840857371132 ], [ 15.654567642295028, 45.841986462586178 ], [ 15.403922275697472, 45.793544861232647 ], [ 15.330776425179447, 45.76308041071777 ], [ 15.284395159445276, 45.7266809460668 ], [ 15.294437874857238, 45.589504617275402 ], [ 15.358095603317199, 45.486056467258109 ], [ 15.224551477083082, 45.426687926093948 ], [ 14.976974568305474, 45.513825119007478 ], [ 14.84152554692168, 45.472296246959843 ], [ 14.767525700413044, 45.512101763041514 ], [ 14.571714846052327, 45.673309247926099 ], [ 14.386760397239787, 45.499004333680297 ], [ 14.118142429783338, 45.480226816258394 ], [ 14.110593024681023, 45.482797395389525 ], [ 13.651996575045974, 45.454134506875292 ], [ 13.609714471028955, 45.517034771880319 ], [ 13.723420917205729, 45.595018110130006 ], [ 13.83946664864327, 45.590869675499768 ], [ 13.897007160227211, 45.636560002175123 ], [ 13.776780110768049, 45.75015035250145 ], [ 13.597879390892817, 45.808703894065992 ], [ 13.598629724752175, 45.820054959716629 ], [ 13.623849910386291, 45.964811288490118 ], [ 13.515816202545153, 45.984360816187561 ], [ 13.496688591167082, 46.05096325109421 ], [ 13.641182124544981, 46.164420418080162 ], [ 13.430484670348447, 46.239637688374138 ], [ 13.39984426956728, 46.313399515763336 ], [ 13.683445742588949, 46.438214729310779 ], [ 13.713016697344262, 46.523627449466701 ], [ 14.436389798005433, 46.443817263074969 ], [ 14.564304498402915, 46.372447065250434 ], [ 14.67341148546047, 46.449672364855125 ], [ 14.769011594188616, 46.504636289055334 ], [ 14.897161549665416, 46.61039007192332 ], [ 15.063392398065389, 46.652760565422604 ], [ 15.400181211588938, 46.65457782296226 ], [ 15.496812178876706, 46.631462041981933 ], [ 15.65121748580602, 46.705430693643997 ], [ 15.786278215892287, 46.707357267099695 ], [ 16.016316133974854, 46.67195091731341 ], [ 15.995131597793671, 46.83486020439738 ], [ 16.114461994395697, 46.869156091571632 ], [ 16.311327562704118, 46.85097152427511 ], [ 16.37136551348658, 46.722117620109309 ], [ 16.594868710240881, 46.476155879338513 ], [ 16.372668264927942, 46.535185029828583 ], [ 16.240821402941389, 46.490533886423712 ] ] ] } },
{ "type": "Feature", "properties": { "id": "CH", "na": "Schweiz/Suisse/Svizzera", "name": null, "progress": null, "gender": null, "rating": null, "col": null, "dob": null, "car": null }, "geometry": { "type": "Polygon", "coordinates": [ [ [ 8.873127565578903, 47.667782299945145 ], [ 9.183345064505632, 47.656911785175978 ], [ 9.364843052265099, 47.628593423561966 ], [ 9.494336733138491, 47.552054226742435 ], [ 9.558707035793853, 47.540978027587244 ], [ 9.660023328232318, 47.402801362953916 ], [ 9.529034866051166, 47.270577952213216 ], [ 9.475291602826104, 47.052265650404266 ], [ 9.606539142052519, 47.059636824200808 ], [ 9.845433727815921, 47.014808508077294 ], [ 9.909194040897454, 46.930827639711715 ], [ 10.143184881027841, 46.851257632628055 ], [ 10.393890973641987, 46.984670150593672 ], [ 10.4729138674249, 46.934374933380759 ], [ 10.468237664700331, 46.854880994348164 ], [ 10.399529958640876, 46.680214167675118 ], [ 10.469940367340117, 46.600404345402971 ], [ 10.453560860722927, 46.53003486207627 ], [ 10.21754951741242, 46.621660632873166 ], [ 10.106965555695444, 46.580928301262261 ], [ 10.05164683645393, 46.467355467920754 ], [ 10.130187926857094, 46.401389529613944 ], [ 10.157319183488903, 46.271819273434041 ], [ 10.094531222509517, 46.240076364734094 ], [ 9.910148043148725, 46.369616542309174 ], [ 9.565012887531429, 46.305139822133974 ], [ 9.437639456673439, 46.479528669941843 ], [ 9.31539519420323, 46.496997693173149 ], [ 9.264807108040097, 46.453487128018665 ], [ 9.248233645388538, 46.232929842397681 ], [ 9.15912008684322, 46.16862720533215 ], [ 9.028696994444918, 46.02204875688426 ], [ 9.03920126451972, 45.869839413381598 ], [ 8.911558469099489, 45.829961651412681 ], [ 8.828649213136032, 46.067773315847901 ], [ 8.714633879953844, 46.098283679471066 ], [ 8.464000766952781, 46.251814455961188 ], [ 8.459178437004885, 46.419939873183658 ], [ 8.38346219390875, 46.452917119489832 ], [ 8.110716829672072, 46.264341423834111 ], [ 8.138086389665977, 46.153432297444958 ], [ 7.876901371519714, 45.928013757228726 ], [ 7.865664051047434, 45.916419824153408 ], [ 7.582707488284906, 45.969488855377314 ], [ 7.155188410625288, 45.863395477053558 ], [ 7.046857724464358, 45.921851842857194 ], [ 6.818635639426899, 46.15637096427335 ], [ 6.822228225353807, 46.427108083754995 ], [ 6.501927173170893, 46.448973069816596 ], [ 6.22011732235501, 46.312019460207338 ], [ 6.232164304917134, 46.196424096347378 ], [ 5.954687792024725, 46.131661430481046 ], [ 6.125393337577399, 46.317729976553707 ], [ 6.141235497168375, 46.370625417922689 ], [ 6.06318053436754, 46.415557373184257 ], [ 6.139573304207046, 46.557095413331602 ], [ 6.410559728522975, 46.752977813903549 ], [ 6.459366140923877, 46.85237290354565 ], [ 6.461806008175637, 46.934311195738438 ], [ 6.857399055902192, 47.164769201447882 ], [ 7.023548435263078, 47.330826562103184 ], [ 6.93679757049747, 47.376146270037957 ], [ 6.937452355722528, 47.432983078275079 ], [ 7.130081068408498, 47.504129814421582 ], [ 7.222467577234943, 47.429260418444407 ], [ 7.382808934106165, 47.430958230478275 ], [ 7.511738238437445, 47.502143376465803 ], [ 7.556982759631592, 47.564510939627965 ], [ 7.587948064713602, 47.590190916107638 ], [ 7.633503978013986, 47.56165239714781 ], [ 7.714935758401936, 47.538396262871544 ], [ 7.893752309522291, 47.587428269739647 ], [ 8.425194900265984, 47.566853444269931 ], [ 8.607378088729686, 47.666993160949573 ], [ 8.499220679121217, 47.647392501994105 ], [ 8.426167604539435, 47.666807357031132 ], [ 8.511576237035227, 47.777020530191038 ], [ 8.61181628717233, 47.8010469452596 ], [ 8.690009386930322, 47.742961444622551 ], [ 8.663264762042184, 47.685859802733177 ], [ 8.671318873455935, 47.685957894565142 ], [ 8.79642647356056, 47.676049840177178 ], [ 8.840154413814714, 47.701504171832227 ], [ 8.873127565578903, 47.667782299945145 ] ] ] } },
{ "type": "Feature", "properties": { "id": "LI", "na": "Liechtenstein", "name": null, "progress": null, "gender": null, "rating": null, "col": null, "dob": null, "car": null }, "geometry": { "type": "Polygon", "coordinates": [ [ [ 9.621801235980614, 47.150553893142053 ], [ 9.606539142052519, 47.059636824200808 ], [ 9.475291602826104, 47.052265650404266 ], [ 9.529034866051166, 47.270577952213216 ], [ 9.621801235980614, 47.150553893142053 ] ] ] } },
{ "type": "Feature", "properties": { "id": "AT", "na": "Österreich", "name": null, "progress": null, "gender": null, "rating": null, "col": null, "dob": null, "car": null }, "geometry": { "type": "Polygon", "coordinates": [ [ [ 16.940819167188323, 48.617102523546734 ], [ 16.950233768615686, 48.53677782394147 ], [ 16.850282071782583, 48.438220527868921 ], [ 16.977697437872585, 48.172787710551574 ], [ 17.068288952306389, 48.119150882254061 ], [ 17.162524009770777, 48.005934525514348 ], [ 17.032443767628973, 47.713530415262163 ], [ 16.802733375999388, 47.691623159639377 ], [ 16.598882622267084, 47.742859829464642 ], [ 16.423008317422092, 47.664506406950437 ], [ 16.66505288628484, 47.597591478830942 ], [ 16.645498871796963, 47.446134893881521 ], [ 16.432426072085388, 47.351877484460928 ], [ 16.482557251244941, 47.109674729750985 ], [ 16.439078370867115, 47.016579416073839 ], [ 16.300736903848403, 46.995120878773058 ], [ 16.114461994395697, 46.869156091571632 ], [ 15.995131597793671, 46.83486020439738 ], [ 16.016316133974854, 46.67195091731341 ], [ 15.786278215892287, 46.707357267099695 ], [ 15.65121748580602, 46.705430693643997 ], [ 15.496812178876706, 46.631462041981933 ], [ 15.400181211588938, 46.65457782296226 ], [ 15.063392398065389, 46.652760565422604 ], [ 14.897161549665416, 46.61039007192332 ], [ 14.769011594188616, 46.504636289055334 ], [ 14.67341148546047, 46.449672364855125 ], [ 14.564304498402915, 46.372447065250434 ], [ 14.436389798005433, 46.443817263074969 ], [ 13.713016697344262, 46.523627449466701 ], [ 13.502868112701014, 46.567078747286899 ], [ 12.732848867407201, 46.634891228463125 ], [ 12.690483841598404, 46.656418916955715 ], [ 12.478172939307916, 46.679702911857262 ], [ 12.163674379071502, 46.916024195987482 ], [ 12.14319772415495, 46.998241285236595 ], [ 12.241655764101683, 47.068964556422955 ], [ 12.134598810870909, 47.080216501780313 ], [ 11.772862862259013, 46.982220829389192 ], [ 11.626784546593063, 47.014053535842699 ], [ 11.164410973438263, 46.965489435762436 ], [ 10.993860802453538, 46.769527536711337 ], [ 10.666540736730346, 46.862926567628939 ], [ 10.468237664700331, 46.854880994348164 ], [ 10.4729138674249, 46.934374933380759 ], [ 10.393890973641987, 46.984670150593672 ], [ 10.143184881027841, 46.851257632628055 ], [ 9.909194040897454, 46.930827639711715 ], [ 9.845433727815921, 47.014808508077294 ], [ 9.606539142052519, 47.059636824200808 ], [ 9.621801235980614, 47.150553893142053 ], [ 9.529034866051166, 47.270577952213216 ], [ 9.660023328232318, 47.402801362953916 ], [ 9.558707035793853, 47.540978027587244 ], [ 9.968367300087149, 47.546407365117254 ], [ 10.000500302377173, 47.48282208021115 ], [ 10.112593020624711, 47.373747947660121 ], [ 10.196637298849389, 47.366814885338613 ], [ 10.180287603866862, 47.269177387131826 ], [ 10.433065046712251, 47.397928596690278 ], [ 10.454483056626556, 47.556821350046647 ], [ 10.888037511701526, 47.535986952659485 ], [ 10.98979420883142, 47.396563441758516 ], [ 11.017827831671474, 47.396305067875673 ], [ 11.41970451951695, 47.444052379958769 ], [ 11.409099358863823, 47.496433211874596 ], [ 11.562381529180291, 47.52160317336768 ], [ 11.632913476902967, 47.593257243858517 ], [ 12.06020400536697, 47.617838057931252 ], [ 12.16895845099231, 47.620277217990747 ], [ 12.18303995804656, 47.667702756482917 ], [ 12.20078833659422, 47.705965565776665 ], [ 12.337414756067261, 47.696317481706096 ], [ 12.452888132730486, 47.666527274501675 ], [ 12.499526612841253, 47.63139204854167 ], [ 12.576045943951291, 47.631887399773532 ], [ 12.597983367292315, 47.667720669414642 ], [ 12.695391263039172, 47.681267889511986 ], [ 12.923061337445713, 47.502718432134373 ], [ 13.044580874273782, 47.519846934966118 ], [ 13.077436167519142, 47.66664029453252 ], [ 12.928154793285103, 47.734363280881354 ], [ 12.984016598891104, 47.862371987128739 ], [ 12.876410849191604, 47.96294229562929 ], [ 12.862132554744136, 47.997393958538872 ], [ 12.750812248075036, 48.113822309468674 ], [ 12.943173391821016, 48.206539350124636 ], [ 13.17683702114412, 48.295481183042682 ], [ 13.394250218262602, 48.373084449020688 ], [ 13.438968903277329, 48.548924428886245 ], [ 13.511726826326255, 48.592086335176958 ], [ 13.727497688466986, 48.512336561592321 ], [ 13.808856662974758, 48.611830437525427 ], [ 13.796121909077549, 48.714520848105309 ], [ 13.837613689613125, 48.772177116346526 ], [ 14.111438922668459, 48.594220092981558 ], [ 14.342856409560525, 48.56267480889543 ], [ 14.48847439284155, 48.629625238319889 ], [ 14.68989182755498, 48.58492212302076 ], [ 14.767694345580981, 48.711209448500611 ], [ 14.940331205206425, 48.790081840552418 ], [ 15.023744402146718, 49.002375394912413 ], [ 15.543786805496957, 48.907251782099799 ], [ 15.752549067680578, 48.851169675660003 ], [ 16.291972766030916, 48.733209873537795 ], [ 16.557715017234543, 48.806649122339365 ], [ 16.883503839118394, 48.709514705521322 ], [ 16.940819167188323, 48.617102523546734 ] ] ] } },
{ "type": "Feature", "properties": { "id": "LU", "na": "Luxembourg", "name": null, "progress": null, "gender": null, "rating": null, "col": null, "dob": null, "car": null }, "geometry": { "type": "Polygon", "coordinates": [ [ [ 6.476045017429973, 49.820601021981012 ], [ 6.4833268758906, 49.720898666476671 ], [ 6.36669345903075, 49.540050425954149 ], [ 6.364279306474765, 49.460472266500126 ], [ 5.893130625570904, 49.496540498404229 ], [ 5.81774995943469, 49.546028852096519 ], [ 5.895644639376826, 49.664760607744782 ], [ 5.744574366472888, 49.854576321864975 ], [ 5.900338172245977, 50.103387316373919 ], [ 6.025040271885477, 50.182763360829384 ], [ 6.139642308142473, 50.12991534819831 ], [ 6.178434009597329, 49.963145577601061 ], [ 6.364455895508116, 49.848875284280773 ], [ 6.476045017429973, 49.820601021981012 ] ] ] } },
{ "type": "Feature", "properties": { "id": "CZ", "na": "Česko", "name": null, "progress": null, "gender": null, "rating": null, "col": null, "dob": null, "car": null }, "geometry": { "type": "Polygon", "coordinates": [ [ [ 14.822805580173023, 50.870464678551059 ], [ 14.978692527826723, 50.877484838559084 ], [ 15.062127728357444, 51.010223664790757 ], [ 15.245053988170607, 50.983894789013021 ], [ 15.37532402227685, 50.802865969653794 ], [ 15.536145680133842, 50.779339907029261 ], [ 15.798318037705826, 50.741428337379311 ], [ 16.046446396277748, 50.63084678950878 ], [ 16.106298509827575, 50.661805904006187 ], [ 16.390478344040133, 50.603119791524556 ], [ 16.386731920566078, 50.544162210757399 ], [ 16.258883981458279, 50.4533687891062 ], [ 16.579105575031672, 50.141785788542172 ], [ 16.715730707224907, 50.115595188795446 ], [ 16.863639304265373, 50.197845685413739 ], [ 16.993491163516037, 50.269651102622298 ], [ 16.885388391623252, 50.406009241120181 ], [ 16.908972669051227, 50.450125080505757 ], [ 17.430480328891406, 50.253404485830742 ], [ 17.730312894444261, 50.285881218668457 ], [ 17.735404371777197, 50.212604027313091 ], [ 17.651288482972479, 50.140802051449612 ], [ 17.843391894632287, 49.988666257533446 ], [ 18.034899419789941, 50.06646179092273 ], [ 18.325812114215108, 49.92917389723349 ], [ 18.577190988479796, 49.910410692311608 ], [ 18.616185406002224, 49.75000204547711 ], [ 18.8024529197071, 49.658022558171126 ], [ 18.852589682447988, 49.517133567085828 ], [ 18.57535199908784, 49.497548088752986 ], [ 18.402111531244589, 49.396561487009215 ], [ 18.321111287273702, 49.315911226065168 ], [ 18.169774770495167, 49.263182374961225 ], [ 18.067468462909261, 49.049380551965889 ], [ 17.645446985745906, 48.853405645449918 ], [ 17.394816217175247, 48.813369252456674 ], [ 17.173098821100094, 48.855232933114678 ], [ 16.940819167188323, 48.617102523546734 ], [ 16.883503839118394, 48.709514705521322 ], [ 16.557715017234543, 48.806649122339365 ], [ 16.291972766030916, 48.733209873537795 ], [ 15.752549067680578, 48.851169675660003 ], [ 15.543786805496957, 48.907251782099799 ], [ 15.023744402146718, 49.002375394912413 ], [ 14.940331205206425, 48.790081840552418 ], [ 14.767694345580981, 48.711209448500611 ], [ 14.68989182755498, 48.58492212302076 ], [ 14.48847439284155, 48.629625238319889 ], [ 14.342856409560525, 48.56267480889543 ], [ 14.111438922668459, 48.594220092981558 ], [ 13.837613689613125, 48.772177116346526 ], [ 13.550786934245949, 48.967981659532427 ], [ 13.415045510537341, 48.979027271069661 ], [ 13.367245869464101, 49.066794198841698 ], [ 13.170984706612357, 49.172457983759877 ], [ 12.984964480636901, 49.32290018005709 ], [ 12.791188915106758, 49.357394927730276 ], [ 12.635117731255283, 49.476949542036607 ], [ 12.637452884838684, 49.520031854105198 ], [ 12.59260750838537, 49.541503763650155 ], [ 12.402619511321657, 49.759091159944283 ], [ 12.549017359640549, 49.905715394786071 ], [ 12.261168897904124, 50.05706883013341 ], [ 12.15864235413898, 50.220192959393387 ], [ 12.099382865747742, 50.318880665263457 ], [ 12.323458743467679, 50.207881822358203 ], [ 12.584475253711521, 50.406552577431611 ], [ 12.816988919815465, 50.448742084453613 ], [ 12.946403690798176, 50.404630112437701 ], [ 13.054916795681962, 50.501675078310697 ], [ 13.500257144765914, 50.634276636934814 ], [ 13.653275623607117, 50.729431337968037 ], [ 13.829509365466047, 50.732793781544672 ], [ 14.364842655936712, 50.902305679542899 ], [ 14.283207557891185, 50.998489679090568 ], [ 14.318610767600489, 51.053961843269732 ], [ 14.490504234117106, 51.04288562257711 ], [ 14.583960350689276, 50.982428131454235 ], [ 14.619101648170892, 50.858342278247896 ], [ 14.765985877027976, 50.820560707812902 ], [ 14.822805580173023, 50.870464678551059 ] ] ] } },
{ "type": "Feature", "properties": { "id": "MT", "na": "Malta", "name": null, "progress": null, "gender": null, "rating": null, "col": null, "dob": null, "car": null }, "geometry": { "type": "MultiPolygon", "coordinates": [ [ [ [ 14.564596410077293, 35.849274369260719 ], [ 14.509155624399405, 35.812902366431089 ], [ 14.378467020919262, 35.849036345061677 ], [ 14.334266166525024, 35.887883573760789 ], [ 14.329254787510196, 35.970854267027569 ], [ 14.37918362843962, 35.970816219337891 ], [ 14.564596410077293, 35.849274369260719 ] ] ], [ [ [ 14.324237182200168, 36.053815323765605 ], [ 14.264623006697942, 36.003712563970367 ], [ 14.173087335120345, 36.033136444241272 ], [ 14.168562008503706, 36.070102414503353 ], [ 14.252881223919942, 36.086971021138432 ], [ 14.324237182200168, 36.053815323765605 ] ] ] ] } },
{ "type": "Feature", "properties": { "id": "CY", "na": "Kýpros", "name": null, "progress": null, "gender": null, "rating": null, "col": null, "dob": null, "car": null }, "geometry": { "type": "Polygon", "coordinates": [ [ [ 32.274893147825111, 35.065074112716751 ], [ 32.287261381518888, 35.104527314099521 ], [ 32.408598941068149, 35.041434686745909 ], [ 32.4911497084518, 35.084689788356471 ], [ 32.554395383944893, 35.175241025223173 ], [ 32.650800338797552, 35.196027108595999 ], [ 32.826936175402729, 35.14223182152012 ], [ 32.89535730089564, 35.172202328441294 ], [ 32.936850706394232, 35.268098854810916 ], [ 32.921573876859355, 35.402037291955125 ], [ 32.993439419424689, 35.367251967510114 ], [ 33.481460918566803, 35.33176000544082 ], [ 33.650404137112247, 35.358757637312792 ], [ 33.769606148888641, 35.41278681184243 ], [ 33.849784513215475, 35.412994497138413 ], [ 33.980021004337701, 35.447283964428401 ], [ 34.125808981950691, 35.505727912637497 ], [ 34.171720742752264, 35.557517231812803 ], [ 34.28600869397858, 35.57435451108357 ], [ 34.34414249189048, 35.620432482867244 ], [ 34.544054160455993, 35.68038015003831 ], [ 34.558137993657255, 35.640936964875159 ], [ 34.464512687826343, 35.614070153164519 ], [ 34.405692319074696, 35.556369727967422 ], [ 34.280554316860481, 35.478521457036472 ], [ 34.171687895701957, 35.436531761777303 ], [ 34.060463587107066, 35.326280980650303 ], [ 33.963882518841231, 35.318776009325887 ], [ 33.904321786879692, 35.256327311774818 ], [ 33.913004597248424, 35.159181286096732 ], [ 34.045950147078891, 35.019417253258922 ], [ 33.857576222771641, 34.943890059363333 ], [ 33.776153322621795, 34.979676785978334 ], [ 33.696456358558855, 34.979370285827727 ], [ 33.640129347269003, 34.934942431005013 ], [ 33.60103143393583, 34.817252199566497 ], [ 33.258430461111409, 34.707651801461431 ], [ 33.150508105479339, 34.714229424100722 ], [ 33.012344260882024, 34.64797304278175 ], [ 33.006478535985394, 34.576119956381 ], [ 32.939264677511751, 34.569668005961574 ], [ 32.878039979326488, 34.66809209521027 ], [ 32.708688121178724, 34.642478470025964 ], [ 32.498609586406104, 34.704766469092334 ], [ 32.408503033138786, 34.767424697630489 ], [ 32.393371514473301, 34.83970106517841 ], [ 32.32036261043109, 34.902695422743903 ], [ 32.315209996373198, 34.996079156746347 ], [ 32.274893147825111, 35.065074112716751 ] ] ] } },
{ "type": "Feature", "properties": { "id": "EL", "na": "Elláda", "name": null, "progress": null, "gender": null, "rating": null, "col": null, "dob": null, "car": null }, "geometry": { "type": "MultiPolygon", "coordinates": [ [ [ [ 27.887234106319156, 35.957234068699591 ], [ 27.744748048555927, 35.921783995007367 ], [ 27.729487178515992, 36.146631966518804 ], [ 27.885383044293967, 36.326732640402817 ], [ 28.152526962401453, 36.426446300014938 ], [ 28.228969154335349, 36.40203252451991 ], [ 28.072346658374659, 36.077606784203226 ], [ 27.887234106319156, 35.957234068699591 ] ] ], [ [ [ 27.901432130309669, 36.58989813635251 ], [ 27.799944573800907, 36.55810224266839 ], [ 27.755230051624121, 36.653081338177238 ], [ 27.813114940365093, 36.66297996658561 ], [ 27.901432130309669, 36.58989813635251 ] ] ], [ [ [ 27.40275945750545, 36.446954534085464 ], [ 27.314313320332509, 36.395899032804721 ], [ 27.273817028802071, 36.426806648513285 ], [ 27.278859140021559, 36.474855025443233 ], [ 27.370577172546668, 36.497338496437379 ], [ 27.40275945750545, 36.446954534085464 ] ] ], [ [ [ 27.171194596824485, 36.805056552575664 ], [ 27.099499100995477, 36.753005530664581 ], [ 27.006947237333105, 36.783993664992245 ], [ 27.071443887920331, 36.849087967238297 ], [ 27.282957703169735, 36.919580908603827 ], [ 27.361639543812267, 36.860602245370252 ], [ 27.171194596824485, 36.805056552575664 ] ] ], [ [ [ 27.231301220519864, 36.574694154967325 ], [ 27.199387655894284, 36.54330958543585 ], [ 27.101633816990304, 36.566079295794587 ], [ 27.11153846872789, 36.620214019669469 ], [ 27.200622806515003, 36.631705833557291 ], [ 27.231301220519864, 36.574694154967325 ] ] ], [ [ [ 27.191557074163125, 35.459721065017703 ], [ 27.145136700489033, 35.421745449305277 ], [ 27.078564389307854, 35.441205681599797 ], [ 27.118465881946356, 35.480430977176873 ], [ 27.110693164388543, 35.547239944005049 ], [ 27.061773927601791, 35.59837539795214 ], [ 27.117474928346812, 35.646332621512158 ], [ 27.161800164509263, 35.731402290554833 ], [ 27.166038358164716, 35.805291044707062 ], [ 27.211151190660605, 35.808514760510818 ], [ 27.21990056461452, 35.732184970306079 ], [ 27.150623423130249, 35.614461547630363 ], [ 27.218479608427529, 35.543372046614294 ], [ 27.191557074163125, 35.459721065017703 ] ] ], [ [ [ 27.036164811058345, 36.958120752683897 ], [ 26.937879315097202, 36.924794419779545 ], [ 26.901912427560507, 36.975609471800702 ], [ 26.984220380698652, 37.028208373271042 ], [ 27.053870237221854, 37.001493345845724 ], [ 27.036164811058345, 36.958120752683897 ] ] ], [ [ [ 27.046711109244441, 37.44556307517577 ], [ 26.969364227172257, 37.415359121109425 ], [ 26.885941435936328, 37.486351570216648 ], [ 26.986715176503495, 37.512381878694555 ], [ 27.046711109244441, 37.44556307517577 ] ] ], [ [ [ 27.00259637326111, 36.710197242675122 ], [ 26.961378135896069, 36.668790746640269 ], [ 26.900208608303121, 36.714916409947818 ], [ 26.912188135149606, 36.777991689975778 ], [ 26.971122227916236, 36.792878341602368 ], [ 27.00259637326111, 36.710197242675122 ] ] ], [ [ [ 26.982472323753889, 35.407753668172312 ], [ 26.874920961593411, 35.324992479438237 ], [ 26.823966850198364, 35.353054009000722 ], [ 26.904467956194484, 35.436206144327656 ], [ 26.982472323753889, 35.407753668172312 ] ] ], [ [ [ 26.981461108708849, 37.713652343371066 ], [ 26.831834569432399, 37.647455573080201 ], [ 26.614601476302159, 37.716418195112531 ], [ 26.60114196655752, 37.732761952135633 ], [ 26.770842957199481, 37.809702071559876 ], [ 26.979852840644853, 37.748879015934385 ], [ 26.981461108708849, 37.713652343371066 ] ] ], [ [ [ 26.777379613139736, 37.245038232117636 ], [ 26.67765408819227, 37.220983145964546 ], [ 26.721105051129921, 37.327319739178982 ], [ 26.816092177512569, 37.303291479693826 ], [ 26.777379613139736, 37.245038232117636 ] ] ], [ [ [ 26.346447246296446, 40.962736875101953 ], [ 26.032181689658074, 40.729406202550507 ], [ 25.952242671092005, 40.830639287650349 ], [ 25.631216730597057, 40.863946165656671 ], [ 25.168515820700087, 40.946000145559701 ], [ 25.139045075532056, 40.98991852465786 ], [ 24.814696657034077, 40.858951826901311 ], [ 24.644795951495603, 40.865995900183705 ], [ 24.492159762318764, 40.946507030245783 ], [ 24.11896036909647, 40.735131858109746 ], [ 23.866796599919486, 40.778106870270264 ], [ 23.764153902487841, 40.757935810529517 ], [ 23.718661494655848, 40.683478470241127 ], [ 23.755037679815597, 40.634481235810767 ], [ 23.783784267979055, 40.600400495570995 ], [ 23.859746569629007, 40.534202135417559 ], [ 23.859946229236797, 40.453300180265188 ], [ 24.012243258128066, 40.389927540861187 ], [ 24.006277767624283, 40.31450574178649 ], [ 23.86164466933441, 40.379112794120303 ], [ 23.714543830679652, 40.284406256517741 ], [ 23.984052893783421, 40.100405314345103 ], [ 24.005086051148954, 40.016452778149343 ], [ 23.945524887369743, 39.957991622424373 ], [ 23.836492355014176, 40.001356376150937 ], [ 23.646036254297979, 40.217795971213626 ], [ 23.425519714365873, 40.264640277661243 ], [ 23.282094389767622, 40.233516532611411 ], [ 23.00372831740399, 40.349552915826763 ], [ 22.883173180059284, 40.464756461462457 ], [ 22.918117534998085, 40.617013476005759 ], [ 22.683033445066179, 40.527843105791369 ], [ 22.664768318971475, 40.491007550620353 ], [ 22.610476871082032, 40.454215189289108 ], [ 22.644228562595242, 40.352991684762351 ], [ 22.558741898491295, 40.140335706846031 ], [ 22.665560747057246, 39.97422995081164 ], [ 22.84708496252739, 39.791124008811899 ], [ 22.916103242229322, 39.601877531855642 ], [ 23.122473705473748, 39.460881977840515 ], [ 23.331171930975657, 39.196537968153585 ], [ 23.216656020416728, 39.138421161749655 ], [ 23.102624258746808, 39.292656926917914 ], [ 22.894929154282636, 39.29993215166494 ], [ 22.841733734223872, 39.210063740621116 ], [ 23.016526953269388, 39.00405371785439 ], [ 22.949852778715709, 38.934541546170124 ], [ 22.773106292313205, 38.877434748788176 ], [ 22.615217069401744, 38.898365647984157 ], [ 22.585994727338349, 38.856030775678846 ], [ 23.024916862075788, 38.744135056700912 ], [ 23.134255693220677, 38.657515614575601 ], [ 23.289399729587384, 38.64296925906352 ], [ 23.328498000500048, 38.505716226913144 ], [ 23.504270700550371, 38.559590516218286 ], [ 23.117262182286925, 38.872472184713388 ], [ 23.196982875829306, 38.988617204675975 ], [ 23.323351463319, 38.98499465441288 ], [ 23.594631655928929, 38.794233659516429 ], [ 24.082976770583691, 38.637797810954716 ], [ 24.268154616808221, 38.272098265365344 ], [ 24.487529124244656, 38.136867726964027 ], [ 24.517887301047775, 38.051095179859978 ], [ 24.443491924286342, 37.997591760965115 ], [ 24.286074376996204, 38.028459629018194 ], [ 23.980231778358199, 38.368199463954198 ], [ 23.654840059425592, 38.353028524858999 ], [ 23.690857517757888, 38.340903532907994 ], [ 24.041320339480457, 38.192470797924933 ], [ 24.053318009503908, 37.715860147568975 ], [ 23.971934232090931, 37.674678826967977 ], [ 23.744751011387631, 37.853958451640374 ], [ 23.672001977925138, 37.940909495234607 ], [ 23.462600936816507, 37.92003820641802 ], [ 23.491206454119897, 37.976129262640711 ], [ 23.571061842671725, 37.992479900125879 ], [ 23.596359941526178, 38.014306821626263 ], [ 23.180123573051215, 37.950568548328228 ], [ 23.070972315534441, 37.889388675427163 ], [ 23.136035325477387, 37.813291393997382 ], [ 23.119895469748375, 37.729944975186804 ], [ 23.201245049525156, 37.595969488139737 ], [ 23.314637632626159, 37.55686654161169 ], [ 23.316869222353237, 37.621352354320827 ], [ 23.398285344389166, 37.630640947356532 ], [ 23.38845683891974, 37.527880336479271 ], [ 23.471912170662147, 37.460407440391485 ], [ 23.424354131411487, 37.411647042025315 ], [ 23.125671169609667, 37.328855008281401 ], [ 23.082147513328856, 37.443683090393861 ], [ 22.750210213395011, 37.567869486067494 ], [ 22.731701870257037, 37.48712418428935 ], [ 22.90047918808089, 37.119421424464349 ], [ 22.979772914612724, 37.04829903516513 ], [ 23.065220383705629, 36.554829174703599 ], [ 22.684201306778508, 36.762556963780455 ], [ 22.566738783947201, 36.697458546454428 ], [ 22.437448302397282, 36.506550854493575 ], [ 22.286276135480758, 36.787996669812465 ], [ 22.1125682665343, 36.965575960260004 ], [ 21.971859290866185, 36.942066394162644 ], [ 21.858775387262263, 36.799297439969024 ], [ 21.710336984793816, 36.868846007559192 ], [ 21.606287748239197, 37.103580049013807 ], [ 21.680076611108603, 37.378519922155881 ], [ 21.571753739361263, 37.530428364731648 ], [ 21.202953693106895, 37.819499184684339 ], [ 21.131259078915104, 37.90868436587877 ], [ 21.350338000691348, 38.101849989070317 ], [ 21.387933132737633, 38.201148858707072 ], [ 21.620018292942429, 38.156911247980617 ], [ 21.866308383151761, 38.331871542627241 ], [ 22.371710876587468, 38.142762725286033 ], [ 22.439640512611881, 38.133884032978031 ], [ 22.867284947502831, 37.949684901916356 ], [ 22.948661556009554, 37.975581227654068 ], [ 22.930364236765861, 38.061314404721422 ], [ 23.118199332221625, 38.06093208150579 ], [ 23.207789493899611, 38.127120870218995 ], [ 23.125314638802653, 38.168633736734165 ], [ 22.817177457740698, 38.233857078558898 ], [ 22.607189935072764, 38.358984349537415 ], [ 22.569331158164125, 38.306241226559827 ], [ 22.43841352027362, 38.427382207082985 ], [ 22.36196664766592, 38.354201744042058 ], [ 22.184555393743906, 38.337827861426611 ], [ 21.989932614057928, 38.399469261495952 ], [ 21.85305778406812, 38.375060004963984 ], [ 21.17025091419903, 38.333024398031746 ], [ 21.05372922470589, 38.554059255343738 ], [ 20.755152170586527, 38.86453978374341 ], [ 20.871756591373988, 38.934315660339379 ], [ 21.077570271870638, 38.885436596679433 ], [ 21.132202822409077, 38.959755593971025 ], [ 21.108056799756124, 39.045491534903071 ], [ 20.838335074700677, 39.050945204978639 ], [ 20.72757285089012, 38.996589309743634 ], [ 20.477214042449564, 39.27508858344887 ], [ 20.463000011941439, 39.274330317563397 ], [ 20.300311994575772, 39.314847767770829 ], [ 20.161072377333593, 39.619412512240942 ], [ 20.009258460161, 39.690392773202305 ], [ 20.228133231860436, 39.662953630517563 ], [ 20.302386069276309, 39.728689598663557 ], [ 20.301808555593333, 39.813844060271215 ], [ 20.390031773933337, 39.788344752530868 ], [ 20.357068138752961, 39.980445094586095 ], [ 20.448093320762997, 40.058104343944649 ], [ 20.612133236464718, 40.079470219043891 ], [ 20.779029424802307, 40.348685982275434 ], [ 21.055437183541162, 40.616891600629422 ], [ 20.981911624541716, 40.855145423332161 ], [ 21.788881704440904, 40.932026856769866 ], [ 21.929826041330671, 41.099240521614973 ], [ 22.216709802462518, 41.170050484465072 ], [ 22.330868628629332, 41.121288197510971 ], [ 22.391774579679776, 41.134385746072248 ], [ 22.725309236990999, 41.161032501906739 ], [ 22.777852081551046, 41.308686848781164 ], [ 22.879852751338312, 41.341545387969589 ], [ 22.926634161104325, 41.337740662888194 ], [ 23.623819335918558, 41.375527997639473 ], [ 24.028153060598072, 41.457474761557116 ], [ 24.061459516632684, 41.522037588589001 ], [ 24.517384659006815, 41.548575616124189 ], [ 24.785365848403167, 41.360801658135983 ], [ 24.901161500779246, 41.382694256679706 ], [ 25.17792938696773, 41.310356313583313 ], [ 25.225201506711954, 41.263696878491366 ], [ 25.906797415886007, 41.30642524140017 ], [ 25.94744614194952, 41.320708318114832 ], [ 26.108480285268421, 41.357078768075432 ], [ 26.163419529763551, 41.424610144166074 ], [ 26.171808885606779, 41.539204090270829 ], [ 26.131010584720851, 41.622417132652977 ], [ 26.109690352718271, 41.667639260373079 ], [ 26.090718050333884, 41.707832000766622 ], [ 26.359091293977958, 41.710154913679197 ], [ 26.444343295915953, 41.668153148535332 ], [ 26.539540001589913, 41.622074441098412 ], [ 26.578514365687298, 41.601604308780431 ], [ 26.619896474263665, 41.374083484636294 ], [ 26.34246249858683, 41.237250943722536 ], [ 26.346447246296446, 40.962736875101953 ] ] ], [ [ [ 26.408782039832399, 39.266190907406724 ], [ 26.59492472030923, 39.043458167435041 ], [ 26.514137006085051, 38.978430635717089 ], [ 26.166841167805771, 39.028600718127315 ], [ 26.166067792627057, 39.154169355901743 ], [ 26.037650497278474, 39.096828812039824 ], [ 25.85898676222687, 39.182343442316323 ], [ 25.902597833938092, 39.272609998490424 ], [ 26.170217284425817, 39.327669623104903 ], [ 26.188854855693638, 39.373297713697234 ], [ 26.341611914304103, 39.382229017817302 ], [ 26.420677319951491, 39.326892695069176 ], [ 26.408782039832399, 39.266190907406724 ] ] ], [ [ [ 26.481319919233933, 36.592249480686917 ], [ 26.389428387706278, 36.552646210937034 ], [ 26.380101585026566, 36.498405013992027 ], [ 26.275603092806339, 36.521476013298717 ], [ 26.246278803678752, 36.587151388791817 ], [ 26.38307319187345, 36.584042222980322 ], [ 26.366382103092203, 36.659172248067492 ], [ 26.426261348360857, 36.664893590065368 ], [ 26.481319919233933, 36.592249480686917 ] ] ], [ [ [ 26.10675668825689, 37.551349562680223 ], [ 26.055457897769713, 37.511311505839672 ], [ 25.962467628742417, 37.515559288090486 ], [ 26.059054306158682, 37.629281881429598 ], [ 26.202315188578165, 37.630250493525018 ], [ 26.306669765607502, 37.686617538178353 ], [ 26.35208183778618, 37.657785873759771 ], [ 26.218531979691445, 37.566978018269076 ], [ 26.10675668825689, 37.551349562680223 ] ] ], [ [ [ 24.318923273155029, 35.353043572392551 ], [ 24.928507520764445, 35.406909662445287 ], [ 25.168473041319743, 35.346572331815132 ], [ 25.491368459903601, 35.29716190487153 ], [ 25.69150004185456, 35.318941867868375 ], [ 25.786959081255254, 35.12316901991683 ], [ 26.224181951629884, 35.242287936146703 ], [ 26.265693294843857, 35.171964106503779 ], [ 26.112344044652911, 35.012685157005436 ], [ 25.550333026180986, 34.99144236481915 ], [ 25.166967984425384, 34.953562737158968 ], [ 24.786323214235935, 34.941600326504933 ], [ 24.722876220430251, 35.091397699020121 ], [ 24.28750906015258, 35.17671712872059 ], [ 23.612192492957558, 35.235445553264888 ], [ 23.534132530714537, 35.337511461201913 ], [ 23.582750470156778, 35.525251352654202 ], [ 23.699310807781288, 35.51956106326287 ], [ 23.745610830842132, 35.656531812739289 ], [ 23.843933386583107, 35.537353465814341 ], [ 24.164176277037186, 35.574477823010142 ], [ 24.190835138152952, 35.470503021307309 ], [ 24.318923273155029, 35.353043572392551 ] ] ], [ [ [ 26.002361248097731, 38.605708854562245 ], [ 26.114849868392497, 38.544869031555976 ], [ 26.166759662256148, 38.554633236875283 ], [ 26.136269836100176, 38.415742413946994 ], [ 26.159713612302799, 38.30948464574891 ], [ 26.104879190930159, 38.272348305930272 ], [ 26.100406038089581, 38.210358232583516 ], [ 26.011154826376043, 38.14650130213662 ], [ 25.865539336571018, 38.243074520428202 ], [ 25.994946068387925, 38.342109187015865 ], [ 25.988797604024171, 38.389615262839229 ], [ 25.831796969707661, 38.543703016602343 ], [ 25.850046651511182, 38.575495439482069 ], [ 26.002361248097731, 38.605708854562245 ] ] ], [ [ [ 26.07912166525022, 36.918773502810339 ], [ 25.990749450397765, 36.850240433042465 ], [ 25.939756924626462, 36.868291913927067 ], [ 25.911540806467972, 36.805662515337602 ], [ 25.814345188392092, 36.757111697968064 ], [ 25.756491128462756, 36.790187391797119 ], [ 25.889544467597645, 36.904785835350474 ], [ 25.909679671724099, 36.887392698895745 ], [ 26.042033759303724, 36.967044494390336 ], [ 26.07912166525022, 36.918773502810339 ] ] ], [ [ [ 25.838661412605873, 36.380756101493567 ], [ 25.787765350890311, 36.321976547658195 ], [ 25.694468999390534, 36.363433989586582 ], [ 25.761036447348751, 36.43122299248455 ], [ 25.838661412605873, 36.380756101493567 ] ] ], [ [ [ 25.701953836883074, 40.421398190235031 ], [ 25.556932223705072, 40.393704791046332 ], [ 25.442511838734049, 40.474513673092908 ], [ 25.564840030586932, 40.512975895839951 ], [ 25.662253862883109, 40.495035058450576 ], [ 25.701953836883074, 40.421398190235031 ] ] ], [ [ [ 25.639466904264413, 38.596453108972035 ], [ 25.623785434935204, 38.515459550409084 ], [ 25.54095458843301, 38.538333506490517 ], [ 25.531620759779528, 38.588601736924609 ], [ 25.594274660881918, 38.629410550134814 ], [ 25.639466904264413, 38.596453108972035 ] ] ], [ [ [ 25.54977109042192, 36.957451541694404 ], [ 25.451301357369509, 36.918044871769766 ], [ 25.385874015312496, 36.979987147183195 ], [ 25.35680001348031, 37.066096028402946 ], [ 25.376810908132285, 37.109269453011024 ], [ 25.528698666058844, 37.200332021727476 ], [ 25.599585293124147, 37.116483795965522 ], [ 25.54977109042192, 36.957451541694404 ] ] ], [ [ [ 25.497130528254509, 36.352482131754087 ], [ 25.437812408369787, 36.315885218161149 ], [ 25.404176708649867, 36.34938938096559 ], [ 25.447672600147172, 36.453749460682189 ], [ 25.500130827072052, 36.412439568589058 ], [ 25.497130528254509, 36.352482131754087 ] ] ], [ [ [ 25.443550476003409, 37.451387111833519 ], [ 25.403286730564322, 37.411553768643593 ], [ 25.301575449240477, 37.437496179015213 ], [ 25.310829022884089, 37.49404262506544 ], [ 25.408663707904207, 37.496609742852407 ], [ 25.443550476003409, 37.451387111833519 ] ] ], [ [ [ 25.165803273638971, 39.992140378950232 ], [ 25.298587567760304, 39.959649661634849 ], [ 25.396223074809424, 39.990515706527866 ], [ 25.41857302092161, 39.963775319614463 ], [ 25.340959367534094, 39.806909421576769 ], [ 25.232267501167815, 39.893642466216633 ], [ 25.166643073073494, 39.799687057324867 ], [ 25.052091788410085, 39.907961169549878 ], [ 25.071475044325702, 39.974441186533085 ], [ 25.165803273638971, 39.992140378950232 ] ] ], [ [ [ 25.405859097222709, 36.714080429102964 ], [ 25.358694144766975, 36.640536822825233 ], [ 25.251442408763573, 36.730233050371503 ], [ 25.271391982786088, 36.789697737093896 ], [ 25.405859097222709, 36.714080429102964 ] ] ], [ [ [ 25.275955911813224, 37.369682622719914 ], [ 25.196087633159035, 37.322292253955375 ], [ 25.186946589888581, 37.421296437983401 ], [ 25.25873020536099, 37.463052397411104 ], [ 25.275955911813224, 37.369682622719914 ] ] ], [ [ [ 25.264746390806604, 37.055635199430156 ], [ 25.168394893732945, 36.978429116210627 ], [ 25.04293438948633, 37.00338033993863 ], [ 25.166715509464048, 37.127345088114311 ], [ 25.247201856652616, 37.11657143110417 ], [ 25.264746390806604, 37.055635199430156 ] ] ], [ [ [ 25.226898701725538, 37.537878621287838 ], [ 25.169251891491186, 37.52863460647621 ], [ 24.996551609800807, 37.658474597579847 ], [ 25.03176013517394, 37.676062193249642 ], [ 25.231592868302787, 37.62069867580923 ], [ 25.226898701725538, 37.537878621287838 ] ] ], [ [ [ 25.177558707837687, 36.674937881912129 ], [ 25.114706900493818, 36.622448407808427 ], [ 25.054307897466416, 36.660127246842677 ], [ 25.067823614427063, 36.706720142377002 ], [ 25.167958218164607, 36.725294258848841 ], [ 25.177558707837687, 36.674937881912129 ] ] ], [ [ [ 25.079537472116275, 39.537591384444923 ], [ 24.97803421406573, 39.439906101333769 ], [ 24.955511667365862, 39.496702085172181 ], [ 25.007455270717315, 39.581295125446481 ], [ 25.079537472116275, 39.537591384444923 ] ] ], [ [ [ 24.982313825191937, 37.751239631867321 ], [ 24.939749079663457, 37.716237414207185 ], [ 24.816194889233458, 37.819264607249217 ], [ 24.713897671698415, 37.893258505959551 ], [ 24.723841070971908, 37.970550946854729 ], [ 24.936586827264925, 37.890741978935225 ], [ 24.972686785831716, 37.817736795525903 ], [ 24.982313825191937, 37.751239631867321 ] ] ], [ [ [ 24.973924387479681, 36.573228546354663 ], [ 24.895364021233199, 36.557986512709569 ], [ 24.860987467679564, 36.621551207764419 ], [ 24.935990297706677, 36.6838501922172 ], [ 24.973924387479681, 36.573228546354663 ] ] ], [ [ [ 24.94685319579153, 37.385583988500237 ], [ 24.880735341250787, 37.368249349738797 ], [ 24.870017329751406, 37.430285562530024 ], [ 24.884309427018753, 37.511558426062024 ], [ 24.944560124324692, 37.485745354848909 ], [ 24.94685319579153, 37.385583988500237 ] ] ], [ [ [ 24.775833664262667, 36.946214421738972 ], [ 24.71207815301873, 36.905224083558714 ], [ 24.646041898652882, 36.982915228911708 ], [ 24.695571184181905, 37.037793835702161 ], [ 24.775833664262667, 36.946214421738972 ] ] ], [ [ [ 24.766360864738946, 40.625592489834368 ], [ 24.616478520259875, 40.560224124088862 ], [ 24.617316626165412, 40.594803504840584 ], [ 24.53774277208586, 40.627505253144079 ], [ 24.524623721678907, 40.680346435600143 ], [ 24.572132115036077, 40.758863994676119 ], [ 24.657120022230771, 40.794749366096951 ], [ 24.768952926902788, 40.713138738668242 ], [ 24.766360864738946, 40.625592489834368 ] ] ], [ [ [ 24.690960154507163, 38.789247904128615 ], [ 24.623817334635227, 38.741640868440534 ], [ 24.532716973198859, 38.792629981980028 ], [ 24.558252898780857, 38.828118339365034 ], [ 24.42836590646235, 38.880255529643058 ], [ 24.486392738316468, 38.982642341496017 ], [ 24.577262135586935, 38.929458341643411 ], [ 24.575053543980545, 38.871884922461099 ], [ 24.690960154507163, 38.789247904128615 ] ] ], [ [ [ 24.661695436882233, 36.780858620850786 ], [ 24.656958545980537, 36.742143995058484 ], [ 24.50703924868909, 36.795783773334797 ], [ 24.557240530431443, 36.855253820580629 ], [ 24.661695436882233, 36.780858620850786 ] ] ], [ [ [ 24.547907536607141, 37.137458170373627 ], [ 24.493607551323084, 37.108769723290401 ], [ 24.428715940795112, 37.144316131711967 ], [ 24.467682455913536, 37.214843573619198 ], [ 24.533551946330448, 37.20000388703761 ], [ 24.547907536607141, 37.137458170373627 ] ] ], [ [ [ 24.542784406677907, 36.704343456645411 ], [ 24.471852762794217, 36.659701397620722 ], [ 24.321759670875629, 36.662038424527807 ], [ 24.345053105053758, 36.741975550402664 ], [ 24.411795888137611, 36.766476327992073 ], [ 24.517073065618735, 36.761732746955467 ], [ 24.542784406677907, 36.704343456645411 ] ] ], [ [ [ 24.427815631323991, 37.336950804349634 ], [ 24.377171698841234, 37.326176706706086 ], [ 24.365918286267078, 37.420649039100851 ], [ 24.406037347817776, 37.463194312465674 ], [ 24.466924802336962, 37.407456141817342 ], [ 24.427815631323991, 37.336950804349634 ] ] ], [ [ [ 24.41627135507558, 37.65869561075413 ], [ 24.292824043775486, 37.51757690003538 ], [ 24.257592069402399, 37.580874226300793 ], [ 24.291873093496786, 37.661434048194302 ], [ 24.350399875868611, 37.691937961759621 ], [ 24.41627135507558, 37.65869561075413 ] ] ], [ [ [ 24.158939814527798, 34.859775015152699 ], [ 24.10943838731135, 34.793078846281247 ], [ 24.000013762735247, 34.865711073816591 ], [ 24.052275143152222, 34.894854471463134 ], [ 24.158939814527798, 34.859775015152699 ] ] ], [ [ [ 24.133138694110208, 39.361742216815131 ], [ 24.110591469788439, 39.291013819259589 ], [ 23.999842179843764, 39.304900333158201 ], [ 24.085285226209965, 39.403466577193029 ], [ 24.133138694110208, 39.361742216815131 ] ] ], [ [ [ 24.037363263984975, 39.100448966373435 ], [ 23.990897471191328, 39.065594882102602 ], [ 23.918522854721974, 39.124716106184913 ], [ 23.942289982062377, 39.18603892268645 ], [ 23.893552797491047, 39.206985505732526 ], [ 23.951719876170543, 39.279513638909123 ], [ 23.985504849275756, 39.189004459365663 ], [ 24.038610351963076, 39.171994760593506 ], [ 24.037363263984975, 39.100448966373435 ] ] ], [ [ [ 24.004404142224384, 37.445116341667763 ], [ 23.904957295701159, 37.432082659636187 ], [ 23.852617265469625, 37.497727479142007 ], [ 23.960246056200482, 37.516561060876064 ], [ 24.004404142224384, 37.445116341667763 ] ] ], [ [ [ 23.986071919531085, 36.812767376164125 ], [ 23.891500506003368, 36.785171447287674 ], [ 23.829094567241938, 36.850077090589679 ], [ 23.921304460707308, 36.882729612053858 ], [ 23.986071919531085, 36.812767376164125 ] ] ], [ [ [ 23.781569282352674, 39.130614939308103 ], [ 23.73049459073771, 39.073183923849122 ], [ 23.658796312168764, 39.085738417234928 ], [ 23.62678017589803, 39.15272470024081 ], [ 23.648690171629443, 39.172733560799344 ], [ 23.781569282352674, 39.130614939308103 ] ] ], [ [ [ 23.67951613750542, 39.972784699632903 ], [ 23.674432133351917, 39.9157294268051 ], [ 23.596423352471103, 39.919775193115441 ], [ 23.463325024922213, 39.968386806207938 ], [ 23.357086006516987, 39.957669911719201 ], [ 23.380457254811862, 40.000641968732943 ], [ 23.304640297449641, 40.101128672302032 ], [ 23.325777073910579, 40.167508338965042 ], [ 23.395373487870181, 40.139469122300625 ], [ 23.492013209735383, 40.036012344877165 ], [ 23.67951613750542, 39.972784699632903 ] ] ], [ [ [ 23.53087932251384, 37.688085288827295 ], [ 23.47834892304985, 37.667832515810836 ], [ 23.41103006072597, 37.765379405447014 ], [ 23.544131086583231, 37.771831666524086 ], [ 23.53087932251384, 37.688085288827295 ] ] ], [ [ [ 23.49978081298568, 36.935336153756971 ], [ 23.537987943275212, 36.832505217908746 ], [ 23.446078121253578, 36.852738578159197 ], [ 23.415120720597205, 36.940577334996824 ], [ 23.49978081298568, 36.935336153756971 ] ] ], [ [ [ 23.519002102749202, 37.384185461810212 ], [ 23.534312135118853, 37.287037660523517 ], [ 23.408037827866146, 37.328315393483024 ], [ 23.442982565749482, 37.383516888314396 ], [ 23.519002102749202, 37.384185461810212 ] ] ], [ [ [ 23.526162561032983, 39.197010179306481 ], [ 23.488463734974982, 39.10059877090255 ], [ 23.415366482481566, 39.140897899740189 ], [ 23.426743698777361, 39.213271567585572 ], [ 23.526162561032983, 39.197010179306481 ] ] ], [ [ [ 23.207977469561399, 37.273337917915114 ], [ 23.171137818401089, 37.206761701924634 ], [ 23.106232937756282, 37.208910155763078 ], [ 23.085093901770431, 37.260462415328909 ], [ 23.113796700696135, 37.302742721269638 ], [ 23.207977469561399, 37.273337917915114 ] ] ], [ [ [ 23.11489986886842, 39.177787848970027 ], [ 23.140193799980256, 39.074982063734332 ], [ 23.03654083302732, 39.086812076067162 ], [ 23.063672743768407, 39.187078073257389 ], [ 23.11489986886842, 39.177787848970027 ] ] ], [ [ [ 23.053822580494224, 36.218252617730414 ], [ 23.044634695527122, 36.13150824987693 ], [ 22.944402720869689, 36.157148066457786 ], [ 22.900610370232386, 36.232740807214597 ], [ 22.893114142269727, 36.321791218825638 ], [ 22.951438976914595, 36.380838752582832 ], [ 23.002689081810004, 36.308826402800094 ], [ 23.089808322654275, 36.24793145104357 ], [ 23.053822580494224, 36.218252617730414 ] ] ], [ [ [ 23.021087883807532, 38.867121476379396 ], [ 22.958110311495222, 38.815600249730494 ], [ 22.860989145177278, 38.858737674080494 ], [ 22.9248203200547, 38.914821936499422 ], [ 23.021087883807532, 38.867121476379396 ] ] ], [ [ [ 20.952421715948322, 38.595682734086729 ], [ 20.891129608553289, 38.519733996453901 ], [ 20.85500293002173, 38.59757788104443 ], [ 20.88824462234831, 38.651398869968254 ], [ 20.953764384715704, 38.646222469465492 ], [ 20.952421715948322, 38.595682734086729 ] ] ], [ [ [ 20.753844780288492, 37.860026117071264 ], [ 20.868145217749163, 37.819313280154105 ], [ 20.897195933554247, 37.742180667040195 ], [ 20.825998899570916, 37.662724496867241 ], [ 20.630047789535762, 37.818669829092087 ], [ 20.639615379302576, 37.879834762924382 ], [ 20.694231826852068, 37.919792036642271 ], [ 20.753844780288492, 37.860026117071264 ] ] ], [ [ [ 20.626795315647342, 38.326042325179941 ], [ 20.626640319233182, 38.259242011640026 ], [ 20.671520183173936, 38.279569549440154 ], [ 20.811212769749435, 38.111693902939535 ], [ 20.793401355458066, 38.065312988616292 ], [ 20.700863055292015, 38.0711723588553 ], [ 20.607912187296396, 38.118466916753995 ], [ 20.565505020023071, 38.090928783179578 ], [ 20.441542248528307, 38.162224972943235 ], [ 20.338355329009499, 38.189618097755321 ], [ 20.401306337743755, 38.327879216982375 ], [ 20.489022919585722, 38.311356026744143 ], [ 20.535318148477248, 38.340804864689758 ], [ 20.537827825829073, 38.467222164681026 ], [ 20.582302829518856, 38.462302793392112 ], [ 20.626795315647342, 38.326042325179941 ] ] ], [ [ [ 20.777339687558889, 38.311438515933723 ], [ 20.696676086215177, 38.306702988560765 ], [ 20.624071362548683, 38.462270771160554 ], [ 20.708491791732694, 38.445925568532104 ], [ 20.692441297057815, 38.410862346229472 ], [ 20.777339687558889, 38.311438515933723 ] ] ], [ [ [ 20.752420616011996, 38.632205823592948 ], [ 20.614877927178618, 38.601501172484333 ], [ 20.559473876758226, 38.626059614289161 ], [ 20.557451077989697, 38.679252315179731 ], [ 20.601532088798617, 38.780317062814945 ], [ 20.648433801417461, 38.832690584243089 ], [ 20.7170753411257, 38.845771038357171 ], [ 20.752420616011996, 38.632205823592948 ] ] ], [ [ [ 19.940986148775337, 39.499685449037095 ], [ 20.000770166512087, 39.452131867156886 ], [ 19.981663327668041, 39.419611492469194 ], [ 19.890990374863939, 39.449625495167268 ], [ 19.640053761274984, 39.755351644677198 ], [ 19.703067676516383, 39.797335944954241 ], [ 19.924841281883449, 39.786421408794652 ], [ 19.867691098643974, 39.691103830454757 ], [ 19.940986148775337, 39.499685449037095 ] ] ] ] } },
{ "type": "Feature", "properties": { "id": "AL", "na": "Shqipëria", "name": null, "progress": null, "gender": null, "rating": null, "col": null, "dob": null, "car": null }, "geometry": { "type": "Polygon", "coordinates": [ [ [ 20.07489073472917, 42.556530570867572 ], [ 20.266740730935371, 42.399480797786637 ], [ 20.486752178446711, 42.218364957451172 ], [ 20.590302625150244, 42.030667872910868 ], [ 20.589620482363042, 41.984811909221087 ], [ 20.59272528081878, 41.876544800100646 ], [ 20.561592985848257, 41.845396775393233 ], [ 20.525673114001002, 41.722881633097032 ], [ 20.538278003105777, 41.668722031965082 ], [ 20.548444900928232, 41.621706333552709 ], [ 20.556180912525484, 41.581836053704606 ], [ 20.476670354013748, 41.544313218982239 ], [ 20.540230860040975, 41.404350926370313 ], [ 20.503339977734601, 41.316374908705271 ], [ 20.59949088869644, 41.09242603564261 ], [ 20.667976268681141, 41.068960229526489 ], [ 20.738252061343676, 40.930312579563662 ], [ 20.839229250604816, 40.928447039671155 ], [ 20.981911624541716, 40.855145423332161 ], [ 21.055437183541162, 40.616891600629422 ], [ 20.779029424802307, 40.348685982275434 ], [ 20.612133236464718, 40.079470219043891 ], [ 20.448093320762997, 40.058104343944649 ], [ 20.357068138752961, 39.980445094586095 ], [ 20.390031773933337, 39.788344752530868 ], [ 20.301808555593333, 39.813844060271215 ], [ 20.302386069276309, 39.728689598663557 ], [ 20.228133231860436, 39.662953630517563 ], [ 20.009258460161, 39.690392773202305 ], [ 19.9856555920604, 39.858346869908878 ], [ 19.87401775566051, 40.009942916471438 ], [ 19.391973201161463, 40.312494661777087 ], [ 19.467236288602844, 40.433828546520367 ], [ 19.319451023886778, 40.645406505431922 ], [ 19.441163263072568, 41.001026705314551 ], [ 19.518313378193817, 41.268998946934829 ], [ 19.428422780690621, 41.369364563328951 ], [ 19.558815215408348, 41.577138590384095 ], [ 19.565877559336752, 41.622341573692459 ], [ 19.572954012312504, 41.667541839128553 ], [ 19.590351191820986, 41.778271034750098 ], [ 19.519528970534207, 41.84010186458427 ], [ 19.373772817605886, 41.844721340406721 ], [ 19.377012595587054, 41.984290067421917 ], [ 19.377603756064172, 42.08282450118989 ], [ 19.321415476760496, 42.218736895872958 ], [ 19.471508273670555, 42.399550122460695 ], [ 19.618190379359504, 42.575922810037504 ], [ 19.727475302736643, 42.63192836043207 ], [ 19.731869534981421, 42.636090119509255 ], [ 19.735154139433288, 42.633480481905167 ], [ 19.829982672530139, 42.466054266907214 ], [ 20.07489073472917, 42.556530570867572 ] ] ] } },
{ "type": "Feature", "properties": { "id": "MK", "na": "Severna Makedonija", "name": null, "progress": null, "gender": null, "rating": null, "col": null, "dob": null, "car": null }, "geometry": { "type": "Polygon", "coordinates": [ [ [ 22.509189519625252, 42.156170642482493 ], [ 22.866238189198121, 42.023251935691718 ], [ 22.883756088781286, 41.984118948496409 ], [ 22.997784428813834, 41.741104434866223 ], [ 22.99314756793617, 41.667941409641685 ], [ 22.990709056086917, 41.622152943048398 ], [ 22.968703184253275, 41.518984241673685 ], [ 22.926634161104325, 41.337740662888194 ], [ 22.879852751338312, 41.341545387969589 ], [ 22.777852081551046, 41.308686848781164 ], [ 22.725309236990999, 41.161032501906739 ], [ 22.391774579679776, 41.134385746072248 ], [ 22.330868628629332, 41.121288197510971 ], [ 22.216709802462518, 41.170050484465072 ], [ 21.929826041330671, 41.099240521614973 ], [ 21.788881704440904, 40.932026856769866 ], [ 20.981911624541716, 40.855145423332161 ], [ 20.839229250604816, 40.928447039671155 ], [ 20.738252061343676, 40.930312579563662 ], [ 20.667976268681141, 41.068960229526489 ], [ 20.59949088869644, 41.09242603564261 ], [ 20.503339977734601, 41.316374908705271 ], [ 20.540230860040975, 41.404350926370313 ], [ 20.476670354013748, 41.544313218982239 ], [ 20.556180912525484, 41.581836053704606 ], [ 20.548444900928232, 41.621706333552709 ], [ 20.538278003105777, 41.668722031965082 ], [ 20.525673114001002, 41.722881633097032 ], [ 20.561592985848257, 41.845396775393233 ], [ 20.59272528081878, 41.876544800100646 ], [ 20.746110355778967, 41.892297560527879 ], [ 20.747696484409968, 41.984007868282724 ], [ 20.769776609849064, 42.025272530724841 ], [ 21.094351460400528, 42.187376185659417 ], [ 21.212914251116484, 42.109818240259827 ], [ 21.443620337916304, 42.235410724409348 ], [ 21.468624902994179, 42.269333071710498 ], [ 21.585876709946508, 42.262740824489434 ], [ 22.255944985331045, 42.348655543093663 ], [ 22.359532777424523, 42.310611366044597 ], [ 22.448151404532911, 42.21905179695608 ], [ 22.509189519625252, 42.156170642482493 ] ] ] } },
{ "type": "Feature", "properties": { "id": "TR", "na": "Türkiye", "name": null, "progress": null, "gender": null, "rating": null, "col": null, "dob": null, "car": null }, "geometry": { "type": "MultiPolygon", "coordinates": [ [ [ [ 35.512177097265301, 41.635479683317321 ], [ 35.685296032343565, 41.668267832066654 ], [ 35.927404952658932, 41.715704052333201 ], [ 36.02275760719143, 41.668666847319152 ], [ 36.114522758485982, 41.622475814791699 ], [ 36.15380617535952, 41.442533561310874 ], [ 36.398133341676967, 41.26373881325727 ], [ 36.510258299712547, 41.263923242713204 ], [ 36.710010730945839, 41.371078459660296 ], [ 36.949521286706315, 41.301848633801967 ], [ 37.153667741538911, 41.148598399101196 ], [ 37.542177464826345, 41.035191205463533 ], [ 37.750503323840448, 41.106809691172849 ], [ 37.88647076743618, 40.99284938981215 ], [ 38.110509891884504, 40.958302619782749 ], [ 38.4908534675154, 40.917417588446128 ], [ 39.180985637353309, 41.074414559990451 ], [ 39.450155217798908, 41.095247885325833 ], [ 39.629357074233027, 41.008167648874512 ], [ 40.129871078202562, 40.9206409402533 ], [ 40.329999712570817, 40.987553738971343 ], [ 40.674973870810163, 41.072881209161679 ], [ 41.250385633669467, 41.329547517315184 ], [ 41.548034970569269, 41.520784190344685 ], [ 41.816124753936037, 41.448374264536817 ], [ 41.959300399045063, 41.51002149626715 ], [ 42.17636222351765, 41.50987171432628 ], [ 42.466700236732216, 41.447464830518612 ], [ 42.513951228636031, 41.438579086590579 ], [ 42.615890230908406, 41.579695481001963 ], [ 42.797319676776944, 41.585610768695226 ], [ 42.828819726158699, 41.501196993529554 ], [ 43.164037663588189, 41.30805191391314 ], [ 43.236786057959073, 41.191625410308056 ], [ 43.401212581331251, 41.189843423731027 ], [ 43.474165389907803, 41.122137644939976 ], [ 43.468408088218617, 41.0578714793442 ], [ 43.65694497267679, 40.933873411752202 ], [ 43.741708688831302, 40.750923563077322 ], [ 43.5994773815559, 40.468036083719085 ], [ 43.696274011592962, 40.182433033806667 ], [ 43.654626258455174, 40.131218095309812 ], [ 43.924234159514668, 40.020627740310246 ], [ 44.088081618324111, 40.021922213401972 ], [ 44.336158772109563, 40.02371935209969 ], [ 44.601854665018806, 39.833281528007518 ], [ 44.769444990292307, 39.713390563795372 ], [ 44.811735264940957, 39.630740773626016 ], [ 44.643174086252074, 39.748683803099361 ], [ 44.601410289503278, 39.752058637613352 ], [ 44.50173017006491, 39.717964959486743 ], [ 44.401674234401, 39.432656505736169 ], [ 44.085765237852044, 39.370798130885305 ], [ 44.04931494159927, 39.362185953054762 ], [ 44.086972658188643, 39.311319754098946 ], [ 44.198274088890955, 39.149322731449807 ], [ 44.175159183854348, 38.985749237493266 ], [ 44.288334761198499, 38.827679727683368 ], [ 44.318964952195593, 38.415053593390553 ], [ 44.457570139202488, 38.330516494223772 ], [ 44.237351225605209, 37.917161979615777 ], [ 44.462348776844067, 37.809362467511981 ], [ 44.591922013999394, 37.710462339750094 ], [ 44.603462726591893, 37.462290745227413 ], [ 44.798778216474048, 37.310352620681776 ], [ 44.793507421600495, 37.176912400640902 ], [ 44.604196956004969, 37.159243615320406 ], [ 44.295958154900106, 36.98530235030713 ], [ 44.21434470925972, 37.073074619781451 ], [ 44.238315794074005, 37.243293133160726 ], [ 44.158962294151031, 37.300576321039784 ], [ 44.086933159050346, 37.308310813562258 ], [ 44.031801410958735, 37.312037260123894 ], [ 43.861526962748719, 37.229159580238544 ], [ 43.423293074166914, 37.275604473443664 ], [ 43.173833018474035, 37.363002609525346 ], [ 42.784498566357563, 37.37099184827909 ], [ 42.571552500888821, 37.162542738112172 ], [ 42.468036971612804, 37.13648684201744 ], [ 42.356178304973199, 37.108459063424348 ], [ 42.329087802048583, 37.240086491949469 ], [ 42.210326452849628, 37.280121302975793 ], [ 41.664773252662805, 37.103164602773241 ], [ 40.793125664072605, 37.117949152470352 ], [ 40.225386127475751, 36.902744832482533 ], [ 39.819867843040356, 36.757117320839122 ], [ 39.239504901453685, 36.671696115815806 ], [ 38.744487886476115, 36.707463437390082 ], [ 38.380801838629431, 36.894075290704926 ], [ 38.04720021924367, 36.846374924315981 ], [ 37.58499011527843, 36.704897013614335 ], [ 37.155321044588426, 36.661891868634108 ], [ 36.680029174521188, 36.833483807690534 ], [ 36.658083168119859, 36.832734964966214 ], [ 36.561984754107741, 36.528806182119752 ], [ 36.673740001181358, 36.249988193426297 ], [ 36.410560108473334, 36.20765692826425 ], [ 36.362774130912548, 36.011509520737761 ], [ 36.115802199466422, 35.858889135844997 ], [ 35.915353210836543, 35.928494944092769 ], [ 35.945191211122911, 36.062986271252697 ], [ 35.818515669317364, 36.327938449139467 ], [ 36.204341792337082, 36.677819023628068 ], [ 36.134741907832954, 36.857595031978413 ], [ 35.962366614363454, 36.90435003630585 ], [ 35.685886833184611, 36.756134582776752 ], [ 35.548046543680698, 36.573371430110832 ], [ 35.328240186119835, 36.558527563667994 ], [ 34.899409834581085, 36.738259485496179 ], [ 34.622183375098885, 36.789507090745069 ], [ 34.229037023449436, 36.529033036604019 ], [ 34.021921091069999, 36.29448025985316 ], [ 33.858797490428692, 36.292263406712188 ], [ 33.72644818560903, 36.175171158526702 ], [ 32.960834772220387, 36.091975706319829 ], [ 32.788619183127302, 36.026457881439704 ], [ 32.57633011578443, 36.09342332519283 ], [ 32.331096745818051, 36.210364521103173 ], [ 32.045361196856987, 36.52961817899547 ], [ 31.276169720971506, 36.816679621801882 ], [ 30.661934488771767, 36.873909109889468 ], [ 30.578061609881694, 36.770477031616259 ], [ 30.551201505369164, 36.529807137169136 ], [ 30.446500766684732, 36.259504780244733 ], [ 30.207148235914062, 36.307782566612644 ], [ 29.763563127199717, 36.139140071496513 ], [ 29.260039014648317, 36.304643286124239 ], [ 29.148366835372837, 36.388835296135341 ], [ 29.023130850236576, 36.688681821786872 ], [ 28.81506812501652, 36.677419526808102 ], [ 28.549041740398099, 36.810631525099467 ], [ 28.324785745496467, 36.829521610415405 ], [ 28.193914748787954, 36.689389783577838 ], [ 28.06402600052574, 36.656412082591366 ], [ 28.103277894695051, 36.779574286288998 ], [ 28.065327307828042, 36.899097140417801 ], [ 28.151737917034609, 37.015393834034974 ], [ 27.292103357648937, 36.997166495850905 ], [ 27.309745659042651, 37.108146847981914 ], [ 27.503628248193408, 37.118563046679704 ], [ 27.582645199686123, 37.222658376005214 ], [ 27.403902419077006, 37.368105170394749 ], [ 27.232217822406295, 37.378939490600843 ], [ 27.183535660214673, 37.572007473761346 ], [ 27.09126059455544, 37.649457690861659 ], [ 27.220659880867803, 37.744624787169286 ], [ 27.264503709683016, 37.874055709196753 ], [ 27.192788566725444, 37.964076764872061 ], [ 26.77688863064888, 38.155444287204446 ], [ 26.533518357124724, 38.16812550695505 ], [ 26.367184742466481, 38.264523782473233 ], [ 26.448008863332735, 38.617903899014472 ], [ 26.689042852976929, 38.408337369574035 ], [ 26.936267242077388, 38.448219547668259 ], [ 26.789286988734755, 38.662844664062675 ], [ 26.955036435975678, 38.863779297643717 ], [ 26.764451039580191, 39.174295721218307 ], [ 26.700304306388901, 39.313407869953899 ], [ 26.882249648334707, 39.528020686146213 ], [ 26.617796493240757, 39.548584675284161 ], [ 26.195261428737144, 39.469761311130291 ], [ 26.096963629045462, 39.521118760268713 ], [ 26.178956303331923, 39.943871757306049 ], [ 27.199958103729497, 40.434757080848186 ], [ 27.507247155408432, 40.305285033102791 ], [ 27.79357394976822, 40.348550936403235 ], [ 27.728765976990264, 40.467552680405106 ], [ 27.761696131125134, 40.505772261615583 ], [ 27.976629452641856, 40.475491537734392 ], [ 27.952221421306724, 40.365855328981844 ], [ 28.166067428934991, 40.395881788390369 ], [ 28.941731603000434, 40.363769756451831 ], [ 29.043183154764712, 40.406896122760422 ], [ 28.991490062893703, 40.466105859271892 ], [ 28.861692416325265, 40.559187840249393 ], [ 29.023622759210436, 40.641961081481661 ], [ 29.547322422199439, 40.696714000433438 ], [ 29.570462346434063, 40.757522370763546 ], [ 29.341916771827666, 40.808001082240786 ], [ 29.051815523758791, 40.970385287514368 ], [ 29.171441846083304, 41.231869397066198 ], [ 29.86705660719932, 41.144152026745459 ], [ 30.355197781068874, 41.183878288950332 ], [ 30.660695023263475, 41.124208279690606 ], [ 30.983421629167331, 41.071506356821182 ], [ 31.295510417197416, 41.116290913750113 ], [ 31.449590208012403, 41.326754828969179 ], [ 32.060953112318934, 41.580686111822885 ], [ 32.144290050343322, 41.62066061914296 ], [ 32.238028471362121, 41.667635348733185 ], [ 32.492506454396469, 41.795484472611285 ], [ 32.735306344179392, 41.850122233799844 ], [ 33.229209825727359, 41.984230610849252 ], [ 33.333356331396466, 42.013780473845586 ], [ 33.764839009305788, 41.985517435774923 ], [ 34.230245247762539, 41.953993507746404 ], [ 34.721352145197372, 41.954019711046882 ], [ 34.99611594995789, 42.078654609070981 ], [ 35.11146649665455, 42.013367973826149 ], [ 35.20928928554666, 41.783661683436385 ], [ 35.441481251509757, 41.668347392527885 ], [ 35.512177097265301, 41.635479683317321 ] ] ], [ [ [ 28.034651456506754, 41.983420481477602 ], [ 27.990743358251109, 41.826105357057813 ], [ 28.092687298311262, 41.6677178688387 ], [ 28.123852902882877, 41.622386430894899 ], [ 28.152109421470616, 41.579904345036056 ], [ 28.181278024853622, 41.565196034937266 ], [ 28.956538997681399, 41.259777269789602 ], [ 28.820346222963863, 40.989696394097713 ], [ 28.65840926222576, 40.969498955384324 ], [ 28.229757870396661, 41.071523234760605 ], [ 27.991627912609435, 41.017833621625485 ], [ 27.552669453969493, 40.969683860646398 ], [ 27.287967181400383, 40.698251678760329 ], [ 26.969575260268016, 40.554340160001935 ], [ 26.757827075698845, 40.460937994187937 ], [ 26.72468899999539, 40.378355369882627 ], [ 26.282655474171847, 40.065762542837838 ], [ 26.227045911254507, 40.102967178091369 ], [ 26.263789080464402, 40.31503021821797 ], [ 26.773224572233968, 40.572138167947543 ], [ 26.734090951449016, 40.64393068251924 ], [ 26.151052508855749, 40.59609779054427 ], [ 26.079222856768077, 40.628862741896718 ], [ 26.056248727285265, 40.695290069467028 ], [ 26.032181689658074, 40.729406202550507 ], [ 26.346447246296446, 40.962736875101953 ], [ 26.34246249858683, 41.237250943722536 ], [ 26.619896474263665, 41.374083484636294 ], [ 26.578514365687298, 41.601604308780431 ], [ 26.539540001589913, 41.622074441098412 ], [ 26.444343295915953, 41.668153148535332 ], [ 26.359091293977958, 41.710154913679197 ], [ 26.364884153244049, 41.799677194534894 ], [ 26.535874627109386, 41.838534420621862 ], [ 26.560445403505323, 41.927259303236575 ], [ 26.868211091316532, 41.984446120476015 ], [ 26.947827877659883, 42.00105243420095 ], [ 26.982091452019496, 42.016091559769691 ], [ 27.05918648685698, 42.088808145351869 ], [ 27.277438540691602, 42.090527627812961 ], [ 27.391158255179349, 42.017167174846023 ], [ 27.464464649833943, 41.985661580960759 ], [ 27.557781706039069, 41.945889571313572 ], [ 27.96584624966469, 41.979647258304126 ], [ 28.034651456506754, 41.983420481477602 ] ] ], [ [ [ 28.084925287386909, 36.577568349096126 ], [ 27.963453552773267, 36.535831033323838 ], [ 27.924805059001304, 36.613400426654138 ], [ 28.070024647581057, 36.613189021179529 ], [ 28.084925287386909, 36.577568349096126 ] ] ], [ [ [ 28.001580267441522, 36.762004812468753 ], [ 27.835529000292645, 36.749730734375802 ], [ 27.766945925510601, 36.779239760351544 ], [ 27.823522588499237, 36.810409346821139 ], [ 27.997103383348481, 36.797908357135796 ], [ 28.001580267441522, 36.762004812468753 ] ] ], [ [ [ 27.719889819851929, 40.615863709287297 ], [ 27.571217022644745, 40.570699193022989 ], [ 27.519160066502153, 40.594064317314562 ], [ 27.527597469455483, 40.63676167578727 ], [ 27.637032705947558, 40.672836128827257 ], [ 27.719889819851929, 40.615863709287297 ] ] ], [ [ [ 27.715704554694238, 36.782037686000912 ], [ 27.673843201127422, 36.65930839769316 ], [ 27.515467511088321, 36.675379615036697 ], [ 27.477897520672997, 36.649804963890887 ], [ 27.401055269066433, 36.687596529903686 ], [ 27.42998862588237, 36.74748640309334 ], [ 27.611396350140236, 36.766890057075649 ], [ 27.645336694515414, 36.804784164292123 ], [ 27.715704554694238, 36.782037686000912 ] ] ], [ [ [ 27.665127762421655, 40.488475828306591 ], [ 27.616798760010287, 40.434407469509637 ], [ 27.550029436132274, 40.4441861437192 ], [ 27.563743173809172, 40.51851643349287 ], [ 27.634662812165672, 40.535921241120832 ], [ 27.665127762421655, 40.488475828306591 ] ] ], [ [ [ 26.763553305116659, 38.464978649287751 ], [ 26.665887290095466, 38.456615780045169 ], [ 26.661334566409963, 38.536507628862353 ], [ 26.751215935100369, 38.555571585911771 ], [ 26.763553305116659, 38.464978649287751 ] ] ], [ [ [ 26.665401224810203, 39.303214815585477 ], [ 26.615088351331529, 39.302660157772138 ], [ 26.576844981061093, 39.376696492377675 ], [ 26.637016379605708, 39.415086012623611 ], [ 26.681052851394259, 39.391160121153959 ], [ 26.665401224810203, 39.303214815585477 ] ] ], [ [ [ 26.113397609356468, 39.771437327278164 ], [ 26.058805547284727, 39.755013275446046 ], [ 25.984043463621919, 39.830106057113213 ], [ 26.096811313337451, 39.862422851585897 ], [ 26.113397609356468, 39.771437327278164 ] ] ], [ [ [ 25.838811525980447, 40.09997263941235 ], [ 25.738817493820235, 40.090763030160339 ], [ 25.663836157332284, 40.123791335460588 ], [ 25.671044786035878, 40.152772213640517 ], [ 25.790948452548136, 40.212166866325589 ], [ 25.943193626691521, 40.240610272141936 ], [ 25.986115102944396, 40.13840995381689 ], [ 25.838811525980447, 40.09997263941235 ] ] ] ] } },
{ "type": "Feature", "properties": { "id": "ME", "na": "Crna Gora", "name": null, "progress": null, "gender": null, "rating": null, "col": null, "dob": null, "car": null }, "geometry": { "type": "Polygon", "coordinates": [ [ [ 20.062322585170143, 43.007313645087471 ], [ 20.224300559113349, 42.949819158893852 ], [ 20.328487200113987, 42.904836193653821 ], [ 20.35327806690573, 42.833475407891711 ], [ 20.065713722281004, 42.743239798791784 ], [ 20.095209498964319, 42.632489600877193 ], [ 20.07489073472917, 42.556530570867572 ], [ 19.829982672530139, 42.466054266907214 ], [ 19.735154139433288, 42.633480481905167 ], [ 19.731869534981421, 42.636090119509255 ], [ 19.727475302736643, 42.63192836043207 ], [ 19.618190379359504, 42.575922810037504 ], [ 19.471508273670555, 42.399550122460695 ], [ 19.321415476760496, 42.218736895872958 ], [ 19.377603756064172, 42.08282450118989 ], [ 19.377012595587054, 41.984290067421917 ], [ 19.373772817605886, 41.844721340406721 ], [ 19.183221974143262, 41.940371435976019 ], [ 19.160787257385987, 41.985983467480601 ], [ 19.143514560586834, 42.01736212540893 ], [ 18.920003411740002, 42.218544626351338 ], [ 18.887344162752392, 42.246643276999222 ], [ 18.743873388563607, 42.29817599211529 ], [ 18.684841427287608, 42.399489115611019 ], [ 18.644417798197811, 42.400678362172656 ], [ 18.577825842451976, 42.399504352592992 ], [ 18.52539521572626, 42.419986933385935 ], [ 18.437497770248356, 42.555600833416776 ], [ 18.533546080107453, 42.632236389237121 ], [ 18.56705732503772, 42.659163549002315 ], [ 18.469238737826171, 42.804758617119013 ], [ 18.50194191475024, 42.980557125503843 ], [ 18.646726094983126, 43.053022287447519 ], [ 18.693611421946695, 43.243589092901146 ], [ 18.888202906489877, 43.341258251715068 ], [ 19.012714340921644, 43.273087888648398 ], [ 19.06339305530522, 43.309807984949217 ], [ 18.958801045751645, 43.458705358975671 ], [ 18.985740403345968, 43.511281949343726 ], [ 19.015238633853375, 43.531577712650027 ], [ 19.225283616151977, 43.526577416906754 ], [ 19.670903768313966, 43.194353593857997 ], [ 20.062322585170143, 43.007313645087471 ] ] ] } },
{ "type": "Feature", "properties": { "id": "BG", "na": "Bulgaria", "name": null, "progress": null, "gender": null, "rating": null, "col": null, "dob": null, "car": null }, "geometry": { "type": "Polygon", "coordinates": [ [ [ 23.631584937061437, 43.791805349315162 ], [ 24.113895631605683, 43.70083527281875 ], [ 24.32316807921627, 43.697012757604163 ], [ 24.47844328357359, 43.751247612779729 ], [ 24.65516776712894, 43.723670077833546 ], [ 25.295876738000967, 43.654791423161591 ], [ 25.545489521013991, 43.642359934380572 ], [ 25.672991555180456, 43.687573942911484 ], [ 25.893695498460009, 43.803802564037056 ], [ 26.117591124539384, 43.967806475389573 ], [ 26.357767332509155, 44.036161369479707 ], [ 26.381894643794617, 44.03924376445925 ], [ 26.950706564234473, 44.138857033118747 ], [ 27.269820810633465, 44.127137398107095 ], [ 27.392895817127211, 44.022580328539789 ], [ 27.696313062972244, 43.986543377730783 ], [ 27.918847323182518, 43.989440424731988 ], [ 28.011705424544807, 43.842722775160013 ], [ 28.223433778139452, 43.765314125242163 ], [ 28.579240900218625, 43.737915830965747 ], [ 28.582134945400419, 43.511332871079212 ], [ 28.495259207857877, 43.399145906422461 ], [ 28.193332198171873, 43.407529692383015 ], [ 28.060671186842594, 43.317330290518655 ], [ 27.942161367992561, 43.184932311017214 ], [ 27.884332457661095, 42.83923356457187 ], [ 27.864096117454569, 42.724177382153151 ], [ 27.717894780199103, 42.66878969975037 ], [ 27.676325578145988, 42.631963088033721 ], [ 27.519791792251713, 42.489815192595351 ], [ 27.697168577499159, 42.400303207869015 ], [ 28.034651456506754, 41.983420481477602 ], [ 27.96584624966469, 41.979647258304126 ], [ 27.557781706039069, 41.945889571313572 ], [ 27.464464649833943, 41.985661580960759 ], [ 27.391158255179349, 42.017167174846023 ], [ 27.277438540691602, 42.090527627812961 ], [ 27.05918648685698, 42.088808145351869 ], [ 26.982091452019496, 42.016091559769691 ], [ 26.947827877659883, 42.00105243420095 ], [ 26.868211091316532, 41.984446120476015 ], [ 26.560445403505323, 41.927259303236575 ], [ 26.535874627109386, 41.838534420621862 ], [ 26.364884153244049, 41.799677194534894 ], [ 26.359091293977958, 41.710154913679197 ], [ 26.090718050333884, 41.707832000766622 ], [ 26.109690352718271, 41.667639260373079 ], [ 26.131010584720851, 41.622417132652977 ], [ 26.171808885606779, 41.539204090270829 ], [ 26.163419529763551, 41.424610144166074 ], [ 26.108480285268421, 41.357078768075432 ], [ 25.94744614194952, 41.320708318114832 ], [ 25.906797415886007, 41.30642524140017 ], [ 25.225201506711954, 41.263696878491366 ], [ 25.17792938696773, 41.310356313583313 ], [ 24.901161500779246, 41.382694256679706 ], [ 24.785365848403167, 41.360801658135983 ], [ 24.517384659006815, 41.548575616124189 ], [ 24.061459516632684, 41.522037588589001 ], [ 24.028153060598072, 41.457474761557116 ], [ 23.623819335918558, 41.375527997639473 ], [ 22.926634161104325, 41.337740662888194 ], [ 22.968703184253275, 41.518984241673685 ], [ 22.990709056086917, 41.622152943048398 ], [ 22.99314756793617, 41.667941409641685 ], [ 22.997784428813834, 41.741104434866223 ], [ 22.883756088781286, 41.984118948496409 ], [ 22.866238189198121, 42.023251935691718 ], [ 22.509189519625252, 42.156170642482493 ], [ 22.448151404532911, 42.21905179695608 ], [ 22.359532777424523, 42.310611366044597 ], [ 22.474804651124888, 42.399924433841676 ], [ 22.528240216125425, 42.441613153044294 ], [ 22.467986750468093, 42.6332827841699 ], [ 22.459905895300682, 42.648095255513482 ], [ 22.441249855624111, 42.825330231579606 ], [ 22.514311776556905, 42.869232230487484 ], [ 22.7478224952416, 42.890654042768226 ], [ 23.006807186886828, 43.193900113974145 ], [ 22.746983503263888, 43.385752524772528 ], [ 22.667394863278666, 43.402608060521509 ], [ 22.520458258109464, 43.510545424554543 ], [ 22.371789029654106, 43.788630233785483 ], [ 22.418427250935942, 43.985382184649261 ], [ 22.534780675596618, 44.044834433649832 ], [ 22.61555525841845, 44.080947110087102 ], [ 22.676498182835882, 44.216086670919097 ], [ 22.964760421079731, 44.099570812352219 ], [ 23.024241779120647, 44.041389953763336 ], [ 22.894168933127251, 43.974960229196085 ], [ 22.856481452220901, 43.876117414414196 ], [ 22.997480160927275, 43.807647391408132 ], [ 23.408167694282241, 43.849029954747621 ], [ 23.631584937061437, 43.791805349315162 ] ] ] } },
{ "type": "Feature", "properties": { "id": "HR", "na": "Hrvatska", "name": null, "progress": null, "gender": null, "rating": null, "col": null, "dob": null, "car": null }, "geometry": { "type": "MultiPolygon", "coordinates": [ [ [ [ 16.875456820664709, 46.321698243643596 ], [ 17.153576806237727, 46.159730428959634 ], [ 17.295501506782518, 45.988121387396411 ], [ 17.554268635901661, 45.931230529678821 ], [ 17.65235659337764, 45.848878124131282 ], [ 17.913988028552598, 45.7908392050686 ], [ 18.440533714944561, 45.754704375589789 ], [ 18.663145758002905, 45.898945764909783 ], [ 18.822466450865782, 45.913222987100077 ], [ 18.890539691512267, 45.921246943672955 ], [ 18.952911676141831, 45.657667299453884 ], [ 18.924544270796137, 45.580053242369836 ], [ 19.067153056192605, 45.522146040320216 ], [ 19.033895349178845, 45.486131549816321 ], [ 19.005766529740587, 45.43366342418949 ], [ 18.997984521270819, 45.386309740064625 ], [ 19.130209055890703, 45.292566193964568 ], [ 19.391579876664125, 45.230593547488034 ], [ 19.423605310927638, 45.168226266769501 ], [ 19.111723787537951, 45.134067179353124 ], [ 19.128493488807329, 44.95418180124112 ], [ 19.001505276174573, 44.885152908599743 ], [ 19.023727117535326, 44.85578359466011 ], [ 18.861952593798172, 44.855937237413649 ], [ 18.797460520041486, 44.886553029936017 ], [ 18.752699344310745, 45.018364598843398 ], [ 18.527745238841803, 45.087242392209816 ], [ 18.25446499442802, 45.120572373046997 ], [ 18.152269478618603, 45.082881354015626 ], [ 18.016504996175392, 45.132199321910747 ], [ 17.832282096518682, 45.059340830707363 ], [ 17.682580247651966, 45.120672671672082 ], [ 17.139886650352452, 45.163602982625747 ], [ 16.945455602212689, 45.245106907204878 ], [ 16.800132047403995, 45.195298466773274 ], [ 16.555896293004068, 45.219956984634983 ], [ 16.299469372310334, 45.00303624864825 ], [ 16.016447100154622, 45.195236495963258 ], [ 15.838101758157723, 45.223536559424737 ], [ 15.734921709265462, 44.935164244023611 ], [ 15.760548548390007, 44.885880969062754 ], [ 15.786723623591937, 44.768157793850442 ], [ 15.944842187408655, 44.706820988161603 ], [ 16.094152839695859, 44.531698176653606 ], [ 16.132141924052867, 44.495248645193364 ], [ 16.131502164126033, 44.454226172692628 ], [ 16.203321361374922, 44.345017618030525 ], [ 16.173429780332203, 44.209911199826657 ], [ 16.215616752250316, 44.214230843605797 ], [ 16.260862800208706, 44.177276163962581 ], [ 16.544736777038761, 43.974810659550123 ], [ 17.017364407769371, 43.573698791202339 ], [ 17.163589065263317, 43.51103117066895 ], [ 17.284638831922702, 43.459071487517363 ], [ 17.29189653991255, 43.337437022832368 ], [ 17.451078431260012, 43.17736436519607 ], [ 17.65883845248846, 43.024757936533284 ], [ 17.580808262205441, 42.939144838443575 ], [ 17.57683543635008, 42.937154797503112 ], [ 17.572862887255113, 42.93516459345895 ], [ 17.568890614903172, 42.933174226329768 ], [ 17.564338402367429, 42.9266536588338 ], [ 17.563758304201023, 42.922123599037612 ], [ 17.566569112870187, 42.915054084464231 ], [ 17.56598903423281, 42.910523992723768 ], [ 17.572769341273602, 42.905444811287616 ], [ 17.576159078120163, 42.902905049091217 ], [ 17.548872629481441, 42.863778579803046 ], [ 17.380231393546925, 42.910484890420804 ], [ 17.445436932271093, 42.985743756206602 ], [ 17.357229908814027, 43.083609213278152 ], [ 16.964248217972518, 43.287194911355229 ], [ 16.566017248724286, 43.299880969684608 ], [ 16.545897951317681, 43.353699931430512 ], [ 16.659987291183104, 43.403425333620582 ], [ 16.504881391936802, 43.488764799798687 ], [ 16.015659041228485, 43.502690284908368 ], [ 15.835566197204797, 43.723047309094255 ], [ 15.5606148415975, 43.872877866685634 ], [ 15.388483417582931, 43.925358442498954 ], [ 15.186579161528162, 44.152327020484968 ], [ 15.222288992705531, 44.253128633283154 ], [ 15.351706592974773, 44.298965049246824 ], [ 15.289432457978624, 44.363717212207824 ], [ 14.949410580052071, 44.558258641293556 ], [ 14.879884718308027, 45.030910637784586 ], [ 14.759221749223263, 45.102516852542244 ], [ 14.742267200304655, 44.993944936890472 ], [ 14.538858839826405, 45.0416728239897 ], [ 14.504903266523023, 45.238995441054897 ], [ 14.395046910014624, 45.311955165902177 ], [ 14.304256807472484, 45.286105440574417 ], [ 14.224631224677859, 45.152715859007195 ], [ 13.986148630306536, 44.831876763040931 ], [ 13.944320829853316, 44.781087694131223 ], [ 13.916520873784034, 44.820845246350352 ], [ 13.85595472236292, 44.829927789384371 ], [ 13.594893076300735, 45.171593225891129 ], [ 13.521081619517215, 45.46313366522886 ], [ 13.651996575045974, 45.454134506875292 ], [ 14.110593024681023, 45.482797395389525 ], [ 14.118142429783338, 45.480226816258394 ], [ 14.386760397239787, 45.499004333680297 ], [ 14.571714846052327, 45.673309247926099 ], [ 14.767525700413044, 45.512101763041514 ], [ 14.84152554692168, 45.472296246959843 ], [ 14.976974568305474, 45.513825119007478 ], [ 15.224551477083082, 45.426687926093948 ], [ 15.358095603317199, 45.486056467258109 ], [ 15.294437874857238, 45.589504617275402 ], [ 15.284395159445276, 45.7266809460668 ], [ 15.330776425179447, 45.76308041071777 ], [ 15.403922275697472, 45.793544861232647 ], [ 15.654567642295028, 45.841986462586178 ], [ 15.707675530243669, 45.975840857371132 ], [ 15.696339823288683, 46.053905906309609 ], [ 15.629043621125307, 46.08482154298045 ], [ 15.635334055392498, 46.182437984228407 ], [ 15.792757851596583, 46.258291587744509 ], [ 15.873690955338274, 46.278929437240457 ], [ 16.138774131812163, 46.393898767296285 ], [ 16.302552466309869, 46.377537015241828 ], [ 16.240821402941389, 46.490533886423712 ], [ 16.372668264927942, 46.535185029828583 ], [ 16.594868710240881, 46.476155879338513 ], [ 16.855469728913814, 46.35034424878183 ], [ 16.875456820664709, 46.321698243643596 ] ] ], [ [ [ 18.437497770248356, 42.555600833416776 ], [ 18.52539521572626, 42.419986933385935 ], [ 18.133774298290103, 42.633170885271795 ], [ 17.881417708914721, 42.76755483189396 ], [ 17.609640468489797, 42.845515168289104 ], [ 17.62562997887963, 42.883190825463267 ], [ 17.629308502078828, 42.882914195271937 ], [ 17.636372990780778, 42.880095669507462 ], [ 17.640343888186379, 42.882083507022152 ], [ 17.644315061567998, 42.884071181391292 ], [ 17.648579481741006, 42.888323505323655 ], [ 17.83397923646989, 42.885608307568432 ], [ 18.211279361701312, 42.631478470607696 ], [ 18.224984601805499, 42.62349738666699 ], [ 18.437497770248356, 42.555600833416776 ] ] ], [ [ [ 17.226828328704041, 42.992384447663291 ], [ 17.230035620463475, 42.957869030957923 ], [ 17.150301008690896, 42.913227843438648 ], [ 16.682033097111262, 42.908565405244993 ], [ 16.657671548074823, 42.95585973781504 ], [ 16.680206706657458, 42.9909353049865 ], [ 16.77822306794349, 42.970736881499484 ], [ 16.945438608465292, 42.970869623430616 ], [ 17.057590794949036, 43.038558650631728 ], [ 17.226828328704041, 42.992384447663291 ] ] ], [ [ [ 16.985620669732501, 43.153211632280026 ], [ 16.99555138120088, 43.111399317207812 ], [ 16.803115911094203, 43.122154517367512 ], [ 16.783554800762186, 43.146305459337718 ], [ 16.792785601910509, 43.161682422864828 ], [ 16.985620669732501, 43.153211632280026 ] ] ], [ [ [ 16.657873027860283, 43.220839954249335 ], [ 16.73761908206599, 43.135647039924812 ], [ 16.687230069254259, 43.118407955600858 ], [ 16.431148529996385, 43.160021998511169 ], [ 16.418332039997299, 43.179100485135535 ], [ 16.451429105821521, 43.208984849489092 ], [ 16.567366305309516, 43.178743111615695 ], [ 16.657873027860283, 43.220839954249335 ] ] ], [ [ [ 16.41052751678744, 42.352594887406347 ], [ 16.288392676408812, 42.344295014744631 ], [ 16.248362497216274, 42.383344591666294 ], [ 16.381251863963907, 42.423007898115713 ], [ 16.41052751678744, 42.352594887406347 ] ] ], [ [ [ 16.378354280215792, 43.359727354029019 ], [ 16.341247575469865, 43.327785943035948 ], [ 16.213921179489066, 43.394969510921541 ], [ 16.247285385520883, 43.42718274107623 ], [ 16.338234147473411, 43.403322463639128 ], [ 16.378354280215792, 43.359727354029019 ] ] ], [ [ [ 16.233469674058391, 43.017019061014224 ], [ 16.076535557057895, 43.008246883878058 ], [ 16.055119865312623, 43.052908178469487 ], [ 16.117050663975959, 43.076605875083402 ], [ 16.23923010941607, 43.071474497732162 ], [ 16.233469674058391, 43.017019061014224 ] ] ], [ [ [ 15.328841920643683, 43.891968505802737 ], [ 15.339766343067328, 43.765961092292478 ], [ 15.22849906322209, 43.824131122468351 ], [ 15.225122219028256, 43.869913485956488 ], [ 15.328841920643683, 43.891968505802737 ] ] ], [ [ [ 15.261345666248443, 43.895436487493292 ], [ 15.20160626616172, 43.859701052513039 ], [ 15.10208846408247, 43.92624522654333 ], [ 15.020552197341027, 44.028287386286024 ], [ 15.070882838617733, 44.085107165706376 ], [ 15.123667018026429, 44.041463382714369 ], [ 15.103979416404211, 43.989996410904517 ], [ 15.261345666248443, 43.895436487493292 ] ] ], [ [ [ 15.174705388740731, 44.39685647632902 ], [ 15.182583453239271, 44.316675893778353 ], [ 15.111821929068483, 44.331585843544119 ], [ 15.02895823054315, 44.424531412995094 ], [ 15.045164233833813, 44.478448278455843 ], [ 15.174705388740731, 44.39685647632902 ] ] ], [ [ [ 14.94125216896375, 44.203086100050825 ], [ 14.956808319596171, 44.076962131605661 ], [ 14.86524502255061, 44.110947323514438 ], [ 14.842349137199225, 44.153052719908793 ], [ 14.94125216896375, 44.203086100050825 ] ] ], [ [ [ 14.796595806370489, 44.777318097357906 ], [ 14.725725643924202, 44.753209275812843 ], [ 14.678086049322657, 44.823700773593991 ], [ 14.796159224641602, 44.861636309340376 ], [ 14.796595806370489, 44.777318097357906 ] ] ], [ [ [ 14.640582050553899, 44.369683839584823 ], [ 14.548701114497277, 44.360078154603613 ], [ 14.509263861650913, 44.436991657207017 ], [ 14.569368791582356, 44.475380366215397 ], [ 14.640582050553899, 44.369683839584823 ] ] ], [ [ [ 14.428246842550987, 44.615900899059447 ], [ 14.456343827332127, 44.537243677570004 ], [ 14.324401905002398, 44.554199444647587 ], [ 14.373012102823948, 44.641013688557557 ], [ 14.317544134679569, 44.912095974071562 ], [ 14.395723288684916, 44.931617796961568 ], [ 14.396191409210822, 44.986259182820994 ], [ 14.455209390535078, 44.956435047226798 ], [ 14.460529494665705, 44.830933368386141 ], [ 14.501341878702299, 44.624159878051955 ], [ 14.428246842550987, 44.615900899059447 ] ] ], [ [ [ 14.378257715991708, 45.148702298868614 ], [ 14.358732519070529, 45.047036571984698 ], [ 14.268399580970234, 45.12134423180197 ], [ 14.323192167764969, 45.182862896056029 ], [ 14.378257715991708, 45.148702298868614 ] ] ] ] } },
{ "type": "Feature", "properties": { "id": "RS", "na": "Serbia", "name": null, "progress": null, "gender": null, "rating": null, "col": null, "dob": null, "car": null }, "geometry": { "type": "Polygon", "coordinates": [ [ [ 21.016215537279045, 45.324351992348895 ], [ 21.480318851866219, 45.19187228186604 ], [ 21.502381014906533, 45.129772505468402 ], [ 21.405518419610491, 45.00040994801769 ], [ 21.548563198119822, 44.885944038884752 ], [ 21.357233757397516, 44.822092276355022 ], [ 21.571109582667276, 44.752579373005624 ], [ 21.653840706741025, 44.667548868505833 ], [ 22.010492915120693, 44.601546792168513 ], [ 22.01754281675742, 44.598430932822268 ], [ 22.147188503579486, 44.484470845645241 ], [ 22.417271069907581, 44.693775660599762 ], [ 22.704382033091509, 44.594543514991784 ], [ 22.729732897820199, 44.536213785391269 ], [ 22.609180299834723, 44.532592061741958 ], [ 22.478670583151803, 44.44954899596258 ], [ 22.676498182835882, 44.216086670919097 ], [ 22.61555525841845, 44.080947110087102 ], [ 22.534780675596618, 44.044834433649832 ], [ 22.418427250935942, 43.985382184649261 ], [ 22.371789029654106, 43.788630233785483 ], [ 22.520458258109464, 43.510545424554543 ], [ 22.667394863278666, 43.402608060521509 ], [ 22.746983503263888, 43.385752524772528 ], [ 23.006807186886828, 43.193900113974145 ], [ 22.7478224952416, 42.890654042768226 ], [ 22.514311776556905, 42.869232230487484 ], [ 22.441249855624111, 42.825330231579606 ], [ 22.459905895300682, 42.648095255513482 ], [ 22.467986750468093, 42.6332827841699 ], [ 22.528240216125425, 42.441613153044294 ], [ 22.474804651124888, 42.399924433841676 ], [ 22.359532777424523, 42.310611366044597 ], [ 22.255944985331045, 42.348655543093663 ], [ 21.585876709946508, 42.262740824489434 ], [ 21.543536711318001, 42.350394213590469 ], [ 21.590303585867868, 42.40018009537404 ], [ 21.731997861198071, 42.553876163891779 ], [ 21.743943970991552, 42.632958262904701 ], [ 21.753698839721789, 42.700797395005509 ], [ 21.43918439071529, 42.753060576200205 ], [ 21.436296475449609, 42.87287970213147 ], [ 21.282312883913804, 42.908563551900407 ], [ 21.1237494368144, 43.098368406995796 ], [ 20.922459464387298, 43.14549573249851 ], [ 20.818610724124799, 43.273673482829906 ], [ 20.620979229374438, 43.200425177753758 ], [ 20.656076114961113, 43.042995882144702 ], [ 20.521067536110696, 42.958427578346864 ], [ 20.496827417229778, 42.864567665413354 ], [ 20.35327806690573, 42.833475407891711 ], [ 20.328487200113987, 42.904836193653821 ], [ 20.224300559113349, 42.949819158893852 ], [ 20.062322585170143, 43.007313645087471 ], [ 19.670903768313966, 43.194353593857997 ], [ 19.225283616151977, 43.526577416906754 ], [ 19.499096093091989, 43.634347436582054 ], [ 19.484570200915407, 43.729600753598589 ], [ 19.310056004050818, 43.935639716567778 ], [ 19.554908690862643, 43.993328004073653 ], [ 19.496616018299509, 44.099480612565166 ], [ 19.137642606433339, 44.374514111493269 ], [ 19.155837564852632, 44.510207860309798 ], [ 19.35297723193645, 44.888538847685695 ], [ 19.023727117535326, 44.85578359466011 ], [ 19.001505276174573, 44.885152908599743 ], [ 19.128493488807329, 44.95418180124112 ], [ 19.111723787537951, 45.134067179353124 ], [ 19.423605310927638, 45.168226266769501 ], [ 19.391579876664125, 45.230593547488034 ], [ 19.130209055890703, 45.292566193964568 ], [ 18.997984521270819, 45.386309740064625 ], [ 19.005766529740587, 45.43366342418949 ], [ 19.033895349178845, 45.486131549816321 ], [ 19.067153056192605, 45.522146040320216 ], [ 18.924544270796137, 45.580053242369836 ], [ 18.952911676141831, 45.657667299453884 ], [ 18.890539691512267, 45.921246943672955 ], [ 19.02712815472378, 45.939416528574831 ], [ 19.114838103805045, 46.01650299711762 ], [ 19.303321825187499, 45.990991192839793 ], [ 19.570719341533117, 46.166208052522535 ], [ 19.697339374476819, 46.189048462345632 ], [ 19.864249227567164, 46.15080564702231 ], [ 20.224057915441264, 46.130509582529285 ], [ 20.262872391628878, 46.126764206874931 ], [ 20.663328714645122, 45.79398005006535 ], [ 20.808707955791782, 45.75397925531918 ], [ 20.819155991367644, 45.491596825699872 ], [ 21.016215537279045, 45.324351992348895 ] ] ] } },
{ "type": "Feature", "properties": { "id": "RO", "na": "România", "name": null, "progress": null, "gender": null, "rating": null, "col": null, "dob": null, "car": null }, "geometry": { "type": "Polygon", "coordinates": [ [ [ 27.390046093959253, 47.590500050751771 ], [ 27.84602429084763, 47.118119725837659 ], [ 28.076281436011801, 46.976938139231578 ], [ 28.113473741390393, 46.837990883798618 ], [ 28.239929443228014, 46.616157509667893 ], [ 28.242749474449301, 46.427149706434399 ], [ 28.142348978162911, 46.256009393811482 ], [ 28.115129920319152, 46.107143276791945 ], [ 28.164226739532165, 45.686765239262272 ], [ 28.113109413061675, 45.595611362504535 ], [ 28.209512433252435, 45.467068062898903 ], [ 28.410907431219151, 45.308121280857733 ], [ 28.74613116608581, 45.25026474685729 ], [ 29.433639016816727, 45.426694040482602 ], [ 29.613743960622479, 45.348324459803266 ], [ 29.679933449537589, 45.211895221712432 ], [ 29.609384743235374, 44.853857395526227 ], [ 29.168670711698109, 44.776026321657035 ], [ 28.99269516087503, 44.680456798425247 ], [ 28.644781565297826, 44.30850905660418 ], [ 28.658040707131434, 43.986790335135517 ], [ 28.579240900218625, 43.737915830965747 ], [ 28.223433778139452, 43.765314125242163 ], [ 28.011705424544807, 43.842722775160013 ], [ 27.918847323182518, 43.989440424731988 ], [ 27.696313062972244, 43.986543377730783 ], [ 27.392895817127211, 44.022580328539789 ], [ 27.269820810633465, 44.127137398107095 ], [ 26.950706564234473, 44.138857033118747 ], [ 26.381894643794617, 44.03924376445925 ], [ 26.357767332509155, 44.036161369479707 ], [ 26.117591124539384, 43.967806475389573 ], [ 25.893695498460009, 43.803802564037056 ], [ 25.672991555180456, 43.687573942911484 ], [ 25.545489521013991, 43.642359934380572 ], [ 25.295876738000967, 43.654791423161591 ], [ 24.65516776712894, 43.723670077833546 ], [ 24.47844328357359, 43.751247612779729 ], [ 24.32316807921627, 43.697012757604163 ], [ 24.113895631605683, 43.70083527281875 ], [ 23.631584937061437, 43.791805349315162 ], [ 23.408167694282241, 43.849029954747621 ], [ 22.997480160927275, 43.807647391408132 ], [ 22.856481452220901, 43.876117414414196 ], [ 22.894168933127251, 43.974960229196085 ], [ 23.024241779120647, 44.041389953763336 ], [ 22.964760421079731, 44.099570812352219 ], [ 22.676498182835882, 44.216086670919097 ], [ 22.478670583151803, 44.44954899596258 ], [ 22.609180299834723, 44.532592061741958 ], [ 22.729732897820199, 44.536213785391269 ], [ 22.704382033091509, 44.594543514991784 ], [ 22.417271069907581, 44.693775660599762 ], [ 22.147188503579486, 44.484470845645241 ], [ 22.01754281675742, 44.598430932822268 ], [ 22.010492915120693, 44.601546792168513 ], [ 21.653840706741025, 44.667548868505833 ], [ 21.571109582667276, 44.752579373005624 ], [ 21.357233757397516, 44.822092276355022 ], [ 21.548563198119822, 44.885944038884752 ], [ 21.405518419610491, 45.00040994801769 ], [ 21.502381014906533, 45.129772505468402 ], [ 21.480318851866219, 45.19187228186604 ], [ 21.016215537279045, 45.324351992348895 ], [ 20.819155991367644, 45.491596825699872 ], [ 20.808707955791782, 45.75397925531918 ], [ 20.663328714645122, 45.79398005006535 ], [ 20.262872391628878, 46.126764206874931 ], [ 20.7047858227624, 46.16099815125424 ], [ 20.775385477507175, 46.275302086923368 ], [ 21.036286313208709, 46.250826802253613 ], [ 21.160117402279926, 46.311260690664938 ], [ 21.297151348807361, 46.432088626709572 ], [ 21.317092588620064, 46.599665341875237 ], [ 21.440163595433447, 46.650770789206561 ], [ 21.658808091175015, 47.021738980238105 ], [ 22.016405018342724, 47.397791442628275 ], [ 22.041340800063512, 47.521256372460876 ], [ 22.129040652239421, 47.598699911580262 ], [ 22.182348781219673, 47.599609824364848 ], [ 22.22283900149127, 47.666225471533728 ], [ 22.46544181837108, 47.787917067083626 ], [ 22.668121901162294, 47.794348391075474 ], [ 22.897632445309689, 47.953537108505365 ], [ 23.193992449561836, 48.108921338664366 ], [ 23.495504706105731, 47.968484777110874 ], [ 23.568063514322407, 48.007799502803927 ], [ 24.216505505014172, 47.901950943629103 ], [ 24.567339052825652, 47.956925453487891 ], [ 24.947199038298827, 47.729856762111353 ], [ 25.089286928151662, 47.749385657705652 ], [ 25.289787606031549, 47.906049333453545 ], [ 25.893017390882957, 47.962651889281197 ], [ 26.097928583910452, 47.978703880894265 ], [ 26.206517524595426, 48.018088465302668 ], [ 26.34871389561847, 48.184341195022647 ], [ 26.629507687041688, 48.259935280017324 ], [ 26.804740261905099, 48.244598137023807 ], [ 27.018218632892623, 48.120909190752037 ], [ 27.168884952336452, 47.950950807399522 ], [ 27.316412303757943, 47.641854918807105 ], [ 27.390046093959253, 47.590500050751771 ] ] ] } },
{ "type": "Feature", "properties": { "id": "HU", "na": "Magyarország", "name": null, "progress": null, "gender": null, "rating": null, "col": null, "dob": null, "car": null }, "geometry": { "type": "Polygon", "coordinates": [ [ [ 22.119107354418254, 48.377916768595846 ], [ 22.154471075070497, 48.403846394801043 ], [ 22.5054484686713, 48.231219008538737 ], [ 22.615178640124469, 48.108358264086185 ], [ 22.827211187747547, 48.097450499084616 ], [ 22.897632445309689, 47.953537108505365 ], [ 22.668121901162294, 47.794348391075474 ], [ 22.46544181837108, 47.787917067083626 ], [ 22.22283900149127, 47.666225471533728 ], [ 22.182348781219673, 47.599609824364848 ], [ 22.129040652239421, 47.598699911580262 ], [ 22.041340800063512, 47.521256372460876 ], [ 22.016405018342724, 47.397791442628275 ], [ 21.658808091175015, 47.021738980238105 ], [ 21.440163595433447, 46.650770789206561 ], [ 21.317092588620064, 46.599665341875237 ], [ 21.297151348807361, 46.432088626709572 ], [ 21.160117402279926, 46.311260690664938 ], [ 21.036286313208709, 46.250826802253613 ], [ 20.775385477507175, 46.275302086923368 ], [ 20.7047858227624, 46.16099815125424 ], [ 20.262872391628878, 46.126764206874931 ], [ 20.224057915441264, 46.130509582529285 ], [ 19.864249227567164, 46.15080564702231 ], [ 19.697339374476819, 46.189048462345632 ], [ 19.570719341533117, 46.166208052522535 ], [ 19.303321825187499, 45.990991192839793 ], [ 19.114838103805045, 46.01650299711762 ], [ 19.02712815472378, 45.939416528574831 ], [ 18.890539691512267, 45.921246943672955 ], [ 18.822466450865782, 45.913222987100077 ], [ 18.663145758002905, 45.898945764909783 ], [ 18.440533714944561, 45.754704375589789 ], [ 17.913988028552598, 45.7908392050686 ], [ 17.65235659337764, 45.848878124131282 ], [ 17.554268635901661, 45.931230529678821 ], [ 17.295501506782518, 45.988121387396411 ], [ 17.153576806237727, 46.159730428959634 ], [ 16.875456820664709, 46.321698243643596 ], [ 16.855469728913814, 46.35034424878183 ], [ 16.594868710240881, 46.476155879338513 ], [ 16.37136551348658, 46.722117620109309 ], [ 16.311327562704118, 46.85097152427511 ], [ 16.114461994395697, 46.869156091571632 ], [ 16.300736903848403, 46.995120878773058 ], [ 16.439078370867115, 47.016579416073839 ], [ 16.482557251244941, 47.109674729750985 ], [ 16.432426072085388, 47.351877484460928 ], [ 16.645498871796963, 47.446134893881521 ], [ 16.66505288628484, 47.597591478830942 ], [ 16.423008317422092, 47.664506406950437 ], [ 16.598882622267084, 47.742859829464642 ], [ 16.802733375999388, 47.691623159639377 ], [ 17.032443767628973, 47.713530415262163 ], [ 17.162524009770777, 48.005934525514348 ], [ 17.248916737755405, 48.011656488540972 ], [ 17.704006292564628, 47.759414707086506 ], [ 17.895675757627284, 47.738880502115585 ], [ 18.313597417619821, 47.737509913959322 ], [ 18.847743570600528, 47.818811056834527 ], [ 18.779997380714789, 47.87451654145702 ], [ 18.782728461027965, 47.9610711725702 ], [ 18.93019145994926, 48.056483005927561 ], [ 19.015661264693769, 48.076896440575339 ], [ 19.449925562094673, 48.099737260740582 ], [ 19.61534545645355, 48.236225670432908 ], [ 19.914126347377994, 48.145631295178774 ], [ 20.049933012066607, 48.167580723422809 ], [ 20.300329329024063, 48.286219025474402 ], [ 20.465073093677464, 48.46290230472222 ], [ 20.538482269236351, 48.536017225778849 ], [ 20.77443795665291, 48.572751264538212 ], [ 21.124736384878275, 48.505903710113024 ], [ 21.422515171793595, 48.57398992354414 ], [ 21.607698429189778, 48.495030815595932 ], [ 21.748698707113704, 48.353926188014619 ], [ 22.119107354418254, 48.377916768595846 ] ] ] } },
{ "type": "Feature", "properties": { "id": "SK", "na": "Slovensko", "name": null, "progress": null, "gender": null, "rating": null, "col": null, "dob": null, "car": null }, "geometry": { "type": "Polygon", "coordinates": [ [ [ 19.885160168973158, 49.204616044145354 ], [ 20.076966868689269, 49.198901733448089 ], [ 20.170537937052625, 49.325359383514396 ], [ 20.419228594058097, 49.40542613421119 ], [ 20.566540644297277, 49.384754446744722 ], [ 20.615723909528331, 49.416720064330072 ], [ 20.938251682366158, 49.312385975227855 ], [ 21.122645353763442, 49.41787524455809 ], [ 21.396884177141953, 49.433815597276087 ], [ 21.877940527482611, 49.376870295771035 ], [ 22.067460960410457, 49.221176224835247 ], [ 22.564741390321586, 49.08806342485758 ], [ 22.381192135310467, 48.862999220620999 ], [ 22.330363032107432, 48.694189928259611 ], [ 22.170201542502213, 48.569659685104234 ], [ 22.154471075070497, 48.403846394801043 ], [ 22.119107354418254, 48.377916768595846 ], [ 21.748698707113704, 48.353926188014619 ], [ 21.607698429189778, 48.495030815595932 ], [ 21.422515171793595, 48.57398992354414 ], [ 21.124736384878275, 48.505903710113024 ], [ 20.77443795665291, 48.572751264538212 ], [ 20.538482269236351, 48.536017225778849 ], [ 20.465073093677464, 48.46290230472222 ], [ 20.300329329024063, 48.286219025474402 ], [ 20.049933012066607, 48.167580723422809 ], [ 19.914126347377994, 48.145631295178774 ], [ 19.61534545645355, 48.236225670432908 ], [ 19.449925562094673, 48.099737260740582 ], [ 19.015661264693769, 48.076896440575339 ], [ 18.93019145994926, 48.056483005927561 ], [ 18.782728461027965, 47.9610711725702 ], [ 18.779997380714789, 47.87451654145702 ], [ 18.847743570600528, 47.818811056834527 ], [ 18.313597417619821, 47.737509913959322 ], [ 17.895675757627284, 47.738880502115585 ], [ 17.704006292564628, 47.759414707086506 ], [ 17.248916737755405, 48.011656488540972 ], [ 17.162524009770777, 48.005934525514348 ], [ 17.068288952306389, 48.119150882254061 ], [ 16.977697437872585, 48.172787710551574 ], [ 16.850282071782583, 48.438220527868921 ], [ 16.950233768615686, 48.53677782394147 ], [ 16.940819167188323, 48.617102523546734 ], [ 17.173098821100094, 48.855232933114678 ], [ 17.394816217175247, 48.813369252456674 ], [ 17.645446985745906, 48.853405645449918 ], [ 18.067468462909261, 49.049380551965889 ], [ 18.169774770495167, 49.263182374961225 ], [ 18.321111287273702, 49.315911226065168 ], [ 18.402111531244589, 49.396561487009215 ], [ 18.57535199908784, 49.497548088752986 ], [ 18.852589682447988, 49.517133567085828 ], [ 18.938123977819082, 49.501231170040334 ], [ 18.996928312464942, 49.409775902527869 ], [ 19.162717240906755, 49.419189918307417 ], [ 19.46581932209288, 49.613339473792571 ], [ 19.657468922778058, 49.409651974342097 ], [ 19.783484592917819, 49.38729291121583 ], [ 19.783483668148822, 49.22042712176912 ], [ 19.885160168973158, 49.204616044145354 ] ] ] } },
{ "type": "Feature", "properties": { "id": "PL", "na": "Polska", "name": null, "progress": null, "gender": null, "rating": null, "col": null, "dob": null, "car": null }, "geometry": { "type": "Polygon", "coordinates": [ [ [ 19.637296046092228, 54.458678835313918 ], [ 19.650124053840507, 54.453104998023747 ], [ 19.261192870951678, 54.336753117437937 ], [ 19.257321753426293, 54.277666215103139 ], [ 19.411480067624751, 54.275092566193528 ], [ 19.803315533536452, 54.443302361266589 ], [ 20.311588646003589, 54.401792615795678 ], [ 21.559180033754618, 54.322811299503812 ], [ 22.791360776048236, 54.363451043511724 ], [ 22.964635924091635, 54.386629764727722 ], [ 23.320215583849794, 54.25410979046913 ], [ 23.496115415958968, 54.126584187593764 ], [ 23.515834748945856, 53.956324127507322 ], [ 23.59003661506685, 53.694750167957693 ], [ 23.861479070516303, 53.200809774740115 ], [ 23.916962158175142, 52.904073730795652 ], [ 23.904620868614671, 52.695885574624384 ], [ 23.458670447609439, 52.540290275044846 ], [ 23.175909427283575, 52.282398964203345 ], [ 23.659046691444232, 52.047631081939564 ], [ 23.617779331525114, 51.796944379974711 ], [ 23.545885386507443, 51.722483400124297 ], [ 23.619288232831739, 51.509052106876382 ], [ 23.70879958613116, 51.277482328153226 ], [ 24.092062013135148, 50.857977452146983 ], [ 23.979998966776424, 50.807240833603892 ], [ 24.09207912070729, 50.643709921690728 ], [ 24.04578949169386, 50.462832129134277 ], [ 23.724775989611494, 50.37776794770754 ], [ 23.549213182960806, 50.251600187760999 ], [ 22.687309247859446, 49.572627926356397 ], [ 22.746547079008046, 49.23506204735186 ], [ 22.833521886664197, 49.068808225184988 ], [ 22.564741390321586, 49.08806342485758 ], [ 22.067460960410457, 49.221176224835247 ], [ 21.877940527482611, 49.376870295771035 ], [ 21.396884177141953, 49.433815597276087 ], [ 21.122645353763442, 49.41787524455809 ], [ 20.938251682366158, 49.312385975227855 ], [ 20.615723909528331, 49.416720064330072 ], [ 20.566540644297277, 49.384754446744722 ], [ 20.419228594058097, 49.40542613421119 ], [ 20.170537937052625, 49.325359383514396 ], [ 20.076966868689269, 49.198901733448089 ], [ 19.885160168973158, 49.204616044145354 ], [ 19.783483668148822, 49.22042712176912 ], [ 19.783484592917819, 49.38729291121583 ], [ 19.657468922778058, 49.409651974342097 ], [ 19.46581932209288, 49.613339473792571 ], [ 19.162717240906755, 49.419189918307417 ], [ 18.996928312464942, 49.409775902527869 ], [ 18.938123977819082, 49.501231170040334 ], [ 18.852589682447988, 49.517133567085828 ], [ 18.8024529197071, 49.658022558171126 ], [ 18.616185406002224, 49.75000204547711 ], [ 18.577190988479796, 49.910410692311608 ], [ 18.325812114215108, 49.92917389723349 ], [ 18.034899419789941, 50.06646179092273 ], [ 17.843391894632287, 49.988666257533446 ], [ 17.651288482972479, 50.140802051449612 ], [ 17.735404371777197, 50.212604027313091 ], [ 17.730312894444261, 50.285881218668457 ], [ 17.430480328891406, 50.253404485830742 ], [ 16.908972669051227, 50.450125080505757 ], [ 16.885388391623252, 50.406009241120181 ], [ 16.993491163516037, 50.269651102622298 ], [ 16.863639304265373, 50.197845685413739 ], [ 16.715730707224907, 50.115595188795446 ], [ 16.579105575031672, 50.141785788542172 ], [ 16.258883981458279, 50.4533687891062 ], [ 16.386731920566078, 50.544162210757399 ], [ 16.390478344040133, 50.603119791524556 ], [ 16.106298509827575, 50.661805904006187 ], [ 16.046446396277748, 50.63084678950878 ], [ 15.798318037705826, 50.741428337379311 ], [ 15.536145680133842, 50.779339907029261 ], [ 15.37532402227685, 50.802865969653794 ], [ 15.245053988170607, 50.983894789013021 ], [ 15.062127728357444, 51.010223664790757 ], [ 14.978692527826723, 50.877484838559084 ], [ 14.822805580173023, 50.870464678551059 ], [ 14.998124036840121, 51.137997123115241 ], [ 15.021797049013033, 51.275602627956623 ], [ 14.974862185796219, 51.363972346936656 ], [ 14.933567045281924, 51.465711167810696 ], [ 14.768796800562994, 51.517997257281444 ], [ 14.731633370648822, 51.580850234527745 ], [ 14.740368641351209, 51.664558462470332 ], [ 14.612201062796943, 51.826417983630421 ], [ 14.718540106034729, 52.001671244135444 ], [ 14.75676903464756, 52.070562950016601 ], [ 14.693877911516214, 52.229827161775511 ], [ 14.600597415134128, 52.272102181905495 ], [ 14.533184224596809, 52.395082777281871 ], [ 14.631229044864522, 52.523051818440692 ], [ 14.565894598336362, 52.625515457857489 ], [ 14.437095209833801, 52.680337735811868 ], [ 14.15619710018056, 52.838031377362164 ], [ 14.157106493046287, 52.894767574297369 ], [ 14.145399373968177, 52.96102227171906 ], [ 14.340571151454714, 53.06313854487928 ], [ 14.377064545441455, 53.20035037655375 ], [ 14.433071062334854, 53.259627137163307 ], [ 14.412879409435982, 53.32849827397223 ], [ 14.267814000978669, 53.699304279258016 ], [ 14.505594473952035, 53.690750409885354 ], [ 14.579207983485352, 53.819746483990691 ], [ 14.463323675327908, 53.855828785573934 ], [ 14.213163730729249, 53.841991122246881 ], [ 14.211059797227655, 53.867041866280886 ], [ 14.226371915984428, 53.927825077520161 ], [ 14.387061121994302, 53.919905410892845 ], [ 14.640140774291568, 53.996894885326718 ], [ 14.740160257169578, 53.940822530783187 ], [ 14.84924393360237, 54.045602519623579 ], [ 15.387286396003539, 54.159538968480298 ], [ 16.111476225100994, 54.280341246010209 ], [ 16.489246410037772, 54.518152520437624 ], [ 16.699259976246406, 54.568419877787434 ], [ 17.254602546900156, 54.73073293152904 ], [ 17.666096483175551, 54.78350383454687 ], [ 18.328535007533752, 54.827555397969178 ], [ 18.543182905514676, 54.584851323477942 ], [ 18.617473439214844, 54.422267063266283 ], [ 18.951196533075201, 54.357402226156545 ], [ 19.343709299193527, 54.369343954989674 ], [ 19.637296046092228, 54.458678835313918 ] ] ] } },
{ "type": "Feature", "properties": { "id": "LT", "na": "Lietuva", "name": null, "progress": null, "gender": null, "rating": null, "col": null, "dob": null, "car": null }, "geometry": { "type": "Polygon", "coordinates": [ [ [ 24.881947856758259, 56.426014938479007 ], [ 25.109999354637655, 56.190953807359591 ], [ 25.643814070043792, 56.126164171214725 ], [ 25.823494357041458, 56.05281753335877 ], [ 25.896298328179178, 55.999623691382098 ], [ 26.04738992042439, 55.943374747709612 ], [ 26.369496765853057, 55.71618764800332 ], [ 26.632520150413576, 55.681509382274598 ], [ 26.530382119648671, 55.372299165705002 ], [ 26.73140228037229, 55.312863682385121 ], [ 26.745134112776277, 55.252935097443228 ], [ 26.667902713687617, 55.163481544675705 ], [ 26.31317918996692, 55.134169115163346 ], [ 26.184126747338507, 54.998056706095099 ], [ 25.895563309383689, 54.933589482451161 ], [ 25.748259603850951, 54.806575441357772 ], [ 25.743318567083044, 54.584891942475146 ], [ 25.573453867926613, 54.35663809808657 ], [ 25.76248573913314, 54.239715830869436 ], [ 25.771269063890937, 54.176059492074245 ], [ 25.564659776803065, 54.158737349467991 ], [ 25.552519684500378, 54.264427701592439 ], [ 25.488953553033316, 54.29798527629098 ], [ 25.237615113053629, 54.251054411765736 ], [ 25.076005165794722, 54.148673210982913 ], [ 24.833809821927261, 54.14843646960027 ], [ 24.78336464446339, 53.995231779082147 ], [ 24.624605387671682, 54.000633986864273 ], [ 24.41209254561911, 53.906093277204427 ], [ 24.186603902098931, 53.962689514077653 ], [ 23.515834748945856, 53.956324127507322 ], [ 23.496115415958968, 54.126584187593764 ], [ 23.320215583849794, 54.25410979046913 ], [ 22.964635924091635, 54.386629764727722 ], [ 22.791360776048236, 54.363451043511724 ], [ 22.693359414792052, 54.566712774789927 ], [ 22.8635332745888, 54.818076900289327 ], [ 22.587581867876246, 55.069393353528838 ], [ 22.078356666313034, 55.041777577131256 ], [ 21.651993787762919, 55.178759024185631 ], [ 21.381951193345717, 55.279322923204283 ], [ 21.275760465577463, 55.245378141139796 ], [ 21.236697658806943, 55.482704892380369 ], [ 21.101510933236629, 55.657431703946095 ], [ 21.057160307348344, 55.863000985949519 ], [ 21.061773210861226, 56.068875482352105 ], [ 21.179328317564551, 56.08382763879024 ], [ 21.273065777965769, 56.185631751903927 ], [ 21.529798906656882, 56.300350130182814 ], [ 21.978080171380281, 56.385438538168316 ], [ 22.115859519141953, 56.42761085825731 ], [ 22.634682169323806, 56.368270960643905 ], [ 22.853586704845036, 56.367158961311588 ], [ 22.919432090266785, 56.399644144187754 ], [ 23.057262928704422, 56.321190220536892 ], [ 23.264816107161646, 56.373487368469164 ], [ 23.746014547367075, 56.364084330436782 ], [ 24.149869289357721, 56.252987775678214 ], [ 24.530322613013603, 56.281693893648296 ], [ 24.671312163864346, 56.387999870211175 ], [ 24.881947856758259, 56.426014938479007 ] ] ] } },
{ "type": "Feature", "properties": { "id": "LV", "na": "Latvija", "name": null, "progress": null, "gender": null, "rating": null, "col": null, "dob": null, "car": null }, "geometry": { "type": "Polygon", "coordinates": [ [ [ 27.350335120351858, 57.519384831426237 ], [ 27.529854690749634, 57.523288595864081 ], [ 27.546207990910428, 57.427793360273952 ], [ 27.690520074375613, 57.370857532454458 ], [ 27.853014834669281, 57.266854087335794 ], [ 27.674462509381264, 56.855226803236789 ], [ 27.873894854307323, 56.853194184428389 ], [ 28.114480339707775, 56.567151034840606 ], [ 28.221253778490794, 56.283308672578258 ], [ 28.156056131602753, 56.168964948935532 ], [ 27.677793435988498, 55.933898162738423 ], [ 27.58883906055361, 55.794959271973781 ], [ 27.10064420041541, 55.841614387293077 ], [ 26.816648739451733, 55.694061899161625 ], [ 26.632520150413576, 55.681509382274598 ], [ 26.369496765853057, 55.71618764800332 ], [ 26.04738992042439, 55.943374747709612 ], [ 25.896298328179178, 55.999623691382098 ], [ 25.823494357041458, 56.05281753335877 ], [ 25.643814070043792, 56.126164171214725 ], [ 25.109999354637655, 56.190953807359591 ], [ 24.881947856758259, 56.426014938479007 ], [ 24.671312163864346, 56.387999870211175 ], [ 24.530322613013603, 56.281693893648296 ], [ 24.149869289357721, 56.252987775678214 ], [ 23.746014547367075, 56.364084330436782 ], [ 23.264816107161646, 56.373487368469164 ], [ 23.057262928704422, 56.321190220536892 ], [ 22.919432090266785, 56.399644144187754 ], [ 22.853586704845036, 56.367158961311588 ], [ 22.634682169323806, 56.368270960643905 ], [ 22.115859519141953, 56.42761085825731 ], [ 21.978080171380281, 56.385438538168316 ], [ 21.529798906656882, 56.300350130182814 ], [ 21.273065777965769, 56.185631751903927 ], [ 21.179328317564551, 56.08382763879024 ], [ 21.061773210861226, 56.068875482352105 ], [ 20.97628820880762, 56.339826507023204 ], [ 21.06183312637949, 56.807016617404805 ], [ 21.373963225250886, 57.009380954993823 ], [ 21.411624241195824, 57.198829223476402 ], [ 21.4510319478463, 57.310127360660758 ], [ 21.726480691611282, 57.568194134744353 ], [ 22.515111445693179, 57.741629339201744 ], [ 22.572819427944488, 57.729240413484263 ], [ 22.653970518015942, 57.576489836020528 ], [ 23.060892116406421, 57.375418201519999 ], [ 23.147278942054506, 57.316077457987667 ], [ 23.207006227809643, 57.197157102465404 ], [ 23.282714157511649, 57.081157647165142 ], [ 23.590114565286459, 56.975539128759067 ], [ 23.936618207192065, 57.005590483081626 ], [ 24.120290173084836, 57.087264459179565 ], [ 24.341367089316698, 57.196978090877188 ], [ 24.401660140465371, 57.298911663932692 ], [ 24.351003892455257, 57.877612105798462 ], [ 24.833718058700804, 57.972297617263244 ], [ 25.045941063433396, 58.040925886226582 ], [ 25.358428382617088, 58.04671505645841 ], [ 25.897369660490018, 57.850624953542088 ], [ 26.024609441259503, 57.842140519092013 ], [ 26.293297724499311, 57.602278225036947 ], [ 26.52469797630965, 57.526692344794135 ], [ 26.912719425489886, 57.621186205812329 ], [ 27.350335120351858, 57.519384831426237 ] ] ] } },
{ "type": "Feature", "properties": { "id": "EE", "na": "Eesti", "name": null, "progress": null, "gender": null, "rating": null, "col": null, "dob": null, "car": null }, "geometry": { "type": "MultiPolygon", "coordinates": [ [ [ [ 26.964680746726231, 59.438808711261707 ], [ 27.830893299465966, 59.398115480291857 ], [ 28.041108771952533, 59.470973804431814 ], [ 28.183078325249685, 59.395875080009887 ], [ 28.164329437241598, 59.330496740331732 ], [ 27.927247595483017, 59.247433565191102 ], [ 27.708431916364663, 58.965428135754784 ], [ 27.356905665628741, 58.787186015030898 ], [ 27.520289005873831, 58.415780197325837 ], [ 27.528393412778886, 58.186007827076736 ], [ 27.737974364796909, 57.882506028438712 ], [ 27.544796436857091, 57.80118226400343 ], [ 27.403157599715694, 57.661535173402505 ], [ 27.350335120351858, 57.519384831426237 ], [ 26.912719425489886, 57.621186205812329 ], [ 26.52469797630965, 57.526692344794135 ], [ 26.293297724499311, 57.602278225036947 ], [ 26.024609441259503, 57.842140519092013 ], [ 25.897369660490018, 57.850624953542088 ], [ 25.358428382617088, 58.04671505645841 ], [ 25.045941063433396, 58.040925886226582 ], [ 24.833718058700804, 57.972297617263244 ], [ 24.351003892455257, 57.877612105798462 ], [ 24.50677872074527, 58.327725643567156 ], [ 24.349351452665406, 58.356314269510129 ], [ 24.043566619194653, 58.277926881315167 ], [ 23.802755451029892, 58.349242001593701 ], [ 23.549595189840623, 58.61051709397141 ], [ 23.600545666022374, 58.769252571527844 ], [ 23.427702569159695, 58.749633299519559 ], [ 23.518804719046518, 59.176771539825609 ], [ 23.731505189396785, 59.236350576481783 ], [ 24.074380573646955, 59.293880177704018 ], [ 24.064744320586826, 59.375792277590946 ], [ 24.220174902294314, 59.357416828344256 ], [ 24.426571913574648, 59.472342239628617 ], [ 24.779661717942371, 59.455561624055498 ], [ 24.834674320888219, 59.556201953100221 ], [ 25.120929577226669, 59.485533210509587 ], [ 25.420269992208464, 59.505522492683596 ], [ 25.556696602576832, 59.599224515744808 ], [ 25.678983096549953, 59.578337044846684 ], [ 25.724548942634421, 59.640494582988232 ], [ 25.83135243377944, 59.563150638107828 ], [ 25.894939462214559, 59.616224221806895 ], [ 26.758192377259494, 59.499297409762725 ], [ 26.964680746726231, 59.438808711261707 ] ] ], [ [ [ 24.574331603598669, 59.549331259630954 ], [ 24.483474304589979, 59.528845101832822 ], [ 24.436773308249073, 59.57311221999408 ], [ 24.505806656339196, 59.644561684646582 ], [ 24.574331603598669, 59.549331259630954 ] ] ], [ [ [ 24.028440728409606, 58.10627756318771 ], [ 23.953296354201107, 58.074937133769915 ], [ 23.930181829390449, 58.109694057035675 ], [ 23.947676184368945, 58.167900319852656 ], [ 24.048714134842054, 58.171121634501667 ], [ 24.028440728409606, 58.10627756318771 ] ] ], [ [ [ 23.357895525803269, 58.622766768702306 ], [ 23.376887807925293, 58.51938579524721 ], [ 23.166759151273631, 58.551680032985686 ], [ 23.144091181607447, 58.519319033417467 ], [ 23.246369025101455, 58.467762008273738 ], [ 23.244880606493901, 58.435628321515793 ], [ 23.059772221980428, 58.39156434158626 ], [ 22.694424912110122, 58.224049401576679 ], [ 22.307790859719159, 58.195831252345343 ], [ 22.176908281128291, 57.980180821779243 ], [ 22.035089109129263, 57.928744324795339 ], [ 22.022888665151804, 58.001107260803209 ], [ 22.181353318000369, 58.131541444163297 ], [ 21.879143290776543, 58.273718560224829 ], [ 21.975935568697476, 58.359338727850904 ], [ 21.923943063035232, 58.485805629539378 ], [ 22.077559935520139, 58.442196064250126 ], [ 22.203709512578747, 58.518195081930159 ], [ 22.295404669827672, 58.493737106913336 ], [ 22.314943936207001, 58.519557873713325 ], [ 22.551098977146221, 58.619727018591377 ], [ 22.974705122638131, 58.604919486119023 ], [ 23.253676288751926, 58.669967160525943 ], [ 23.357895525803269, 58.622766768702306 ] ] ], [ [ [ 23.15348808742889, 59.053336253050645 ], [ 23.276076538333385, 59.022970140569633 ], [ 23.345002462970221, 59.034676457135625 ], [ 23.358000381583832, 58.984946974913399 ], [ 23.164414549026951, 58.969256918511526 ], [ 23.100245098904693, 59.026191206788873 ], [ 23.15348808742889, 59.053336253050645 ] ] ], [ [ [ 22.618040311389123, 59.085573891464776 ], [ 22.978362289779561, 58.915708099452125 ], [ 23.032467718187512, 58.91743492569244 ], [ 23.058146228737453, 58.843498041261547 ], [ 22.978402174112063, 58.844251342411447 ], [ 22.560410186452501, 58.69023147408307 ], [ 22.481850520504604, 58.722839970380278 ], [ 22.397939339693551, 58.875571383131124 ], [ 22.330756246547519, 58.91161471538949 ], [ 22.618040311389123, 59.085573891464776 ] ] ] ] } },
{ "type": "Feature", "properties": { "id": "FI", "na": "Suomi/Finland", "name": null, "progress": null, "gender": null, "rating": null, "col": null, "dob": null, "car": null }, "geometry": { "type": "MultiPolygon", "coordinates": [ [ [ [ 28.930797869621514, 69.051535526705337 ], [ 28.624141446462719, 68.930840059292365 ], [ 28.729293096695457, 68.834455354911967 ], [ 28.486359287043559, 68.534026902286428 ], [ 28.600198013155566, 68.291935762309265 ], [ 29.310056644650466, 68.063714757488015 ], [ 29.956461292029768, 67.652619748855869 ], [ 29.842950256257247, 67.474999248094065 ], [ 29.086778357797609, 66.947795334896682 ], [ 29.124358005356431, 66.81301648572591 ], [ 29.571906592982529, 66.433497616867939 ], [ 29.924403787313274, 66.11553173972635 ], [ 30.121952559507395, 65.715433448932487 ], [ 29.755791034996353, 65.641795424747926 ], [ 29.841688772501119, 65.557621528493911 ], [ 29.75446813376033, 65.497119912004919 ], [ 29.666345415750364, 65.273017689101394 ], [ 29.820166966196176, 65.163774820420613 ], [ 29.664237549571641, 65.036086797375091 ], [ 29.661110741059876, 64.896575913933134 ], [ 30.028595101572776, 64.7291780178832 ], [ 30.085001617439975, 64.432336660243521 ], [ 30.501756660082822, 64.16620916844866 ], [ 30.437618451656697, 64.001324570504579 ], [ 30.310122340160181, 63.880610505956355 ], [ 29.970428910327584, 63.757140673561771 ], [ 30.383053850469214, 63.531439239706522 ], [ 30.463922350939324, 63.48488360180054 ], [ 30.732431078361479, 63.391106997459936 ], [ 31.185883097617673, 63.232478137840317 ], [ 31.542006741366041, 62.907354657292721 ], [ 31.180796073040774, 62.474378102111636 ], [ 30.140846915091199, 61.85194275940097 ], [ 29.16730611270264, 61.240133657923408 ], [ 28.835073768123934, 61.127015029075565 ], [ 28.751422633014812, 61.065249925311292 ], [ 28.656970804812261, 60.964969913521131 ], [ 28.496730400780148, 60.939097329971993 ], [ 27.990333115704388, 60.669402679615942 ], [ 27.841361696825242, 60.566666466578376 ], [ 27.802569399910912, 60.54819633946007 ], [ 27.398046842434596, 60.454095054705583 ], [ 27.109200509007941, 60.520100559561769 ], [ 26.620362053254645, 60.420344703962442 ], [ 26.455831758053275, 60.486402300433745 ], [ 26.383991446212701, 60.366684430412484 ], [ 26.088358438549722, 60.396359475642321 ], [ 26.096036454441894, 60.297723576716756 ], [ 25.936992534307645, 60.236880513120376 ], [ 25.233712848804924, 60.243421761781477 ], [ 24.472349177256383, 60.000024967228917 ], [ 24.077877865696699, 60.010439148311519 ], [ 23.861579943014185, 59.916555508185937 ], [ 23.348519680579169, 59.902133965920527 ], [ 23.163121109439071, 59.836745270256181 ], [ 22.883967637418746, 59.939038791820181 ], [ 23.029693962219955, 60.100805335807969 ], [ 22.887299452757325, 60.033286563598182 ], [ 22.446936878566099, 60.006428541658607 ], [ 22.39466017499506, 60.073281191969734 ], [ 22.424602124490317, 60.22729316656131 ], [ 22.209902887850681, 60.186258536659096 ], [ 22.159303481726457, 60.289672917575615 ], [ 22.218838331509961, 60.360515326682354 ], [ 22.139077059834744, 60.415772713550261 ], [ 21.884511891004806, 60.297049972717069 ], [ 21.742583484362314, 60.552859254911084 ], [ 21.579273301729788, 60.501893703261587 ], [ 21.284805019535227, 60.521075816455259 ], [ 21.262142705788673, 60.584943943412597 ], [ 21.35616593927244, 60.71080657422722 ], [ 21.248136809602826, 60.884914539023306 ], [ 21.418772058581606, 61.048498899938032 ], [ 21.524223069854468, 61.451990377510533 ], [ 21.479915778776398, 61.614307298786031 ], [ 21.560410665077402, 61.644779507019116 ], [ 21.338426242841798, 61.956765145602503 ], [ 21.351638116334669, 62.310261912459417 ], [ 21.187814638570838, 62.4745921672721 ], [ 21.068573347827876, 62.715929660636995 ], [ 21.166207834389571, 62.961994710414444 ], [ 21.332483186850158, 62.908181022013622 ], [ 21.464029127857469, 62.999655056893353 ], [ 21.4471063381676, 63.127680703870951 ], [ 21.535839425471487, 63.091013668108772 ], [ 21.565592090669728, 63.213239186295645 ], [ 21.739507794551919, 63.282980972666813 ], [ 22.042043845309902, 63.365604954587837 ], [ 22.331942069034007, 63.312486579672125 ], [ 22.292013587621259, 63.391925928789576 ], [ 22.257178082007208, 63.454770494574859 ], [ 22.276359400539356, 63.485576302080084 ], [ 22.327488691577763, 63.562343105881283 ], [ 22.606564891997039, 63.678457611394236 ], [ 22.687563188513757, 63.847611246107206 ], [ 22.864012335203419, 63.837705013032632 ], [ 22.893239816018959, 63.888511000348309 ], [ 23.042732952217563, 63.873707447846094 ], [ 23.349915520707714, 63.928674778165316 ], [ 23.391131306304732, 63.976118633415922 ], [ 23.420278949670578, 64.0640148351942 ], [ 23.6148826620812, 64.04946042551596 ], [ 23.754269220803724, 64.167165516731004 ], [ 23.786692938174017, 64.194481866766807 ], [ 23.842348509288101, 64.242959853888635 ], [ 23.998813701289723, 64.377704991508878 ], [ 24.316330867701584, 64.535119856507777 ], [ 24.592034612205193, 64.812477493645119 ], [ 24.998221910833227, 64.900583705689272 ], [ 25.248694410534895, 64.893160158816031 ], [ 25.348435886038914, 64.965274853080359 ], [ 25.267505680676759, 65.16906449357414 ], [ 25.280873658665683, 65.457287114047219 ], [ 25.083563110965109, 65.590086993249969 ], [ 24.687236303690746, 65.647195842844468 ], [ 24.564735880464131, 65.728062614694608 ], [ 24.173354351265772, 65.773948250938588 ], [ 24.155370613166486, 65.815073350358375 ], [ 24.118478763981901, 65.920671200718957 ], [ 23.908404432007959, 66.145583237111794 ], [ 23.734303709903902, 66.201894579810855 ], [ 23.664899866816111, 66.288999597101437 ], [ 23.6748259162352, 66.460350567570259 ], [ 23.866209873499326, 66.570423910291524 ], [ 23.966131323737176, 66.837078732110101 ], [ 23.563918811350959, 67.188412295917757 ], [ 23.596905241904015, 67.260337845941507 ], [ 23.729267063020817, 67.305812784866831 ], [ 23.739134738502742, 67.423866811810186 ], [ 23.421585904229602, 67.483517421229124 ], [ 23.533755939766934, 67.593656302731162 ], [ 23.484474765868462, 67.825742574804195 ], [ 23.620279024416298, 67.922561751376975 ], [ 23.60409404707848, 67.9704250658001 ], [ 23.296522048178147, 68.138093164749108 ], [ 23.163447200302066, 68.150250196838485 ], [ 23.042977146752328, 68.303410061904998 ], [ 22.357131054131525, 68.47484377935767 ], [ 22.064672837004135, 68.48519219853884 ], [ 21.531094287580686, 68.682169795524928 ], [ 20.93343560812599, 68.904109534641009 ], [ 20.786753510702464, 69.023926955920672 ], [ 20.545962248561011, 69.060878029765206 ], [ 20.727390590212746, 69.106137669570984 ], [ 21.017947852775077, 69.061389326193392 ], [ 21.074337301801354, 69.113704253287679 ], [ 21.010230384375337, 69.184743797422385 ], [ 21.044575333210481, 69.238385033941825 ], [ 21.288267852790998, 69.309751096561811 ], [ 21.530078255604703, 69.285788810642089 ], [ 21.603505059834845, 69.278944351631026 ], [ 21.69003137234839, 69.238728253852216 ], [ 21.985199715770595, 69.073623128073478 ], [ 22.397016089858852, 68.727916309231318 ], [ 23.197864814555821, 68.639322851896537 ], [ 23.645028895721058, 68.706769196672766 ], [ 23.786767741312502, 68.815230712415214 ], [ 23.918139127332726, 68.831015166538506 ], [ 24.865206322053776, 68.580897821097537 ], [ 25.095986473045212, 68.643892072397691 ], [ 25.230465134681889, 68.832080455020403 ], [ 25.662703804474706, 68.924820023391106 ], [ 25.743733924896439, 69.028385584473526 ], [ 25.707540099165708, 69.238393117460362 ], [ 25.750954959206044, 69.331162815992499 ], [ 25.816855794952829, 69.367941085343148 ], [ 25.807054622067472, 69.429954891866984 ], [ 25.913899995360026, 69.564526374099358 ], [ 25.973870575822261, 69.698423512687569 ], [ 26.486293517699057, 69.937683035459756 ], [ 27.068297200532889, 69.917185198573264 ], [ 27.643330375376788, 70.071029825930296 ], [ 27.938642569096107, 70.081542467171488 ], [ 28.380137166413636, 69.83019556261381 ], [ 28.768622105963477, 69.756230560366006 ], [ 29.116074922486952, 69.692591741218536 ], [ 29.315518744900785, 69.485955423727859 ], [ 28.889388097516552, 69.248648028345329 ], [ 28.823097707227372, 69.126900393445524 ], [ 28.930797869621514, 69.051535526705337 ] ] ], [ [ [ 24.868442096963431, 64.984970925872005 ], [ 24.780652704915305, 64.944172513048272 ], [ 24.577045207878093, 65.002443472769102 ], [ 24.58115640839107, 65.046314321902685 ], [ 24.847497562942596, 65.089462337435961 ], [ 24.868442096963431, 64.984970925872005 ] ] ], [ [ [ 22.440314706421464, 59.811208111871075 ], [ 22.386845968136861, 59.799867052773585 ], [ 22.353066255578824, 59.842029646717108 ], [ 22.38552376900147, 59.915149019655679 ], [ 22.437521260603752, 59.922030001089311 ], [ 22.440314706421464, 59.811208111871075 ] ] ], [ [ [ 22.085078780462275, 60.23851294565565 ], [ 22.138541225464948, 60.187849576317376 ], [ 22.124667505208663, 60.149908798548367 ], [ 21.968141619513997, 60.098922315954013 ], [ 21.902789152001738, 60.132109840905308 ], [ 21.934387520684595, 60.143229135505756 ], [ 21.935136477087589, 60.237525281016637 ], [ 22.023742465858863, 60.206946354856029 ], [ 22.085078780462275, 60.23851294565565 ] ] ], [ [ [ 21.858767132405895, 60.163455521702588 ], [ 21.796019728622237, 60.111232154509068 ], [ 21.698948113204032, 60.133175884907281 ], [ 21.728747325174744, 60.20199570030951 ], [ 21.86103283425463, 60.216188632438147 ], [ 21.858767132405895, 60.163455521702588 ] ] ], [ [ [ 21.716103383179419, 60.244458718550469 ], [ 21.559922633908997, 60.225195546706807 ], [ 21.560950671126882, 60.275703281667347 ], [ 21.641954287440281, 60.30122305152765 ], [ 21.628388772818678, 60.341446407752599 ], [ 21.672404360324506, 60.434425011455048 ], [ 21.741197822121926, 60.36199794870064 ], [ 21.681103121850303, 60.286477327801528 ], [ 21.716103383179419, 60.244458718550469 ] ] ], [ [ [ 21.671886633739064, 60.103232715280512 ], [ 21.5416865854584, 60.093329423451671 ], [ 21.504336316165691, 60.144685451648243 ], [ 21.585058623889751, 60.186329653345453 ], [ 21.645572174281192, 60.169820686445235 ], [ 21.671886633739064, 60.103232715280512 ] ] ], [ [ [ 21.432805697181543, 63.200199412219632 ], [ 21.280598365635164, 63.167756029824439 ], [ 21.128146826307731, 63.277998315624878 ], [ 21.231208078645039, 63.387964655633489 ], [ 21.397426936716119, 63.359567522821251 ], [ 21.374906759076914, 63.317451041351312 ], [ 21.432805697181543, 63.200199412219632 ] ] ], [ [ [ 21.211699088840891, 60.405072444548701 ], [ 21.251331419868482, 60.3421637472321 ], [ 21.292866969604862, 60.382513912848246 ], [ 21.326218457881026, 60.285597333500064 ], [ 21.27857769629572, 60.259544819616899 ], [ 21.14129002918888, 60.311840513044018 ], [ 21.136181401281419, 60.37887810561265 ], [ 21.211699088840891, 60.405072444548701 ] ] ], [ [ [ 21.121920007614392, 60.533957218322101 ], [ 21.100828278195284, 60.455188286565331 ], [ 21.021615097609565, 60.484356793223675 ], [ 21.004071118340793, 60.531668690987686 ], [ 21.020040533016477, 60.562592636835305 ], [ 21.121920007614392, 60.533957218322101 ] ] ], [ [ [ 21.072655674934889, 60.404553180261153 ], [ 21.024799982641696, 60.327893946490548 ], [ 20.958050017924876, 60.427271379937608 ], [ 20.979149478461757, 60.473873733086826 ], [ 21.072655674934889, 60.404553180261153 ] ] ], [ [ [ 21.028158610065116, 60.686035083674568 ], [ 20.998869606916809, 60.58261533092378 ], [ 20.923972788901917, 60.609073601725804 ], [ 20.963983029252081, 60.711671113985034 ], [ 21.028158610065116, 60.686035083674568 ] ] ], [ [ [ 20.847290212504678, 63.143947409589622 ], [ 20.754098467513202, 63.037800023283189 ], [ 20.706828047862103, 63.057242890983765 ], [ 20.762838296543176, 63.161440119140686 ], [ 20.847290212504678, 63.143947409589622 ] ] ], [ [ [ 20.808475813019346, 60.225244931024122 ], [ 20.709352106766186, 60.22594007510196 ], [ 20.692522390654002, 60.259356629134096 ], [ 20.759222109842895, 60.311670063003149 ], [ 20.8346014278039, 60.271453050321348 ], [ 20.808475813019346, 60.225244931024122 ] ] ], [ [ [ 20.612957295369981, 60.045061653689558 ], [ 20.513267148385268, 59.972281223908105 ], [ 20.369206417403149, 60.019736732389475 ], [ 20.463364546600918, 60.09302297862596 ], [ 20.464575019520652, 60.131934059595388 ], [ 20.604644021860501, 60.105355758684951 ], [ 20.612957295369981, 60.045061653689558 ] ] ], [ [ [ 20.446284702622851, 60.319134222348211 ], [ 20.423457147389737, 60.229052174843751 ], [ 20.315116168380769, 60.253089632525665 ], [ 20.399282994970132, 60.345549496144031 ], [ 20.446284702622851, 60.319134222348211 ] ] ], [ [ [ 20.241792810487297, 60.283668055955069 ], [ 20.170282573945901, 60.176484212463279 ], [ 20.039699072472391, 60.19962272366493 ], [ 20.045651453497047, 60.128132675812473 ], [ 20.170492535761852, 60.087045107420295 ], [ 20.261107481322544, 60.16759021508323 ], [ 20.294133336016788, 60.096370957576838 ], [ 20.170131613091655, 60.013701799103217 ], [ 19.559419962057007, 60.194111367632345 ], [ 19.547747749395437, 60.210936192110537 ], [ 19.67096694446883, 60.29416530281955 ], [ 19.698707987830829, 60.370162111809961 ], [ 19.828590975473425, 60.248897235482779 ], [ 19.866502708534636, 60.413557057347397 ], [ 20.173271471715644, 60.348252966024681 ], [ 20.241792810487297, 60.283668055955069 ] ] ] ] } },
{ "type": "Feature", "properties": { "id": "BE", "na": "Belgique/België", "name": null, "progress": null, "gender": null, "rating": null, "col": null, "dob": null, "car": null }, "geometry": { "type": "Polygon", "coordinates": [ [ [ 5.102065902544253, 51.428582759431052 ], [ 5.110539791378758, 51.349408421586801 ], [ 5.237235351681716, 51.261500498453195 ], [ 5.499901031858355, 51.285586699475708 ], [ 5.567080109830792, 51.220017496249241 ], [ 5.789325870926222, 51.162412125958632 ], [ 5.798608149353608, 51.060541038980624 ], [ 5.764381844254659, 51.009325694120101 ], [ 5.669034681745582, 50.874049613663686 ], [ 5.687786213464403, 50.81114731032519 ], [ 5.679961507480791, 50.756336159739341 ], [ 5.772929797930837, 50.77341125889631 ], [ 5.890581551534349, 50.754950515576908 ], [ 6.019436443656636, 50.754928960143666 ], [ 6.209600913455696, 50.634167237231573 ], [ 6.189490830514157, 50.565373949516456 ], [ 6.193159759655275, 50.520075710371586 ], [ 6.314615472635119, 50.496788065776876 ], [ 6.404767500437424, 50.322525624273155 ], [ 6.367092613583838, 50.314522899250498 ], [ 6.187332328248544, 50.222368577139626 ], [ 6.139642308142473, 50.12991534819831 ], [ 6.025040271885477, 50.182763360829384 ], [ 5.900338172245977, 50.103387316373919 ], [ 5.744574366472888, 49.854576321864975 ], [ 5.895644639376826, 49.664760607744782 ], [ 5.81774995943469, 49.546028852096519 ], [ 5.734063074512222, 49.545167903426162 ], [ 5.470549561118569, 49.496259231271559 ], [ 5.392024550365256, 49.618079159324644 ], [ 5.155483394981318, 49.717288311288662 ], [ 4.969955421810921, 49.802397824351345 ], [ 4.872288951468211, 49.80938644257737 ], [ 4.80830283057691, 49.972441715254973 ], [ 4.850894905330603, 50.126696368849274 ], [ 4.79750984493981, 50.149278732533531 ], [ 4.661947596079609, 49.99521808389644 ], [ 4.431238669039279, 49.940936031643574 ], [ 4.234598743637338, 49.958414121419011 ], [ 4.139042775805337, 49.978544511364518 ], [ 4.207187665581339, 50.079848941925 ], [ 4.183637512213111, 50.237869492692901 ], [ 4.051883301083697, 50.337992751256031 ], [ 4.028121929424918, 50.357227161679802 ], [ 3.716283706359257, 50.326857872559778 ], [ 3.67271461402852, 50.397271957830831 ], [ 3.655411264702964, 50.462305654131953 ], [ 3.613196771141825, 50.48954281132896 ], [ 3.547901959269912, 50.497263432225871 ], [ 3.312978626285803, 50.52249017696672 ], [ 3.247079074432826, 50.71212479563156 ], [ 3.176121568777051, 50.755744358250674 ], [ 3.099489540597189, 50.778496051174706 ], [ 3.018294933329519, 50.773600752433623 ], [ 2.864251120016907, 50.709497519546105 ], [ 2.647761511109534, 50.825694103293181 ], [ 2.608102084404633, 50.911996340961679 ], [ 2.576502897169756, 51.001087923313214 ], [ 2.544768594957373, 51.090167631652626 ], [ 2.750577746018936, 51.162453921916004 ], [ 3.110847468560724, 51.311905172140101 ], [ 3.364092922286353, 51.369873587587492 ], [ 3.382153173817684, 51.275315047082543 ], [ 3.549750363672114, 51.29156317520917 ], [ 3.749270736812509, 51.266058874874105 ], [ 3.856851463833881, 51.210374498810495 ], [ 3.976557223162515, 51.225743534349661 ], [ 4.235094985661612, 51.348011081021831 ], [ 4.243189137123605, 51.3529594314329 ], [ 4.244677195776772, 51.375772394958908 ], [ 4.279633917020067, 51.375220148513876 ], [ 4.389664241601672, 51.366928445706698 ], [ 4.410326779515325, 51.447497328427943 ], [ 4.490637124238306, 51.469504450367481 ], [ 4.670501128616044, 51.425573927058281 ], [ 4.76203357780698, 51.502452326521876 ], [ 4.86585413039175, 51.434335095943801 ], [ 5.041197787166006, 51.466914466943358 ], [ 5.102065902544253, 51.428582759431052 ] ] ] } },
{ "type": "Feature", "properties": { "id": "DE", "na": "Deutschland", "name": null, "progress": null, "gender": null, "rating": null, "col": null, "dob": null, "car": null }, "geometry": { "type": "MultiPolygon", "coordinates": [ [ [ [ 9.421660280634468, 54.831436881007562 ], [ 9.421788658236759, 54.822367264464503 ], [ 9.492371438390476, 54.822673964274379 ], [ 9.925377330207722, 54.778333135505825 ], [ 10.033373675174158, 54.635500261308486 ], [ 9.97256503051937, 54.506256777323301 ], [ 10.168390189113248, 54.433587190492709 ], [ 10.172692359818997, 54.347418418380627 ], [ 10.34082129433984, 54.428698037488374 ], [ 10.711567963560164, 54.304677048602699 ], [ 10.936185070087252, 54.37347544649294 ], [ 11.074342178971833, 54.315662052977736 ], [ 11.066555565571994, 54.19327669531436 ], [ 10.781446805279565, 54.066163184965767 ], [ 10.840010480402954, 53.990947891226782 ], [ 10.903845203163616, 53.956481063569058 ], [ 11.154224967178092, 54.011073353038086 ], [ 11.327611032134202, 53.948092702519226 ], [ 11.560964662773204, 54.026989363567402 ], [ 11.652758438398932, 54.130114171269454 ], [ 11.778631421487189, 54.151040637476186 ], [ 11.997459087363515, 54.174904910646347 ], [ 12.200395760010528, 54.244035647618446 ], [ 12.285622429716254, 54.274244539286165 ], [ 12.455378015205651, 54.316357257560789 ], [ 12.537601298169941, 54.444009897721187 ], [ 12.765882933267784, 54.368788774942097 ], [ 12.965746170283433, 54.427693648260473 ], [ 13.181825620099961, 54.386020888157312 ], [ 13.208240944531763, 54.54646627382072 ], [ 13.324418674687021, 54.65234863353696 ], [ 13.456589253511092, 54.494404982298448 ], [ 13.551817732458041, 54.568888791260392 ], [ 13.640174438065536, 54.561790336541321 ], [ 13.565573246405092, 54.457271102275044 ], [ 13.663697696150859, 54.352258936029749 ], [ 13.383197400413247, 54.28308556839179 ], [ 13.320284746089248, 54.194012806302993 ], [ 13.475916583232186, 54.112551407806947 ], [ 13.818336865301559, 54.159153451796399 ], [ 13.960126264659262, 53.991207072299005 ], [ 14.099182112305952, 53.995722305037582 ], [ 14.226371915984428, 53.927825077520161 ], [ 14.211059797227655, 53.867041866280886 ], [ 14.064103958755762, 53.872010016357748 ], [ 13.909373645638077, 53.842995016385402 ], [ 13.972258476502414, 53.777398464345211 ], [ 14.267814000978669, 53.699304279258016 ], [ 14.412879409435982, 53.32849827397223 ], [ 14.433071062334854, 53.259627137163307 ], [ 14.377064545441455, 53.20035037655375 ], [ 14.340571151454714, 53.06313854487928 ], [ 14.145399373968177, 52.96102227171906 ], [ 14.157106493046287, 52.894767574297369 ], [ 14.15619710018056, 52.838031377362164 ], [ 14.437095209833801, 52.680337735811868 ], [ 14.565894598336362, 52.625515457857489 ], [ 14.631229044864522, 52.523051818440692 ], [ 14.533184224596809, 52.395082777281871 ], [ 14.600597415134128, 52.272102181905495 ], [ 14.693877911516214, 52.229827161775511 ], [ 14.75676903464756, 52.070562950016601 ], [ 14.718540106034729, 52.001671244135444 ], [ 14.612201062796943, 51.826417983630421 ], [ 14.740368641351209, 51.664558462470332 ], [ 14.731633370648822, 51.580850234527745 ], [ 14.768796800562994, 51.517997257281444 ], [ 14.933567045281924, 51.465711167810696 ], [ 14.974862185796219, 51.363972346936656 ], [ 15.021797049013033, 51.275602627956623 ], [ 14.998124036840121, 51.137997123115241 ], [ 14.822805580173023, 50.870464678551059 ], [ 14.765985877027976, 50.820560707812902 ], [ 14.619101648170892, 50.858342278247896 ], [ 14.583960350689276, 50.982428131454235 ], [ 14.490504234117106, 51.04288562257711 ], [ 14.318610767600489, 51.053961843269732 ], [ 14.283207557891185, 50.998489679090568 ], [ 14.364842655936712, 50.902305679542899 ], [ 13.829509365466047, 50.732793781544672 ], [ 13.653275623607117, 50.729431337968037 ], [ 13.500257144765914, 50.634276636934814 ], [ 13.054916795681962, 50.501675078310697 ], [ 12.946403690798176, 50.404630112437701 ], [ 12.816988919815465, 50.448742084453613 ], [ 12.584475253711521, 50.406552577431611 ], [ 12.323458743467679, 50.207881822358203 ], [ 12.099382865747742, 50.318880665263457 ], [ 12.15864235413898, 50.220192959393387 ], [ 12.261168897904124, 50.05706883013341 ], [ 12.549017359640549, 49.905715394786071 ], [ 12.402619511321657, 49.759091159944283 ], [ 12.59260750838537, 49.541503763650155 ], [ 12.637452884838684, 49.520031854105198 ], [ 12.635117731255283, 49.476949542036607 ], [ 12.791188915106758, 49.357394927730276 ], [ 12.984964480636901, 49.32290018005709 ], [ 13.170984706612357, 49.172457983759877 ], [ 13.367245869464101, 49.066794198841698 ], [ 13.415045510537341, 48.979027271069661 ], [ 13.550786934245949, 48.967981659532427 ], [ 13.837613689613125, 48.772177116346526 ], [ 13.796121909077549, 48.714520848105309 ], [ 13.808856662974758, 48.611830437525427 ], [ 13.727497688466986, 48.512336561592321 ], [ 13.511726826326255, 48.592086335176958 ], [ 13.438968903277329, 48.548924428886245 ], [ 13.394250218262602, 48.373084449020688 ], [ 13.17683702114412, 48.295481183042682 ], [ 12.943173391821016, 48.206539350124636 ], [ 12.750812248075036, 48.113822309468674 ], [ 12.862132554744136, 47.997393958538872 ], [ 12.876410849191604, 47.96294229562929 ], [ 12.984016598891104, 47.862371987128739 ], [ 12.928154793285103, 47.734363280881354 ], [ 13.077436167519142, 47.66664029453252 ], [ 13.044580874273782, 47.519846934966118 ], [ 12.923061337445713, 47.502718432134373 ], [ 12.695391263039172, 47.681267889511986 ], [ 12.597983367292315, 47.667720669414642 ], [ 12.576045943951291, 47.631887399773532 ], [ 12.499526612841253, 47.63139204854167 ], [ 12.452888132730486, 47.666527274501675 ], [ 12.337414756067261, 47.696317481706096 ], [ 12.20078833659422, 47.705965565776665 ], [ 12.18303995804656, 47.667702756482917 ], [ 12.16895845099231, 47.620277217990747 ], [ 12.06020400536697, 47.617838057931252 ], [ 11.632913476902967, 47.593257243858517 ], [ 11.562381529180291, 47.52160317336768 ], [ 11.409099358863823, 47.496433211874596 ], [ 11.41970451951695, 47.444052379958769 ], [ 11.017827831671474, 47.396305067875673 ], [ 10.98979420883142, 47.396563441758516 ], [ 10.888037511701526, 47.535986952659485 ], [ 10.454483056626556, 47.556821350046647 ], [ 10.433065046712251, 47.397928596690278 ], [ 10.180287603866862, 47.269177387131826 ], [ 10.196637298849389, 47.366814885338613 ], [ 10.112593020624711, 47.373747947660121 ], [ 10.000500302377173, 47.48282208021115 ], [ 9.968367300087149, 47.546407365117254 ], [ 9.558707035793853, 47.540978027587244 ], [ 9.494336733138491, 47.552054226742435 ], [ 9.364843052265099, 47.628593423561966 ], [ 9.183345064505632, 47.656911785175978 ], [ 8.873127565578903, 47.667782299945145 ], [ 8.840154413814714, 47.701504171832227 ], [ 8.79642647356056, 47.676049840177178 ], [ 8.671318873455935, 47.685957894565142 ], [ 8.663264762042184, 47.685859802733177 ], [ 8.690009386930322, 47.742961444622551 ], [ 8.61181628717233, 47.8010469452596 ], [ 8.511576237035227, 47.777020530191038 ], [ 8.426167604539435, 47.666807357031132 ], [ 8.499220679121217, 47.647392501994105 ], [ 8.607378088729686, 47.666993160949573 ], [ 8.425194900265984, 47.566853444269931 ], [ 7.893752309522291, 47.587428269739647 ], [ 7.714935758401936, 47.538396262871544 ], [ 7.633503978013986, 47.56165239714781 ], [ 7.587948064713602, 47.590190916107638 ], [ 7.519836491793866, 47.668184043624784 ], [ 7.544434214888657, 47.743710175343274 ], [ 7.602559008616437, 47.967619372912445 ], [ 7.579362939686276, 48.114756690208367 ], [ 7.579038432511128, 48.121563744710961 ], [ 7.682555695526955, 48.257792527871246 ], [ 7.822294943985116, 48.608083581031245 ], [ 7.961359772345893, 48.71971022326079 ], [ 8.232196942162677, 48.967256869149807 ], [ 8.069800439664423, 48.998624287532195 ], [ 7.910659415237061, 49.045711385726413 ], [ 7.637036320562411, 49.053892224267209 ], [ 7.482683086103084, 49.157244375901762 ], [ 7.370407015875376, 49.161479582255943 ], [ 7.24834012656171, 49.117677215875929 ], [ 7.100863556688351, 49.157105583047226 ], [ 6.927128141913657, 49.213796593235358 ], [ 6.785194579334553, 49.159854338539894 ], [ 6.723097019246242, 49.219380434286968 ], [ 6.555257854560187, 49.418775311038267 ], [ 6.364279306474765, 49.460472266500126 ], [ 6.36669345903075, 49.540050425954149 ], [ 6.4833268758906, 49.720898666476671 ], [ 6.476045017429973, 49.820601021981012 ], [ 6.364455895508116, 49.848875284280773 ], [ 6.178434009597329, 49.963145577601061 ], [ 6.139642308142473, 50.12991534819831 ], [ 6.187332328248544, 50.222368577139626 ], [ 6.367092613583838, 50.314522899250498 ], [ 6.404767500437424, 50.322525624273155 ], [ 6.314615472635119, 50.496788065776876 ], [ 6.193159759655275, 50.520075710371586 ], [ 6.189490830514157, 50.565373949516456 ], [ 6.209600913455696, 50.634167237231573 ], [ 6.019436443656636, 50.754928960143666 ], [ 6.087702208255526, 50.913963420784441 ], [ 5.879014044600696, 51.031630503394652 ], [ 6.173094657817391, 51.184771100342331 ], [ 6.072793308070663, 51.242737159274832 ], [ 6.223251567603987, 51.365789069910186 ], [ 6.193083039175166, 51.519206840916375 ], [ 5.954484000444706, 51.74736197641932 ], [ 6.004161028496281, 51.830808503001656 ], [ 6.169752503105768, 51.89988998086546 ], [ 6.408816735682293, 51.827966535173957 ], [ 6.778995760922256, 51.936279564826791 ], [ 6.731032493196174, 52.050713623966459 ], [ 6.761373670185719, 52.119638146792155 ], [ 7.06736189469133, 52.241081362556507 ], [ 7.009698113914958, 52.439337851663787 ], [ 6.698916160972779, 52.485594369316608 ], [ 6.71053053285034, 52.628898725784865 ], [ 7.005080378954, 52.638914680758901 ], [ 7.094764942079646, 52.838540477848994 ], [ 7.197917869933355, 52.981669854304755 ], [ 7.20295970498174, 53.113385607860742 ], [ 7.215332068911824, 53.202159453690605 ], [ 7.208167706430256, 53.242834558760869 ], [ 7.266397036987089, 53.325843338309966 ], [ 7.042978790088029, 53.336478342678099 ], [ 7.000393009982141, 53.360391748388857 ], [ 7.112741849909082, 53.583212545040524 ], [ 7.26982258380462, 53.700277317685902 ], [ 7.550931382244467, 53.674481960739051 ], [ 7.810360664026176, 53.706633948615398 ], [ 7.998450664801052, 53.703058060153012 ], [ 8.092993031721761, 53.638796442268934 ], [ 8.156953485576398, 53.53544904558202 ], [ 8.062398442181474, 53.506762268768895 ], [ 8.194252107226943, 53.408997632130465 ], [ 8.29715145261582, 53.453576732498384 ], [ 8.243345653108035, 53.54353107744695 ], [ 8.286786663626961, 53.598581963506078 ], [ 8.554394883298238, 53.524945201047387 ], [ 8.519637970662599, 53.606169542405226 ], [ 8.536167529649305, 53.790063257581089 ], [ 8.6891229150777, 53.891579037332356 ], [ 8.801087327306163, 53.83830087391911 ], [ 9.017164468464149, 53.835690959899942 ], [ 9.273979461589555, 53.866961065578465 ], [ 9.200147909868496, 53.880106495368203 ], [ 9.029907788021855, 53.881144561699557 ], [ 8.832706226002655, 54.024555943197534 ], [ 8.956195734732887, 54.071019391523123 ], [ 8.828782421514715, 54.165114845808475 ], [ 8.844483191296169, 54.267308621103361 ], [ 8.694017045568366, 54.32703850377947 ], [ 8.876970206417864, 54.439951541936146 ], [ 8.854872537957593, 54.564472681736781 ], [ 8.655033210821616, 54.811929939584118 ], [ 8.637595355216961, 54.911526334727654 ], [ 9.029799161501598, 54.881165401767227 ], [ 9.114813743007058, 54.872725268741561 ], [ 9.294937994755674, 54.810377923072203 ], [ 9.421660280634468, 54.831436881007562 ] ] ], [ [ [ 11.272661268115492, 54.415827938510688 ], [ 11.128051031944521, 54.410426077446843 ], [ 11.026522395105188, 54.449858950704929 ], [ 11.027930679989041, 54.506538432688849 ], [ 11.061197226574146, 54.528935095870253 ], [ 11.210088129813924, 54.50716383686617 ], [ 11.272661268115492, 54.415827938510688 ] ] ], [ [ [ 8.705470876495163, 54.556202756146973 ], [ 8.684628601856549, 54.476611613139653 ], [ 8.553045895249033, 54.502360507434354 ], [ 8.55644634781639, 54.53868563901343 ], [ 8.705470876495163, 54.556202756146973 ] ] ], [ [ [ 8.575028645694056, 54.677238833294616 ], [ 8.485955415310091, 54.676187903033529 ], [ 8.385906835905857, 54.715754873122528 ], [ 8.431530023684216, 54.75035646817868 ], [ 8.596221212237053, 54.743247076139554 ], [ 8.575028645694056, 54.677238833294616 ] ] ], [ [ [ 8.52890975692903, 53.998616315763933 ], [ 8.453839322610586, 53.906979385669501 ], [ 8.374644398586815, 53.930902026961171 ], [ 8.463677329167078, 54.015960572613679 ], [ 8.52890975692903, 53.998616315763933 ] ] ], [ [ [ 8.383893973836598, 54.647689805259574 ], [ 8.334018037890374, 54.60620840896005 ], [ 8.265922857064426, 54.666514491755784 ], [ 8.356844461562623, 54.738055044899539 ], [ 8.383893973836598, 54.647689805259574 ] ] ], [ [ [ 8.375191471295679, 54.867570863212649 ], [ 8.271579547293269, 54.866181603161287 ], [ 8.332785581048084, 54.982682576552634 ], [ 8.376290101860853, 54.958305451781257 ], [ 8.375191471295679, 54.867570863212649 ] ] ], [ [ [ 7.941931472160175, 54.20566288116742 ], [ 7.918421680033092, 54.119075075254301 ], [ 7.802434406974138, 54.212329304436039 ], [ 7.889350417400296, 54.236529952018387 ], [ 7.941931472160175, 54.20566288116742 ] ] ], [ [ [ 6.93162113733469, 53.685434091994992 ], [ 6.90212473892272, 53.58711197687002 ], [ 6.839926732180849, 53.624091465727517 ], [ 6.808264707621206, 53.679999462846297 ], [ 6.84809049331502, 53.699189393566634 ], [ 6.93162113733469, 53.685434091994992 ] ] ], [ [ [ 6.752090241123848, 53.635397883503089 ], [ 6.791084760970196, 53.543387358666102 ], [ 6.65743986396816, 53.55794414711778 ], [ 6.636514345088729, 53.591410636941582 ], [ 6.752090241123848, 53.635397883503089 ] ] ] ] } },
{ "type": "Feature", "properties": { "id": "NL", "na": "Nederland", "name": null, "progress": null, "gender": null, "rating": null, "col": null, "dob": null, "car": null }, "geometry": { "type": "MultiPolygon", "coordinates": [ [ [ [ 7.093881128355865, 53.256025124843951 ], [ 7.208167706430256, 53.242834558760869 ], [ 7.215332068911824, 53.202159453690605 ], [ 7.20295970498174, 53.113385607860742 ], [ 7.197917869933355, 52.981669854304755 ], [ 7.094764942079646, 52.838540477848994 ], [ 7.005080378954, 52.638914680758901 ], [ 6.71053053285034, 52.628898725784865 ], [ 6.698916160972779, 52.485594369316608 ], [ 7.009698113914958, 52.439337851663787 ], [ 7.06736189469133, 52.241081362556507 ], [ 6.761373670185719, 52.119638146792155 ], [ 6.731032493196174, 52.050713623966459 ], [ 6.778995760922256, 51.936279564826791 ], [ 6.408816735682293, 51.827966535173957 ], [ 6.169752503105768, 51.89988998086546 ], [ 6.004161028496281, 51.830808503001656 ], [ 5.954484000444706, 51.74736197641932 ], [ 6.193083039175166, 51.519206840916375 ], [ 6.223251567603987, 51.365789069910186 ], [ 6.072793308070663, 51.242737159274832 ], [ 6.173094657817391, 51.184771100342331 ], [ 5.879014044600696, 51.031630503394652 ], [ 6.087702208255526, 50.913963420784441 ], [ 6.019436443656636, 50.754928960143666 ], [ 5.890581551534349, 50.754950515576908 ], [ 5.772929797930837, 50.77341125889631 ], [ 5.679961507480791, 50.756336159739341 ], [ 5.687786213464403, 50.81114731032519 ], [ 5.669034681745582, 50.874049613663686 ], [ 5.764381844254659, 51.009325694120101 ], [ 5.798608149353608, 51.060541038980624 ], [ 5.789325870926222, 51.162412125958632 ], [ 5.567080109830792, 51.220017496249241 ], [ 5.499901031858355, 51.285586699475708 ], [ 5.237235351681716, 51.261500498453195 ], [ 5.110539791378758, 51.349408421586801 ], [ 5.102065902544253, 51.428582759431052 ], [ 5.041197787166006, 51.466914466943358 ], [ 4.86585413039175, 51.434335095943801 ], [ 4.76203357780698, 51.502452326521876 ], [ 4.670501128616044, 51.425573927058281 ], [ 4.490637124238306, 51.469504450367481 ], [ 4.410326779515325, 51.447497328427943 ], [ 4.389664241601672, 51.366928445706698 ], [ 4.279633917020067, 51.375220148513876 ], [ 4.244677195776772, 51.375772394958908 ], [ 3.776252157387557, 51.419928834257398 ], [ 3.572764209247714, 51.49989928496187 ], [ 3.637439167978233, 51.569423826903083 ], [ 3.858726724628037, 51.58580845098242 ], [ 3.839755455625986, 51.757689090912514 ], [ 4.046914023721162, 51.854804139614785 ], [ 4.000286349391561, 51.972971291804065 ], [ 4.129350175808102, 51.999939782569356 ], [ 4.160963757075643, 52.028797380648427 ], [ 4.197602732285477, 52.053344256456711 ], [ 4.375546849914747, 52.187000352271916 ], [ 4.495582975121401, 52.329037484478341 ], [ 4.562517378051418, 52.436683879472305 ], [ 4.608364896839528, 52.572874710230316 ], [ 4.648668320223384, 52.756517034285714 ], [ 4.729428213403111, 53.055545997623121 ], [ 4.821344409874063, 53.157251860670605 ], [ 4.894661690375451, 53.112659518622856 ], [ 4.791072423502265, 52.994599534848426 ], [ 4.837265218403529, 52.910239970587511 ], [ 5.165371043821663, 53.00114595436191 ], [ 5.411460683629031, 53.151613186987298 ], [ 5.433280779616885, 53.202410817140262 ], [ 5.825494295034639, 53.368742055554812 ], [ 6.190602844104514, 53.410280958072327 ], [ 6.300842605146821, 53.40007325410091 ], [ 6.751696371799463, 53.460643216828466 ], [ 6.874166719133343, 53.407125746853609 ], [ 6.920124141461349, 53.337955581119076 ], [ 7.072834391101296, 53.298629581959609 ], [ 7.093881128355865, 53.256025124843951 ] ] ], [ [ [ 6.682008484472129, 53.535921743740182 ], [ 6.621596029309836, 53.491136668198003 ], [ 6.54544049132514, 53.529849118964194 ], [ 6.62023386966148, 53.565994529136582 ], [ 6.682008484472129, 53.535921743740182 ] ] ], [ [ [ 5.727281805764807, 53.440256175287061 ], [ 5.63074795022074, 53.402752953928477 ], [ 5.562007409040572, 53.450220438856292 ], [ 5.657436108335278, 53.499092127391371 ], [ 5.727281805764807, 53.440256175287061 ] ] ], [ [ [ 5.232469118023581, 53.33549186382988 ], [ 5.164986012415397, 53.328271343966613 ], [ 5.142503568728065, 53.365992383066441 ], [ 5.15732418978319, 53.396119525813127 ], [ 5.195639852191198, 53.42036206332957 ], [ 5.227181990295758, 53.423879494292223 ], [ 5.262237137878854, 53.395723044754469 ], [ 5.261736383762069, 53.400246728170323 ], [ 5.265776058719191, 53.404947835622984 ], [ 5.270066638167497, 53.407386953443975 ], [ 5.274607503749495, 53.40756405225163 ], [ 5.301605048772128, 53.41088501234421 ], [ 5.306146395189097, 53.411060932958712 ], [ 5.310935676137787, 53.408974728833577 ], [ 5.315972080976524, 53.404626365431284 ], [ 5.321007439759956, 53.40027778618731 ], [ 5.321501936720297, 53.395753824040249 ], [ 5.322243444034611, 53.388967874003086 ], [ 5.318199032427649, 53.38426861875957 ], [ 5.314155480342801, 53.379569232468384 ], [ 5.309865126614532, 53.377131673146728 ], [ 5.305575251377589, 53.374693964410639 ], [ 5.301037749736532, 53.374518043966326 ], [ 5.296748625264664, 53.372080026784289 ], [ 5.292459979128625, 53.369641860263812 ], [ 5.283137144490531, 53.371550770255674 ], [ 5.278600053378497, 53.371374012080203 ], [ 5.273813464920063, 53.373458958022496 ], [ 5.269026403390276, 53.375543712001374 ], [ 5.263988764814289, 53.379890123586108 ], [ 5.263488460615766, 53.384413819994428 ], [ 5.258449172105992, 53.388759990185903 ], [ 5.260201790074336, 53.372927124465832 ], [ 5.232469118023581, 53.33549186382988 ] ] ], [ [ [ 4.235094985661612, 51.348011081021831 ], [ 3.976557223162515, 51.225743534349661 ], [ 3.856851463833881, 51.210374498810495 ], [ 3.749270736812509, 51.266058874874105 ], [ 3.549750363672114, 51.29156317520917 ], [ 3.382153173817684, 51.275315047082543 ], [ 3.364092922286353, 51.369873587587492 ], [ 3.547441887949203, 51.400657926972919 ], [ 3.804329499431058, 51.341803792341146 ], [ 3.977093856420462, 51.387262728216065 ], [ 4.235094985661612, 51.348011081021831 ] ] ] ] } },
{ "type": "Feature", "properties": { "id": "IE", "na": "Éire/Ireland", "name": null, "progress": null, "gender": null, "rating": null, "col": null, "dob": null, "car": null }, "geometry": { "type": "MultiPolygon", "coordinates": [ [ [ [ -7.703731628916672, 54.609271582332894 ], [ -8.00414832158387, 54.532644626553221 ], [ -8.13353016408978, 54.443482618059697 ], [ -8.103202587734419, 54.408370804742503 ], [ -7.848923181948739, 54.227024096797244 ], [ -7.612576575036352, 54.147573555691466 ], [ -7.299437830494925, 54.132290490362379 ], [ -7.16209412392467, 54.237858713266178 ], [ -7.190323754327703, 54.338475786722995 ], [ -7.02179960586554, 54.406349313659938 ], [ -6.865084359991987, 54.330607327228918 ], [ -6.787822458455521, 54.213587034402401 ], [ -6.64485029387049, 54.179903651552785 ], [ -6.655989867088732, 54.090173597344531 ], [ -6.594815237592363, 54.045204298228917 ], [ -6.270336086857207, 54.103181484107125 ], [ -6.188524831588445, 54.016787271158115 ], [ -6.356862941633247, 53.950067920310623 ], [ -6.250614007275756, 53.825321915530758 ], [ -6.213170266580995, 53.633356671732756 ], [ -6.096805980288243, 53.551706728239218 ], [ -6.171015918776769, 53.330846804177348 ], [ -6.101534079678627, 53.210510727681893 ], [ -6.028375511446479, 52.956354264429052 ], [ -6.144358050201605, 52.736744719894965 ], [ -6.290716854746828, 52.466347554693087 ], [ -6.348112783250515, 52.41201101466519 ], [ -6.365250359227764, 52.372537083243699 ], [ -6.428461258549734, 52.321959717351746 ], [ -6.337220460029715, 52.237410644142905 ], [ -6.376170178655771, 52.18328680032787 ], [ -6.963430340063076, 52.215312341423029 ], [ -7.026693516842021, 52.143404831511802 ], [ -7.416751832227138, 52.125157756219345 ], [ -7.572517652804279, 52.080787085136159 ], [ -7.631003406844816, 51.988203906154411 ], [ -7.840434290066296, 51.953820688971369 ], [ -8.691459985094813, 51.604698450614791 ], [ -9.328445929786183, 51.492072617725796 ], [ -9.588617697603048, 51.5460408503602 ], [ -9.652024954464544, 51.677883635409557 ], [ -10.006942749560167, 51.644597578304477 ], [ -10.023376107359761, 51.770562403850469 ], [ -10.291586228247498, 51.864128971516628 ], [ -10.06053075615413, 52.080383054256536 ], [ -10.298402044431088, 52.144321210859594 ], [ -10.290545243664965, 52.216054589883811 ], [ -9.934056152602777, 52.266237424437627 ], [ -9.797488985539008, 52.472269027347693 ], [ -9.598369373198221, 52.555084585681023 ], [ -9.364528586749703, 52.573063925310748 ], [ -9.657444106860142, 52.652816123108394 ], [ -9.296781636505626, 53.079986452895874 ], [ -9.00911501037378, 53.140691999142184 ], [ -9.004097824927042, 53.20224726552398 ], [ -9.048468896313629, 53.258204451505563 ], [ -9.713772268371768, 53.245114706553522 ], [ -9.846230665872653, 53.314316170555465 ], [ -9.874608138872167, 53.403288409667752 ], [ -10.087915987841317, 53.421237002283704 ], [ -10.139131150315599, 53.496985198810926 ], [ -10.06711269662307, 53.584233470376816 ], [ -9.907810167403404, 53.620385085759516 ], [ -9.89040573002595, 53.752216841964469 ], [ -9.682793432827143, 53.828793390030434 ], [ -9.729952492880134, 53.886622778435957 ], [ -9.938441919548888, 53.880184423102541 ], [ -10.064417649098361, 53.959976435251406 ], [ -10.040370888832713, 53.999188016618078 ], [ -9.868270594143485, 53.992661928955307 ], [ -9.963119796420028, 54.195006751128311 ], [ -10.056528988275621, 54.217009935263015 ], [ -10.03902098301802, 54.259809132649714 ], [ -9.695274911417766, 54.321123030740999 ], [ -9.350725210453735, 54.311242229681838 ], [ -9.13388957632456, 54.160982522367398 ], [ -8.982011902245249, 54.269149449132989 ], [ -8.664840801382768, 54.283491487542967 ], [ -8.585751096775972, 54.384394812991481 ], [ -8.270291996836452, 54.541953923903264 ], [ -8.281038173114709, 54.607995665000978 ], [ -8.625111292691884, 54.625906636069168 ], [ -8.746303553752112, 54.686750153031227 ], [ -8.464372515340523, 54.846473637095173 ], [ -8.418583966954698, 55.000444617331304 ], [ -8.280478662106557, 55.126088670070345 ], [ -7.682725821393809, 55.229527194721982 ], [ -7.528684657467223, 55.072179202904891 ], [ -7.478763426736693, 55.246883039546226 ], [ -7.376022846887837, 55.314884473874102 ], [ -7.056058148172634, 55.247696116737259 ], [ -7.256619329707746, 55.066350495878574 ], [ -7.612778367300182, 54.755143462826901 ], [ -7.817876217330543, 54.702146196829077 ], [ -7.703731628916672, 54.609271582332894 ] ] ], [ [ [ -8.469069970968777, 54.992860991939025 ], [ -8.546935134557353, 54.939080732682619 ], [ -8.605465759236335, 55.042339003553685 ], [ -8.544245715269655, 55.058600393528089 ], [ -8.469069970968777, 54.992860991939025 ] ] ], [ [ [ -9.681763408279922, 51.469231441188427 ], [ -9.767460061389716, 51.447419114742281 ], [ -9.815495979814223, 51.4835671764911 ], [ -9.757027127826523, 51.535811192664227 ], [ -9.692994735859925, 51.535148862216133 ], [ -9.681763408279922, 51.469231441188427 ] ] ], [ [ [ -10.118753215192902, 54.03063386168084 ], [ -10.134912168373832, 53.927024363869236 ], [ -10.224017003369996, 53.980059012435355 ], [ -10.212000602945455, 54.043112980080053 ], [ -10.118753215192902, 54.03063386168084 ] ] ] ] } },
{ "type": "Feature", "properties": { "id": "UK", "na": "United Kingdom", "name": null, "progress": null, "gender": null, "rating": null, "col": null, "dob": null, "car": null }, "geometry": { "type": "MultiPolygon", "coordinates": [ [ [ [ 0.208750558452374, 51.489248973047758 ], [ 0.151019388808298, 51.511800430217697 ], [ 0.097160218795673, 51.516371680883957 ], [ 0.011167776177342, 51.506735174886707 ], [ -0.08161107890646, 51.507876166122642 ], [ -0.112873214120653, 51.509735279517621 ], [ -0.151570474015072, 51.485785413374984 ], [ -0.244822407014606, 51.489039510426728 ], [ -0.223489283878823, 51.472622696517313 ], [ -0.129465581333833, 51.485426786343155 ], [ -0.108049033311458, 51.507868172381563 ], [ -0.023766346216505, 51.48544152664919 ], [ 0.125560390571537, 51.507357209145788 ], [ 0.219335937681874, 51.480998605391918 ], [ 0.263065434230952, 51.46181688524819 ], [ 0.382613972393069, 51.458057288412078 ], [ 0.457977943366424, 51.455128008952698 ], [ 0.673048238550968, 51.456587093521499 ], [ 0.628297486495225, 51.375340555948526 ], [ 0.795722937265524, 51.436675884927695 ], [ 0.905224838106257, 51.372238439596643 ], [ 0.949888249079398, 51.346051004679587 ], [ 1.102615915386739, 51.371546013985203 ], [ 1.416542992166137, 51.356372580591412 ], [ 1.364191634020148, 51.14716416653652 ], [ 1.10481928875473, 51.068174355008949 ], [ 1.038819313876364, 51.049378727848172 ], [ 0.974316430860332, 51.000983656300988 ], [ 0.954616658491366, 50.924108594538666 ], [ 0.906702727981858, 50.924902682779461 ], [ 0.85495659664957, 50.923089756384456 ], [ 0.261242111019298, 50.750992651863129 ], [ -0.039771761600881, 50.800490678496011 ], [ -0.2151928940493, 50.828466465830488 ], [ -0.793491134118407, 50.736624282420408 ], [ -0.93138591661607, 50.842610003649433 ], [ -0.986686608563806, 50.800693233044228 ], [ -1.024992548901892, 50.833656966898879 ], [ -1.07066873018315, 50.806358125920731 ], [ -1.125515988168499, 50.835406367165042 ], [ -1.211562898702183, 50.813286312840745 ], [ -1.367387483304735, 50.880433228148213 ], [ -1.449734004824728, 50.913499857529082 ], [ -1.343855945063798, 50.802566769149287 ], [ -1.693160274769447, 50.737649589121105 ], [ -1.741202496203634, 50.721266815333756 ], [ -2.031409379890751, 50.716341867666934 ], [ -1.980165140248381, 50.652902572658306 ], [ -2.01934360726929, 50.602904978029827 ], [ -2.515634176640226, 50.606927169174988 ], [ -2.58622391554126, 50.626718619533499 ], [ -2.946692986433713, 50.717361886624523 ], [ -3.262695672284986, 50.662687455575963 ], [ -3.507943503517173, 50.516542441652319 ], [ -3.511149918668446, 50.378102422214084 ], [ -3.676754265905828, 50.217840777429487 ], [ -3.835648274537193, 50.228439212330798 ], [ -3.9311474617139, 50.30192455908152 ], [ -4.074499177079804, 50.302617993597131 ], [ -4.122746962172693, 50.347295898237135 ], [ -4.185443839262061, 50.424720914639394 ], [ -4.218522837995908, 50.475886887723398 ], [ -4.287658327543335, 50.375008405780989 ], [ -4.735770823035857, 50.319862159478696 ], [ -4.816899456756309, 50.233107472098645 ], [ -5.07018417779927, 50.183402511517329 ], [ -5.08271867252317, 50.033946039635509 ], [ -5.195684550067366, 49.981779872068913 ], [ -5.455159572233731, 50.11276036430197 ], [ -5.682345898459309, 50.065128879747355 ], [ -5.662639022334207, 50.148807038530528 ], [ -5.286015660065182, 50.272156316785171 ], [ -5.069090591212833, 50.435233077054676 ], [ -4.999630799203692, 50.557578159306168 ], [ -4.81018732369462, 50.607827197488433 ], [ -4.616250501622813, 50.741336388944575 ], [ -4.543889388923937, 50.928178386064225 ], [ -4.498702496107845, 51.007710695750468 ], [ -4.309329844882067, 51.008465715073839 ], [ -4.159583351544229, 51.192977559668655 ], [ -3.720562512298437, 51.232341965725013 ], [ -3.058895018654114, 51.189642487052176 ], [ -2.995088043714791, 51.320981294737663 ], [ -2.807636217720977, 51.470589665926667 ], [ -2.681703873721859, 51.479849318105735 ], [ -2.673465451486063, 51.545069562493495 ], [ -2.58639456456272, 51.630339179800401 ], [ -2.532882674996577, 51.677458811343726 ], [ -2.582208785523351, 51.662946266274034 ], [ -2.664771894418254, 51.640199028164766 ], [ -3.082825429407738, 51.501891439831866 ], [ -3.193203813122435, 51.40888583331693 ], [ -3.376887588848008, 51.385473261552754 ], [ -3.637478577881076, 51.470082142394048 ], [ -3.753128321973306, 51.513945629905585 ], [ -3.887602074604087, 51.6176444017931 ], [ -4.178662998773494, 51.550131894701266 ], [ -4.280105494485752, 51.574539927249631 ], [ -4.255597036774036, 51.623660115870756 ], [ -4.05301129692204, 51.703689172582756 ], [ -4.520845193104597, 51.738322054824216 ], [ -4.98250455811892, 51.61725582125279 ], [ -5.161890520098767, 51.723243267748622 ], [ -5.154384030556705, 51.832794874061229 ], [ -5.227649306338608, 51.901767242103354 ], [ -5.036874545213005, 52.016649581324693 ], [ -4.279305819980792, 52.240853624543981 ], [ -3.931045621645412, 52.554554605019796 ], [ -4.080746018252078, 52.594392732083712 ], [ -4.089681349866587, 52.73390566146125 ], [ -4.181945087090825, 52.888856456099404 ], [ -4.521183621129639, 52.817825271583615 ], [ -4.641370376586027, 52.846876193622784 ], [ -4.175755664629508, 53.203109767400285 ], [ -4.004874870805019, 53.246305499836595 ], [ -3.749387577474771, 53.315092739074764 ], [ -3.362574830268939, 53.351929146170853 ], [ -3.100368939335408, 53.268146849564197 ], [ -3.109306572544614, 53.297066880256921 ], [ -3.171369994662087, 53.377668933372803 ], [ -3.056857033704806, 53.426969167877544 ], [ -2.927569218280627, 53.307601290802289 ], [ -2.754044512022532, 53.31468356764757 ], [ -2.828629043357952, 53.332013965493658 ], [ -2.946610551023713, 53.369920349988583 ], [ -3.009546065245073, 53.438997153702665 ], [ -3.087924967217878, 53.556979904575108 ], [ -2.954600072828701, 53.69784214965518 ], [ -2.836027586208432, 53.721984009320245 ], [ -3.058468287280922, 53.776355107069435 ], [ -3.047691195138091, 53.876409800487828 ], [ -2.879918614219405, 53.970206728290378 ], [ -2.900705144163632, 54.036977928714194 ], [ -2.831038263462771, 54.11560795429051 ], [ -2.868734206081784, 54.176009820752228 ], [ -3.149162011706689, 54.093191571981656 ], [ -3.362127707242316, 54.226514831079065 ], [ -3.618380650650345, 54.527534923082698 ], [ -3.36564070483275, 54.889099616132604 ], [ -3.2495710382661, 54.945309498018538 ], [ -3.123823064337075, 54.928773587608134 ], [ -3.056061833086746, 54.986546296980137 ], [ -3.51234203499494, 54.967589421783174 ], [ -3.973612793963916, 54.78267072856115 ], [ -4.366508301389755, 54.845960610135677 ], [ -4.436704957673323, 54.706211241101691 ], [ -4.833018197158182, 54.855416478186001 ], [ -4.967755013430478, 54.712023577307178 ], [ -5.149461529037244, 54.900174560388749 ], [ -5.130030488030648, 54.976551386109733 ], [ -5.040707509237522, 54.996698741689258 ], [ -4.998095636066783, 55.115142272251667 ], [ -4.981059784420301, 55.147252409115517 ], [ -4.873163947419657, 55.222627345566849 ], [ -4.849990970422656, 55.26468363244139 ], [ -4.643201282493401, 55.469351691762085 ], [ -4.656158069517874, 55.569476371093408 ], [ -4.847384681815127, 55.671757909280345 ], [ -4.890911332186263, 55.708210116390013 ], [ -4.858817909339609, 55.779045903026166 ], [ -4.89064427299513, 55.874690387634729 ], [ -4.850668401246092, 55.95106920874354 ], [ -4.476268392157101, 55.9183045093896 ], [ -4.390989080991671, 55.888800125107252 ], [ -4.478759933185819, 55.924947251632865 ], [ -4.677128765666247, 55.964423180030799 ], [ -4.713564504306919, 55.994848564122748 ], [ -4.763993908117683, 56.009769242008439 ], [ -4.847021998330786, 55.993109387796196 ], [ -4.878300768810035, 56.06110208353671 ], [ -4.748879545451369, 56.20337228909171 ], [ -4.896484643732419, 56.056650635642796 ], [ -5.049526988659471, 55.811868497426318 ], [ -5.356020974197263, 55.860453455105898 ], [ -5.366912553458506, 55.713297947480932 ], [ -5.176802251838952, 55.669336341951833 ], [ -5.100068069103862, 55.535201497041157 ], [ -5.121374029342756, 55.463241920921767 ], [ -5.267968604930446, 55.46159381980948 ], [ -5.416124222912737, 55.600777922092597 ], [ -5.557940827881132, 55.400297378160353 ], [ -5.721728803344647, 55.368148550179626 ], [ -5.561498560131493, 56.270667515942009 ], [ -5.453003004767096, 56.534050836049211 ], [ -5.605968495481573, 56.513128669634042 ], [ -5.844295627830775, 56.346950466909462 ], [ -6.227239439937899, 56.335726579720436 ], [ -6.234765557822545, 56.576173315786967 ], [ -6.071146847295402, 56.738418971470601 ], [ -5.830342923758939, 56.854181062359167 ], [ -5.783743377486151, 57.068621088119208 ], [ -5.959824123828052, 57.072500433994968 ], [ -6.079986143019478, 57.159722680574248 ], [ -6.322939796048562, 57.219872173941042 ], [ -6.682215632484088, 57.453119769029236 ], [ -6.597504730646644, 57.540693509643802 ], [ -6.299034278298278, 57.629444839099449 ], [ -6.181547455629893, 57.565067117287157 ], [ -6.084651842898085, 57.393613977879724 ], [ -5.917607236143408, 57.307414413544272 ], [ -5.504158731271215, 57.366662876034631 ], [ -5.805736404212365, 57.406908412380467 ], [ -5.825044287185877, 57.522885409091927 ], [ -5.744407537435964, 57.588308519415591 ], [ -5.792278982816129, 57.80527454860821 ], [ -5.32196615537762, 57.928111306992641 ], [ -5.397235030717077, 58.042201788084967 ], [ -5.32988054468067, 58.105654758821508 ], [ -5.327289085349841, 58.221851418740073 ], [ -5.169701319986706, 58.297867658511848 ], [ -5.008017807698259, 58.589523943832646 ], [ -4.247068436391927, 58.538328243555036 ], [ -3.084695100253569, 58.633456905488977 ], [ -3.07230637543501, 58.443350482593836 ], [ -3.146846894381057, 58.359990519654872 ], [ -3.951631875469436, 57.966580778770158 ], [ -4.028854869066389, 57.856799696804131 ], [ -3.907436882513712, 57.811929703435808 ], [ -3.927588805652218, 57.742851246730766 ], [ -4.097298937097437, 57.685519896207708 ], [ -4.107791762245358, 57.605869524786975 ], [ -4.208514253582437, 57.532627149848068 ], [ -4.431009606805201, 57.494417748317737 ], [ -4.197073923683096, 57.489980115510157 ], [ -4.032111045759984, 57.583966829603682 ], [ -3.404554999032772, 57.716383541273558 ], [ -2.802525353962893, 57.695627700140818 ], [ -2.585772984055628, 57.695789003688844 ], [ -2.513525355720928, 57.695763894888039 ], [ -2.095826108858133, 57.69564131233934 ], [ -1.888042324641716, 57.627214352846515 ], [ -1.816223541777872, 57.50044293823801 ], [ -2.092710261652514, 57.125956290547968 ], [ -2.213983916691135, 56.907777144297569 ], [ -2.425632922761126, 56.75428292926987 ], [ -2.584668183391622, 56.552576863786022 ], [ -3.052804942998086, 56.457466725928441 ], [ -3.140940949639038, 56.423123683730367 ], [ -3.251066364557672, 56.35188313040392 ], [ -2.863445062693075, 56.444403704582705 ], [ -2.670715011023585, 56.270407215682511 ], [ -3.398462882657924, 56.032416355086859 ], [ -3.8509556507209, 56.119808193210687 ], [ -3.819066082223201, 56.100224210113375 ], [ -3.516344118765581, 56.001469842438532 ], [ -3.425056384116717, 55.995048921608429 ], [ -3.077325455209942, 55.946228857911748 ], [ -2.755397862834476, 56.061848245804683 ], [ -2.585195939415815, 56.009842645227536 ], [ -2.514379505087726, 55.989258169481879 ], [ -2.367492073442822, 55.946205796824366 ], [ -2.035014239554561, 55.81054724967052 ], [ -1.633243570001933, 55.547558034105442 ], [ -1.46190542084567, 55.074815104102179 ], [ -1.362368648058743, 54.94408233278137 ], [ -1.348388105568411, 54.860539168641154 ], [ -1.243312903547523, 54.723421923536485 ], [ -1.232166201950737, 54.71755886154579 ], [ -1.216379609290148, 54.712115855801059 ], [ -1.210500534686808, 54.708065341115393 ], [ -1.179561158034781, 54.699407496265522 ], [ -1.17430331401361, 54.697591101104798 ], [ -1.178329467609507, 54.694935689480573 ], [ -1.188228924817899, 54.69633206429868 ], [ -1.196895438948215, 54.693256042809615 ], [ -1.195662110367473, 54.688784430111255 ], [ -1.199069397759328, 54.683892563746959 ], [ -1.197836227173333, 54.679420972828048 ], [ -1.183015684460708, 54.660138353145065 ], [ -1.160165891358378, 54.64616371545759 ], [ -1.168824259015179, 54.64308976449329 ], [ -1.166368298871831, 54.634145859122178 ], [ -1.165754510272111, 54.631909873247047 ], [ -1.164527174689034, 54.627437890057301 ], [ -1.168547575488409, 54.624782876742266 ], [ -1.173181435741634, 54.624363688467092 ], [ -1.177201008965264, 54.621708404984226 ], [ -1.180605804105559, 54.616817093067326 ], [ -1.184009857179991, 54.611925697931063 ], [ -1.182781367843851, 54.607453914268021 ], [ -1.181553200677138, 54.602982115279708 ], [ -1.184956180290515, 54.598090710592864 ], [ -1.188358418769066, 54.593199222716862 ], [ -1.192374208294423, 54.590543497879615 ], [ -1.195775048132845, 54.585651825301809 ], [ -1.204418609682443, 54.582575580815423 ], [ -1.228794157270566, 54.584942814416316 ], [ -1.213676195427933, 54.581734475935733 ], [ -1.203803828332515, 54.580339801338184 ], [ -1.194546379509455, 54.581180165833445 ], [ -1.162414088343365, 54.602422954221353 ], [ -1.152538570791968, 54.601024228014595 ], [ -1.154376066757851, 54.607732412407721 ], [ -1.152194040710833, 54.617095172240553 ], [ -1.154645469499497, 54.626039407897501 ], [ -1.141354901336642, 54.629530515884298 ], [ -1.139169309955286, 54.638893099969927 ], [ -1.128673912433204, 54.635256423079085 ], [ -1.123426936891814, 54.633437742470782 ], [ -0.790601820197485, 54.559902684746284 ], [ -0.561891831015371, 54.462953442183853 ], [ -0.212278655755236, 54.158464902626122 ], [ -0.151891386996557, 54.122318491254013 ], [ -0.202500417880496, 54.042631347295746 ], [ -0.181654414068646, 53.957460326211176 ], [ 0.000826347305087, 53.759922478482082 ], [ 0.082206257982884, 53.67057973101376 ], [ -0.096656767504545, 53.644387034764463 ], [ -0.248166594305778, 53.734595456216887 ], [ -0.420801605513854, 53.719897045667501 ], [ -0.699949510392943, 53.686437800439407 ], [ -0.310277503956222, 53.704173866181478 ], [ 0.019258644745305, 53.525958837391336 ], [ 0.172207600561211, 53.463056923990841 ], [ 0.26132437723005, 53.335443867682592 ], [ 0.328786212156808, 53.240337645526139 ], [ 0.326733088264022, 53.107646244522805 ], [ 0.25968601883562, 53.061088979432164 ], [ 0.085114812816485, 52.927912465796645 ], [ 0.261258663590324, 52.812137558753889 ], [ 0.402285457963407, 52.830419030136426 ], [ 0.585409597890322, 52.968334863543923 ], [ 1.060495778156253, 52.956807019352389 ], [ 1.391209489239333, 52.892062983740558 ], [ 1.673501375429727, 52.743292155056423 ], [ 1.740720220828331, 52.531350518175778 ], [ 1.551596581575734, 52.089275516611011 ], [ 1.335663375349448, 51.964080413347915 ], [ 1.10472561473339, 51.942255888562023 ], [ 1.227652369112955, 51.926402451899683 ], [ 1.251322309849397, 51.873407862669936 ], [ 1.109327864869484, 51.785135639905356 ], [ 0.90623270197009, 51.783230504165552 ], [ 0.844801000998195, 51.780724485130953 ], [ 0.919860258975385, 51.715804786924487 ], [ 0.905115192248196, 51.657587547934909 ], [ 0.588654903055057, 51.630218298158766 ], [ 0.810954125862194, 51.599985751823624 ], [ 0.822820536956444, 51.541558658125361 ], [ 0.809824276196242, 51.540534288982158 ], [ 0.626537872377197, 51.532780933529907 ], [ 0.512563806436585, 51.530403957002278 ], [ 0.383602322442654, 51.474131503483299 ], [ 0.263529296422466, 51.480136217646184 ], [ 0.208750558452374, 51.489248973047758 ] ] ], [ [ [ -0.984375647380558, 60.576845778454107 ], [ -1.126804222660431, 60.420977350602151 ], [ -1.052694305256571, 60.332601397628167 ], [ -1.123004458201733, 60.31098771 ], [ -1.299096722274668, 59.91778107358985 ], [ -1.364469405941917, 59.981413020829947 ], [ -1.312830943067166, 60.169456475440604 ], [ -1.509242874343289, 60.178771431467773 ], [ -1.660319150705998, 60.262899376452339 ], [ -1.475261899947085, 60.383890582203179 ], [ -1.542332598348657, 60.511811824620835 ], [ -1.428561338109348, 60.585428376455155 ], [ -1.354769817807073, 60.582157591710704 ], [ -1.29674643371659, 60.462655268093641 ], [ -1.192174166238325, 60.482460179489053 ], [ -1.126433971309608, 60.699067417379716 ], [ -0.860643626813067, 60.809175081225341 ], [ -0.809593273277831, 60.774001124835671 ], [ -0.848587511277113, 60.62174136924336 ], [ -0.984375647380558, 60.576845778454107 ] ] ], [ [ [ -1.199396139140701, 50.601441915001814 ], [ -1.301366765173408, 50.575362189879691 ], [ -1.486876111183454, 50.659980190484916 ], [ -1.5110329562405, 50.687346030546074 ], [ -1.300008904211367, 50.765656976978008 ], [ -1.11231476978755, 50.69010486130734 ], [ -1.199396139140701, 50.601441915001814 ] ] ], [ [ [ -1.579986206894189, 59.508515532852975 ], [ -1.701820535582735, 59.500530562098206 ], [ -1.654126132903375, 59.582735096467111 ], [ -1.559097678251609, 59.574625752343763 ], [ -1.579986206894189, 59.508515532852975 ] ] ], [ [ [ -2.004323528185831, 60.141856922792748 ], [ -2.04837958669991, 60.080526364117596 ], [ -2.093919887078481, 60.099616394250219 ], [ -2.141497947653086, 60.139241142836433 ], [ -2.093473629316919, 60.189441227262982 ], [ -2.004323528185831, 60.141856922792748 ] ] ], [ [ [ -2.497752549720769, 59.216399285020486 ], [ -2.582737805978612, 59.213210554681183 ], [ -2.598871616116799, 59.227848316640788 ], [ -2.614933923306927, 59.286259451594901 ], [ -2.584118826802506, 59.305218374694846 ], [ -2.554412400163205, 59.312549876498203 ], [ -2.497752549720769, 59.216399285020486 ] ] ], [ [ [ -2.582191311104935, 59.049736285256458 ], [ -2.640848117736881, 59.048909317623703 ], [ -2.629780027186787, 59.121340305545971 ], [ -2.586270620745673, 59.134574820191496 ], [ -2.544685697116097, 59.138404232144005 ], [ -2.525728152037287, 59.100997226178087 ], [ -2.582191311104935, 59.049736285256458 ] ] ], [ [ [ -2.761837819031403, 59.129781342874367 ], [ -2.799024212834591, 59.128600744382865 ], [ -2.830526820747121, 59.21321405966119 ], [ -2.770044330867029, 59.253444076627233 ], [ -2.723827433544268, 59.128724624885159 ], [ -2.761837819031403, 59.129781342874367 ] ] ], [ [ [ -3.016436208046076, 59.006574952907663 ], [ -2.889324589771473, 58.981811780449732 ], [ -2.889968014180765, 59.055499908355763 ], [ -2.827321120418617, 59.089070589094973 ], [ -2.767379230231909, 59.014059066214088 ], [ -2.804333731306864, 58.969109850292412 ], [ -2.763986762526692, 58.917614128380031 ], [ -2.882314868190428, 58.876470504316359 ], [ -2.999889441948567, 58.948223218179457 ], [ -3.257858467207331, 58.950935083816567 ], [ -3.291532708291522, 58.913038501033427 ], [ -3.222257914278853, 58.85754288760171 ], [ -3.239843620496559, 58.777409961207162 ], [ -3.321940313631512, 58.797018852715702 ], [ -3.408383645065866, 58.883067354961469 ], [ -3.340143919089142, 59.108986103113885 ], [ -3.257927403105704, 59.147003603036545 ], [ -3.091859338625986, 59.149211295420805 ], [ -3.075911600917483, 59.192248186339519 ], [ -2.981607141771252, 59.185108122907103 ], [ -2.967342394781649, 59.147273242611661 ], [ -3.036126049309251, 59.101519852280745 ], [ -3.016436208046076, 59.006574952907663 ] ] ], [ [ [ -2.918176894562003, 58.829269778913122 ], [ -2.928013690384395, 58.740759214007497 ], [ -2.990290056933376, 58.750916332689769 ], [ -3.01880023120239, 58.798881162901822 ], [ -2.972618380317708, 58.860939682058451 ], [ -2.918176894562003, 58.829269778913122 ] ] ], [ [ [ -2.955299989536333, 59.358208727318654 ], [ -2.928707618313513, 59.259283605551829 ], [ -3.044048325488835, 59.264471723924665 ], [ -3.047052186580372, 59.31491651563033 ], [ -2.955299989536333, 59.358208727318654 ] ] ], [ [ [ -4.217317500697551, 53.202780622289126 ], [ -4.329895256939849, 53.124750865837306 ], [ -4.415877548484423, 53.132836855193219 ], [ -4.500109020700249, 53.203369682329622 ], [ -4.601965560558654, 53.297107080532541 ], [ -4.549309372614857, 53.400440207135674 ], [ -4.409269362009756, 53.426583731320619 ], [ -4.105811315114877, 53.298979204885306 ], [ -4.217317500697551, 53.202780622289126 ] ] ], [ [ [ -4.345071555882576, 59.076007717279047 ], [ -4.405331516899173, 59.039552063613996 ], [ -4.47561583134042, 59.052896552525887 ], [ -4.450036788317943, 59.120412511508022 ], [ -4.361177792840651, 59.12751375703531 ], [ -4.345071555882576, 59.076007717279047 ] ] ], [ [ [ -5.86977484742564, 54.689022306285736 ], [ -5.91175719357144, 54.648831623431263 ], [ -5.857195781452742, 54.632737026956967 ], [ -5.543568606238031, 54.631229139398812 ], [ -5.469772349426182, 54.501722638089504 ], [ -5.48546752389805, 54.404864993998281 ], [ -5.538544499667974, 54.393490515946219 ], [ -5.615182883436097, 54.517959838328359 ], [ -5.645013762199988, 54.458588635747461 ], [ -5.560999027155193, 54.33971396735388 ], [ -5.615055277520562, 54.256418569899331 ], [ -5.843116058739422, 54.229234147483204 ], [ -5.924657485530381, 54.095808287465687 ], [ -6.040342380714261, 54.038842186429086 ], [ -6.270336086857207, 54.103181484107125 ], [ -6.594815237592363, 54.045204298228917 ], [ -6.655989867088732, 54.090173597344531 ], [ -6.64485029387049, 54.179903651552785 ], [ -6.787822458455521, 54.213587034402401 ], [ -6.865084359991987, 54.330607327228918 ], [ -7.02179960586554, 54.406349313659938 ], [ -7.190323754327703, 54.338475786722995 ], [ -7.16209412392467, 54.237858713266178 ], [ -7.299437830494925, 54.132290490362379 ], [ -7.612576575036352, 54.147573555691466 ], [ -7.848923181948739, 54.227024096797244 ], [ -8.103202587734419, 54.408370804742503 ], [ -8.13353016408978, 54.443482618059697 ], [ -8.00414832158387, 54.532644626553221 ], [ -7.703731628916672, 54.609271582332894 ], [ -7.817876217330543, 54.702146196829077 ], [ -7.612778367300182, 54.755143462826901 ], [ -7.256619329707746, 55.066350495878574 ], [ -7.149053693674665, 55.044146523133875 ], [ -7.051195607751474, 55.055393922197084 ], [ -6.993485891841792, 55.114497293398877 ], [ -6.938457513208834, 55.18016127706121 ], [ -6.479282199723008, 55.242128602161401 ], [ -6.206611294209141, 55.210793496871091 ], [ -6.095395788931676, 55.202096056907855 ], [ -6.035442705863706, 55.114820224454363 ], [ -5.978065270963333, 55.057345392827969 ], [ -5.9635636115285, 54.985057351079867 ], [ -5.708806778865886, 54.795409671198847 ], [ -5.86977484742564, 54.689022306285736 ] ] ], [ [ [ -5.698139429271312, 56.10321484969387 ], [ -5.953484751873065, 55.816188627982349 ], [ -6.072568098318656, 55.780130561484185 ], [ -6.043879716270996, 55.663216148453053 ], [ -6.319160237494736, 55.599760007990334 ], [ -6.256084786869711, 55.77968442354409 ], [ -6.35020081361852, 55.7790544063621 ], [ -6.421921877875123, 55.702359054054263 ], [ -6.517738144912681, 55.694394235742806 ], [ -6.408324602038836, 55.868964805332723 ], [ -6.208950856929986, 55.915714859388849 ], [ -6.093874270311015, 55.902649010818841 ], [ -5.812946894844551, 56.10281494389519 ], [ -5.720125868324229, 56.144513755090422 ], [ -5.698139429271312, 56.10321484969387 ] ] ], [ [ [ -6.096256658376017, 56.879159214700657 ], [ -6.162211769234903, 56.854632458325092 ], [ -6.240518986280164, 56.881904424410003 ], [ -6.129673637547253, 56.967819594229034 ], [ -6.096256658376017, 56.879159214700657 ] ] ], [ [ [ -6.134432168319942, 58.239892638589332 ], [ -6.198571495230495, 58.160033682380345 ], [ -6.280933740787137, 58.201062611930801 ], [ -6.168640314114268, 58.279877699933856 ], [ -6.134432168319942, 58.239892638589332 ] ] ], [ [ [ -6.168658439320433, 56.115793107231177 ], [ -6.200763583370281, 56.002620517380805 ], [ -6.293486909401841, 56.009234645413208 ], [ -6.204636838738772, 56.129748830270259 ], [ -6.168658439320433, 56.115793107231177 ] ] ], [ [ [ -6.437625663634623, 57.967775564695842 ], [ -6.97612354427854, 57.736358329158577 ], [ -7.060711323443783, 57.792899014079318 ], [ -6.934144673309768, 57.914098904017081 ], [ -7.056030424676846, 57.970541187207779 ], [ -7.120120722475789, 58.092699463505092 ], [ -7.06293148730035, 58.204957199306499 ], [ -6.348903792121217, 58.462406062844551 ], [ -6.261218198423574, 58.514978895662026 ], [ -6.189192881458988, 58.463300970158727 ], [ -6.20299245898006, 58.34308720736955 ], [ -6.357231591421897, 58.205610866504983 ], [ -6.437625663634623, 57.967775564695842 ] ] ], [ [ [ -6.239257880139328, 57.007452657194001 ], [ -6.31990609316589, 56.934553007526617 ], [ -6.454957732460723, 57.007960631062829 ], [ -6.339367623930031, 57.059835339629402 ], [ -6.239257880139328, 57.007452657194001 ] ] ], [ [ [ -6.240574558324308, 49.946394679851629 ], [ -6.348296549425392, 49.882085245909757 ], [ -6.384785400038563, 49.9369755109363 ], [ -6.284500276418655, 49.997915458766776 ], [ -6.240574558324308, 49.946394679851629 ] ] ], [ [ [ -6.492345925947657, 56.619795360953759 ], [ -6.628619210211768, 56.571902778968024 ], [ -6.64512532768386, 56.597640052570512 ], [ -6.525296719586123, 56.682916751479617 ], [ -6.46942027776791, 56.683155444341935 ], [ -6.492345925947657, 56.619795360953759 ] ] ], [ [ [ -6.875434211229302, 56.488293600875117 ], [ -6.896940121567515, 56.44590025401822 ], [ -6.981324709496097, 56.45326197600982 ], [ -6.999360481209307, 56.504361242256664 ], [ -6.831901346566403, 56.538243174214514 ], [ -6.79700303792658, 56.505646594035795 ], [ -6.875434211229302, 56.488293600875117 ] ] ], [ [ [ -7.228914938650867, 57.102212041190604 ], [ -7.363420169147758, 57.102795238102608 ], [ -7.422380209590587, 57.216032714819178 ], [ -7.365939423841652, 57.52196424266775 ], [ -7.532146366468329, 57.59528053378488 ], [ -7.453304915779826, 57.659499780600235 ], [ -7.263610415792054, 57.668413805214719 ], [ -7.182074950094771, 57.72809809380729 ], [ -7.068138218544384, 57.687117397244357 ], [ -7.108487841920319, 57.595655099802386 ], [ -7.155904989699686, 57.596411735349776 ], [ -7.13838434837365, 57.526505282707589 ], [ -7.206809473293392, 57.428945883473837 ], [ -7.228914938650867, 57.102212041190604 ] ] ], [ [ [ -7.387808865171275, 57.001633332492297 ], [ -7.449004514067355, 56.935074244776452 ], [ -7.525323996988377, 56.954976488761282 ], [ -7.541033485595614, 57.020438689139283 ], [ -7.387808865171275, 57.001633332492297 ] ] ] ] } },
{ "type": "Feature", "properties": { "id": "DK", "na": "Danmark", "name": null, "progress": null, "gender": null, "rating": null, "col": null, "dob": null, "car": null }, "geometry": { "type": "MultiPolygon", "coordinates": [ [ [ [ 15.153012724256152, 55.078587702562608 ], [ 15.079939162070145, 54.988396392347369 ], [ 14.963448039449764, 55.004430115829756 ], [ 14.747810558248016, 55.065042143866592 ], [ 14.685067911751815, 55.096934460025118 ], [ 14.714043856652889, 55.223072247516335 ], [ 14.775351766433984, 55.298007873731486 ], [ 14.827202281899091, 55.252863063378321 ], [ 15.155212375367693, 55.133041171977027 ], [ 15.153012724256152, 55.078587702562608 ] ] ], [ [ [ 12.798067800222645, 55.665954637478045 ], [ 12.78610612364843, 55.564104420976342 ], [ 12.697246800971673, 55.59779149203392 ], [ 12.737360326527043, 55.692236568496334 ], [ 12.798067800222645, 55.665954637478045 ] ] ], [ [ [ 12.658287902120811, 55.589536967209483 ], [ 12.570543711366257, 55.568654504802787 ], [ 12.502814094328572, 55.635805892349225 ], [ 12.365733305611226, 55.593056429906127 ], [ 12.222263738934295, 55.516247087942773 ], [ 12.217224979610791, 55.425592193505913 ], [ 12.420834983128847, 55.315229497295022 ], [ 12.161411246306001, 55.188366897070708 ], [ 12.15656605171168, 55.097712313866289 ], [ 12.254875553328654, 55.075569739020679 ], [ 12.264639570722377, 54.995996175553863 ], [ 12.416866405023308, 55.011302873408923 ], [ 12.456648791495189, 54.965156335677044 ], [ 12.230200611933068, 54.885458940971965 ], [ 12.029369612264865, 54.734635834644159 ], [ 11.952590169710213, 54.602038388410143 ], [ 11.470910945910431, 54.617739997262923 ], [ 11.016011497214237, 54.781023495110873 ], [ 11.027976970766376, 54.88297166007473 ], [ 11.109625909488031, 54.938967526502445 ], [ 11.274913184830529, 54.941929669159478 ], [ 11.535385961611862, 54.83921751971576 ], [ 11.936718884438607, 54.960662155381193 ], [ 11.676162195468631, 55.170813336726056 ], [ 11.274435749516547, 55.227683316000309 ], [ 11.063915796030367, 55.714955777027797 ], [ 11.291487265750883, 55.758211618954064 ], [ 11.646218250232916, 55.946926287453664 ], [ 11.717405624289412, 55.914233931706889 ], [ 11.788159923196286, 55.661478006754372 ], [ 11.873455500879903, 55.737374848971506 ], [ 11.936642597547376, 55.847584056947255 ], [ 11.904391898685645, 55.979640453315987 ], [ 12.280510840567153, 56.114161516195843 ], [ 12.567785918415867, 56.045203270638545 ], [ 12.581352073235482, 55.808947576522186 ], [ 12.585352636774662, 55.722643967007087 ], [ 12.658287902120811, 55.589536967209483 ] ], [ [ 12.087579268821759, 55.779416775810525 ], [ 11.979098806008365, 55.731240385185238 ], [ 12.015743850681522, 55.694369904209985 ], [ 12.083159363203324, 55.695552756417008 ], [ 12.087579268821759, 55.779416775810525 ] ] ], [ [ [ 11.77059529480788, 56.23562648376614 ], [ 11.781272732574854, 56.149276628324898 ], [ 11.674471269510841, 56.155249008293154 ], [ 11.637366362314712, 56.198826276871216 ], [ 11.77059529480788, 56.23562648376614 ] ] ], [ [ [ 11.596429757715553, 56.743778300882845 ], [ 11.597954500741707, 56.662090010195776 ], [ 11.509596957463275, 56.672219947621834 ], [ 11.452674634150886, 56.731849489068182 ], [ 11.596429757715553, 56.743778300882845 ] ] ], [ [ [ 11.223025998081278, 57.271854559325554 ], [ 11.161793542529951, 57.236109730637544 ], [ 11.128880047344111, 57.306724206345379 ], [ 11.145170408713714, 57.347420387551118 ], [ 11.230493464413906, 57.346653070128795 ], [ 11.223025998081278, 57.271854559325554 ] ] ], [ [ [ 11.097401619740603, 57.259348106486286 ], [ 11.040746464482552, 57.203092736604532 ], [ 10.876909530372561, 57.254193633467303 ], [ 10.918074976814029, 57.299284781349776 ], [ 11.079069936410859, 57.318484204313989 ], [ 11.097401619740603, 57.259348106486286 ] ] ], [ [ [ 10.733361432238111, 54.748990204633337 ], [ 10.690744370407756, 54.728825351036143 ], [ 10.654926505561766, 54.837861692126296 ], [ 10.703718533308185, 54.937370601868437 ], [ 10.891371472547796, 55.101715882627069 ], [ 10.91352505229835, 55.033526059183259 ], [ 10.733361432238111, 54.748990204633337 ] ] ], [ [ [ 10.192986151554686, 56.685372527185578 ], [ 10.306398327926729, 56.680618682365946 ], [ 10.457499073533729, 56.530481266153231 ], [ 10.825590982365469, 56.512782948929917 ], [ 10.910703715947147, 56.373856534087246 ], [ 10.716327081722625, 56.182300119487017 ], [ 10.604560368557301, 56.196481469878293 ], [ 10.506356184550874, 56.135671825089986 ], [ 10.434955987451776, 56.274275738133611 ], [ 10.283024153360433, 56.186250776957209 ], [ 10.218038828642985, 55.884757722615568 ], [ 9.976465965582795, 55.846389833195062 ], [ 9.986166489121794, 55.714863611574238 ], [ 9.673461380168334, 55.712178009627308 ], [ 9.779929018561925, 55.599022105509768 ], [ 9.613856422435159, 55.410409732538568 ], [ 9.691418372997449, 55.258692876066178 ], [ 9.644574261790648, 55.176936401081178 ], [ 9.639827433642907, 55.176922909499389 ], [ 9.630333786312708, 55.176895389373513 ], [ 9.625586967208701, 55.176881360829796 ], [ 9.55913184235683, 55.176666167678938 ], [ 9.555856166105684, 55.042867560284101 ], [ 9.806511091862054, 55.063911986413487 ], [ 9.958053177625663, 55.000563341231434 ], [ 10.033581312537116, 54.889457938078664 ], [ 9.718054117960449, 54.850597100363345 ], [ 9.599978360667615, 54.886555472538021 ], [ 9.581056646468557, 54.893296141954849 ], [ 9.421660280634468, 54.831436881007562 ], [ 9.294937994755674, 54.810377923072203 ], [ 9.114813743007058, 54.872725268741561 ], [ 9.029799161501598, 54.881165401767227 ], [ 8.637595355216961, 54.911526334727654 ], [ 8.650604390075179, 55.372050644200471 ], [ 8.523685221827323, 55.450013037384061 ], [ 8.42664217196916, 55.364925008030092 ], [ 8.28919393508917, 55.567276199549944 ], [ 8.214656203136563, 55.518616052742381 ], [ 8.102528629855874, 55.560086021174087 ], [ 8.195693626753817, 55.831375527931179 ], [ 8.345693580515073, 55.937748759764382 ], [ 8.131534647668845, 56.166187073401801 ], [ 8.195480674966728, 56.362194485664055 ], [ 8.134146267307466, 56.517860327553386 ], [ 8.201325924537695, 56.657199500143761 ], [ 8.666045358685155, 56.47905883615821 ], [ 8.728844542324586, 56.50917857196616 ], [ 8.763602759469823, 56.650151756671995 ], [ 9.005508591281046, 56.824618673355189 ], [ 9.131591812057852, 56.72344592310106 ], [ 9.124158682455427, 56.616789353965579 ], [ 9.320137200990951, 56.672398555415846 ], [ 9.213938388465731, 56.801089379429897 ], [ 9.190630919459544, 56.966533875681904 ], [ 9.115251607558175, 57.002340549721474 ], [ 8.946978285255218, 56.971606418489799 ], [ 8.824038906279437, 56.768667793743404 ], [ 8.712805655463532, 56.695026845922683 ], [ 8.382123982788295, 56.695872666499326 ], [ 8.277648390249153, 56.823848206671833 ], [ 8.579482769850323, 57.095180745023107 ], [ 9.391075602493267, 57.171771754548885 ], [ 9.955181486867229, 57.57015420407928 ], [ 10.456419815043605, 57.676004398569759 ], [ 10.526762412015618, 57.281011021069631 ], [ 10.298642712304646, 56.950548702104236 ], [ 10.282156664206001, 56.737376319836834 ], [ 10.192986151554686, 56.685372527185578 ] ] ], [ [ [ 10.408283804393443, 55.591753533295588 ], [ 10.550350050587218, 55.459690827178044 ], [ 10.633375982012145, 55.570420884865726 ], [ 10.676209526217093, 55.552058040164653 ], [ 10.802838250494778, 55.177145715665809 ], [ 10.637904859912071, 54.953596198002053 ], [ 10.407474965522931, 55.042991945777395 ], [ 10.133117504113388, 55.059455422252036 ], [ 10.11926536935823, 55.177381651685231 ], [ 10.048061373009654, 55.177428972498767 ], [ 9.891210695465711, 55.252220775364307 ], [ 9.765964452294243, 55.526431966718384 ], [ 10.408283804393443, 55.591753533295588 ] ] ], [ [ [ 10.63682527546389, 55.785841265237508 ], [ 10.540338431699057, 55.779483191468309 ], [ 10.526697831774452, 55.840770359016325 ], [ 10.614562006434872, 55.903876747171026 ], [ 10.682120920127318, 55.896730665988379 ], [ 10.63682527546389, 55.785841265237508 ] ] ], [ [ [ 10.600717552348048, 55.947031441303011 ], [ 10.508357118148888, 55.915682116203008 ], [ 10.489805587503117, 55.97925350118367 ], [ 10.577888500296392, 56.040118662112071 ], [ 10.600717552348048, 55.947031441303011 ] ] ], [ [ [ 10.467204208810642, 54.888590176233734 ], [ 10.409871095687995, 54.811695289060495 ], [ 10.302325222158828, 54.900434787777861 ], [ 10.330778392293924, 54.920770529728237 ], [ 10.467204208810642, 54.888590176233734 ] ] ], [ [ [ 8.575060719537737, 55.080923092232069 ], [ 8.519155756043059, 55.055328998098418 ], [ 8.460480622207799, 55.104518955992134 ], [ 8.485339104686108, 55.200076607260101 ], [ 8.594798936725487, 55.19454172884717 ], [ 8.553934972670573, 55.14191611428047 ], [ 8.575060719537737, 55.080923092232069 ] ] ], [ [ [ 8.592899376449516, 56.600778699199729 ], [ 8.514693663187833, 56.586296816786778 ], [ 8.442426478169164, 56.66938566526067 ], [ 8.584548824740121, 56.693694940351058 ], [ 8.592899376449516, 56.600778699199729 ] ] ] ] } },
{ "type": "Feature", "properties": { "id": "SE", "na": "Sverige", "name": null, "progress": null, "gender": null, "rating": null, "col": null, "dob": null, "car": null }, "geometry": { "type": "MultiPolygon", "coordinates": [ [ [ [ 24.128377529175726, 65.740574763292827 ], [ 24.173109628345383, 65.662230230038048 ], [ 24.093969657524049, 65.664401524489691 ], [ 24.055500122148842, 65.704937100070694 ], [ 24.128377529175726, 65.740574763292827 ] ] ], [ [ [ 24.155370613166486, 65.815073350358375 ], [ 23.678218082996633, 65.815827657584236 ], [ 23.133749101334388, 65.73470470366955 ], [ 22.80500673403791, 65.82784736658158 ], [ 22.741982736047547, 65.739970678655382 ], [ 22.405461443621551, 65.818922881354922 ], [ 22.329888914799589, 65.616133045577769 ], [ 22.177258332065811, 65.472437803019318 ], [ 21.975206503002571, 65.478106560706991 ], [ 21.875758502550255, 65.270297500550555 ], [ 21.681022082716993, 65.319077704473173 ], [ 21.516858546830957, 65.074362002266042 ], [ 21.145593254426881, 64.802737409779439 ], [ 21.253295616269234, 64.626773808146368 ], [ 21.46514644970113, 64.475488932072153 ], [ 21.460277301644997, 64.401992867402257 ], [ 21.031964138561666, 64.167331441547333 ], [ 20.554960651775737, 63.746577418143737 ], [ 20.026043563287196, 63.645973420349542 ], [ 19.744353818047632, 63.484753024848949 ], [ 19.706937475137718, 63.464143462521356 ], [ 19.646364537260784, 63.484023347736787 ], [ 19.518984392706411, 63.524083798119591 ], [ 19.493774735993725, 63.484306440655239 ], [ 19.467178133044477, 63.440023815649873 ], [ 19.287538963828879, 63.46931685686166 ], [ 19.226697028983697, 63.39265156306503 ], [ 19.160568288005937, 63.297946338809133 ], [ 18.996048972769223, 63.215937933410537 ], [ 18.739407554245687, 63.267473980640759 ], [ 18.752337695796896, 63.188794671525066 ], [ 18.535081472485398, 63.084200202670857 ], [ 18.395071312468271, 62.865201301240056 ], [ 18.187623149209212, 62.782670281597724 ], [ 18.060239208795235, 62.617848546748547 ], [ 17.476546491728087, 62.359840935225968 ], [ 17.570385168650159, 62.217942839406867 ], [ 17.486731225133273, 62.137591949911375 ], [ 17.356449081095079, 61.85845246262059 ], [ 17.484642305471709, 61.671477584587258 ], [ 17.430834391545137, 61.637654512706526 ], [ 17.259163046929249, 61.687367903922549 ], [ 17.112193679653625, 61.543830921532368 ], [ 17.17630092842353, 61.07031131594583 ], [ 17.368213631490615, 60.654205042063857 ], [ 17.579018730005973, 60.62946883770794 ], [ 17.671253423098786, 60.549168574274162 ], [ 17.963581977909719, 60.613085837567724 ], [ 18.086305571670039, 60.45763250055802 ], [ 18.321895335939931, 60.361720909838333 ], [ 18.444627739568574, 60.47563298934832 ], [ 18.611709708054413, 60.310080289404766 ], [ 18.515389121045025, 60.149006745301044 ], [ 18.666426346451662, 60.139788066046407 ], [ 18.760201340340487, 60.204885109734327 ], [ 18.923876210572182, 59.954404291575948 ], [ 19.131626666867, 59.835744952745848 ], [ 19.120966775636472, 59.735766678474782 ], [ 18.819948860861569, 59.661397047623709 ], [ 18.777246436181457, 59.348577651342353 ], [ 18.827050355219768, 59.33396683150653 ], [ 18.920516935148797, 59.446861814124567 ], [ 18.946960867176809, 59.362824270609757 ], [ 18.529593884820923, 59.039627134504464 ], [ 18.266215223654477, 59.069482723534477 ], [ 17.86487391418072, 58.842013432260167 ], [ 17.572100962368417, 58.949844214878802 ], [ 17.579673227128254, 58.862725837874883 ], [ 17.505479031738993, 58.761891272508457 ], [ 17.218211563057796, 58.718136706880308 ], [ 17.216291535605485, 58.631591826440363 ], [ 17.072486479152563, 58.671076882678051 ], [ 16.749852883064268, 58.625954821945378 ], [ 16.907407866198611, 58.522303573620007 ], [ 16.973956735452298, 58.409487971816368 ], [ 16.919277250524267, 58.341651714803326 ], [ 17.002166152112636, 58.234809421800527 ], [ 16.668601858595228, 57.996617554845741 ], [ 16.805577697802509, 57.932758840661329 ], [ 16.72647316313855, 57.781863908737037 ], [ 16.735291479208222, 57.524022253380053 ], [ 16.489277564828271, 57.190223475405325 ], [ 16.550553172913567, 57.109763702328024 ], [ 16.44818320166322, 56.980521806759967 ], [ 16.353874954685043, 56.686957853976324 ], [ 16.063994783103563, 56.327673245990674 ], [ 16.018941935435858, 56.227409445085684 ], [ 15.789201083202109, 56.065105078369811 ], [ 15.606638167897646, 56.184653778477724 ], [ 15.344745025747789, 56.127614223053335 ], [ 14.761046693028934, 56.139234462566947 ], [ 14.682180249671323, 56.010352092130326 ], [ 14.547115155163738, 56.06065818662676 ], [ 14.235214868558943, 55.830586796920308 ], [ 14.219976685798358, 55.733430625042296 ], [ 14.321085968660261, 55.555146754904889 ], [ 14.200537153422264, 55.413850878618263 ], [ 13.717768511467094, 55.417617915348025 ], [ 13.339017281189971, 55.348744365266739 ], [ 13.023618930419749, 55.406616074200457 ], [ 12.928288051159749, 55.540478545644731 ], [ 13.012603076564698, 55.704171942355984 ], [ 12.550369393153851, 56.224811428433398 ], [ 12.776043211675839, 56.242836239051364 ], [ 12.705197291557203, 56.416815747954523 ], [ 12.898810482427013, 56.448932907133091 ], [ 12.901808018122068, 56.619091626234066 ], [ 12.732970061351269, 56.67041508855025 ], [ 12.566824388991645, 56.84173904877531 ], [ 12.378863131188222, 56.926995147545931 ], [ 12.2237330564984, 57.161189196172238 ], [ 12.133114042272549, 57.237576380600913 ], [ 12.092705205224044, 57.410692228186306 ], [ 11.929977128952206, 57.37685934830818 ], [ 11.924507447489486, 57.563019033461302 ], [ 11.856571640044788, 57.618449741290576 ], [ 11.763096447393094, 57.567530409647794 ], [ 11.730020474939835, 57.724543112668805 ], [ 11.583092926335949, 57.728639036318206 ], [ 11.654815162895726, 57.857117027754676 ], [ 11.50265875685851, 57.995071377090575 ], [ 11.395169579262664, 58.257210240195299 ], [ 11.230104542710652, 58.397251447602493 ], [ 11.225921893882377, 58.728654432184186 ], [ 11.129391480999903, 58.972358315771572 ], [ 11.285423839275918, 59.075408733840042 ], [ 11.460904293827069, 58.98966218406354 ], [ 11.483047386382919, 58.891810892867682 ], [ 11.635849805246002, 58.910503264419056 ], [ 11.780818324712135, 59.185684475854274 ], [ 11.825789801118184, 59.237320205418627 ], [ 11.72611910181344, 59.574664012982382 ], [ 11.908877437868172, 59.690375774208647 ], [ 11.925210244239988, 59.790083995165006 ], [ 11.84193372093555, 59.841169768470927 ], [ 12.202050414541386, 59.913213184313499 ], [ 12.474916085251389, 60.10179168103928 ], [ 12.586605952698426, 60.495194024457213 ], [ 12.269096070557499, 60.991487715608123 ], [ 12.67024047470561, 61.055110664339715 ], [ 12.840765870243537, 61.279246854421181 ], [ 12.842978366230465, 61.367890709941271 ], [ 12.614061297668494, 61.535890554221055 ], [ 12.401732310077819, 61.578174977631612 ], [ 12.156343517313291, 61.727500803233909 ], [ 12.298353072655249, 62.266656090216117 ], [ 12.256616222250791, 62.330984574639189 ], [ 12.060794259085187, 62.620434911286658 ], [ 12.122300713268395, 62.74472299213037 ], [ 12.091436528730911, 62.895330089351091 ], [ 12.194260140976757, 63.005396718505928 ], [ 12.051791845810374, 63.182614249266642 ], [ 12.016744018004001, 63.283224083971234 ], [ 12.108467097125434, 63.391260512762472 ], [ 12.187775026562129, 63.485775183807114 ], [ 12.185122983120271, 63.531346216054935 ], [ 12.172040608151651, 63.599832744361173 ], [ 12.686135438360109, 63.976746713337221 ], [ 13.197145111202683, 64.092535741767506 ], [ 13.985853412846605, 64.033555682967204 ], [ 14.109885039969138, 64.167201321894396 ], [ 14.138872132776095, 64.19609540597807 ], [ 14.092566069840252, 64.43451138947789 ], [ 13.703247872042942, 64.612781917340712 ], [ 14.323266923445647, 65.119952628464787 ], [ 14.382030486540062, 65.246244840015876 ], [ 14.494840826188522, 65.304845824793759 ], [ 14.514679457488683, 65.578387562655834 ], [ 14.613979158005296, 65.813271145578483 ], [ 14.56864531569256, 65.969910057335696 ], [ 14.530928794907265, 66.096630592572581 ], [ 14.517360611510975, 66.133564050907736 ], [ 14.631306948911099, 66.137330928051924 ], [ 14.678139761731279, 66.138324408787852 ], [ 14.872991169092446, 66.146525131099551 ], [ 14.953447062494185, 66.148754914302856 ], [ 15.034357049001205, 66.153220026534441 ], [ 15.303976364249392, 66.231884795881584 ], [ 15.48177627726848, 66.281130845786947 ], [ 15.455225836676217, 66.346059045138745 ], [ 15.403185788630932, 66.482736403949147 ], [ 15.563950958367139, 66.5691292682057 ], [ 16.045913021251256, 66.912437958062327 ], [ 16.369963795497984, 67.049821410660044 ], [ 16.382720706800562, 67.207564441871 ], [ 16.117851696179809, 67.460051365365857 ], [ 16.449519647796848, 67.569826567227196 ], [ 16.723550836116505, 67.894789967699481 ], [ 17.284184287381365, 68.109585932533449 ], [ 17.65336671285408, 68.041412182273589 ], [ 17.90191813892072, 67.984658555512624 ], [ 18.115540632307653, 68.166165784778244 ], [ 18.127293225302051, 68.53634049055799 ], [ 18.434700213868762, 68.568536817911706 ], [ 19.946527278632296, 68.377079016590642 ], [ 20.122690322247013, 68.459823198410263 ], [ 20.035842808709923, 68.566337776592405 ], [ 20.305902014808634, 68.803506329698109 ], [ 20.202534199373588, 69.024427679325399 ], [ 20.545962248561011, 69.060878029765206 ], [ 20.786753510702464, 69.023926955920672 ], [ 20.93343560812599, 68.904109534641009 ], [ 21.531094287580686, 68.682169795524928 ], [ 22.064672837004135, 68.48519219853884 ], [ 22.357131054131525, 68.47484377935767 ], [ 23.042977146752328, 68.303410061904998 ], [ 23.163447200302066, 68.150250196838485 ], [ 23.296522048178147, 68.138093164749108 ], [ 23.60409404707848, 67.9704250658001 ], [ 23.620279024416298, 67.922561751376975 ], [ 23.484474765868462, 67.825742574804195 ], [ 23.533755939766934, 67.593656302731162 ], [ 23.421585904229602, 67.483517421229124 ], [ 23.739134738502742, 67.423866811810186 ], [ 23.729267063020817, 67.305812784866831 ], [ 23.596905241904015, 67.260337845941507 ], [ 23.563918811350959, 67.188412295917757 ], [ 23.966131323737176, 66.837078732110101 ], [ 23.866209873499326, 66.570423910291524 ], [ 23.6748259162352, 66.460350567570259 ], [ 23.664899866816111, 66.288999597101437 ], [ 23.734303709903902, 66.201894579810855 ], [ 23.908404432007959, 66.145583237111794 ], [ 24.118478763981901, 65.920671200718957 ], [ 24.155370613166486, 65.815073350358375 ] ] ], [ [ [ 23.794438821028066, 65.743352090654298 ], [ 23.795970247872678, 65.682765439722957 ], [ 23.697523771547814, 65.686362400669225 ], [ 23.672428965989116, 65.727970719191234 ], [ 23.7021996884644, 65.771987239079579 ], [ 23.794438821028066, 65.743352090654298 ] ] ], [ [ [ 23.009530640871827, 65.686563098448929 ], [ 22.978819820896991, 65.637954106608802 ], [ 22.855501762775866, 65.71259433646118 ], [ 22.910748265964315, 65.756980423375978 ], [ 23.009530640871827, 65.686563098448929 ] ] ], [ [ [ 22.768207950557819, 65.478280039395912 ], [ 22.709646241390193, 65.452718410289251 ], [ 22.648114802865614, 65.503844464050275 ], [ 22.528898496925294, 65.517655607100338 ], [ 22.611971286804653, 65.608597495738863 ], [ 22.729190382677061, 65.548544543240013 ], [ 22.768207950557819, 65.478280039395912 ] ] ], [ [ [ 20.94454353547895, 63.763344110761857 ], [ 20.918110202396136, 63.693804857853713 ], [ 20.857986872999287, 63.698030629847565 ], [ 20.841142104044266, 63.784417211735374 ], [ 20.896990472028051, 63.81736192219001 ], [ 20.94454353547895, 63.763344110761857 ] ] ], [ [ [ 19.35391209062724, 57.931268246233493 ], [ 19.259862915168434, 57.905831681171698 ], [ 19.231964139087783, 57.958067536592864 ], [ 19.32075474531274, 58.022772637691972 ], [ 19.35391209062724, 57.931268246233493 ] ] ], [ [ [ 19.301291621587318, 58.328273772980488 ], [ 19.202347798133221, 58.32822267443629 ], [ 19.168392926815098, 58.378558417504713 ], [ 19.191281942736868, 58.4067233557221 ], [ 19.3135760637192, 58.375450897521482 ], [ 19.301291621587318, 58.328273772980488 ] ] ], [ [ [ 19.181262930177287, 57.940995199255582 ], [ 19.118740845398257, 57.835571036947364 ], [ 18.791615957634122, 57.649719000076409 ], [ 18.774664534271221, 57.493232756074164 ], [ 18.899064184979242, 57.41864450231018 ], [ 18.364043883661196, 57.093061641297943 ], [ 18.330601929697703, 56.965111407084883 ], [ 18.215092550469997, 56.917678452259473 ], [ 18.170142709255881, 56.941039982213354 ], [ 18.206427711756994, 57.107611488829747 ], [ 18.149248900887095, 57.168227968084565 ], [ 18.115632862037611, 57.268425215032934 ], [ 18.173214885695522, 57.36982122331856 ], [ 18.120855150143701, 57.523664594371013 ], [ 18.448498692875898, 57.799913385166079 ], [ 18.705646474409296, 57.91122763659564 ], [ 18.800345392092041, 57.877588310290477 ], [ 19.162189310883672, 57.967454601375451 ], [ 19.181262930177287, 57.940995199255582 ] ] ], [ [ [ 18.334245596386683, 58.910039255313777 ], [ 18.204503577650488, 58.897346031068373 ], [ 18.186354338327163, 58.932689336595161 ], [ 18.306589515722816, 58.993949740631976 ], [ 18.334245596386683, 58.910039255313777 ] ] ], [ [ [ 17.796028429121371, 62.233749287252991 ], [ 17.706558282018797, 62.156082986730496 ], [ 17.637815135437606, 62.207642449911063 ], [ 17.678410230895349, 62.253573765993657 ], [ 17.796028429121371, 62.233749287252991 ] ] ], [ [ [ 16.501369730585324, 56.272183134830009 ], [ 16.417952201612422, 56.212645219909142 ], [ 16.380017738194894, 56.517241758115254 ], [ 16.535667303912074, 56.764440384199496 ], [ 16.719550031403749, 56.905356975576865 ], [ 16.917335540848796, 57.168354732125785 ], [ 16.976539881320427, 57.297352400576074 ], [ 17.066656670188767, 57.347225207631958 ], [ 17.090624284951865, 57.314036734997288 ], [ 17.042530254049169, 57.166247651533148 ], [ 16.636358492791857, 56.515718999652719 ], [ 16.501369730585324, 56.272183134830009 ] ] ], [ [ [ 12.901723888694422, 55.37316444356879 ], [ 12.833546060130489, 55.354289391713188 ], [ 12.789683980419634, 55.409724373281009 ], [ 12.890015375037116, 55.475548164630212 ], [ 12.901723888694422, 55.37316444356879 ] ] ] ] } },
{ "type": "Feature", "properties": { "id": "IS", "na": "Ísland", "name": null, "progress": null, "gender": null, "rating": null, "col": null, "dob": null, "car": null }, "geometry": { "type": "Polygon", "coordinates": [ [ [ -14.398933458237117, 64.614637228757118 ], [ -14.566483015940753, 64.444914749765672 ], [ -14.907324720039673, 64.297443895369184 ], [ -15.512365292883651, 64.233394358425258 ], [ -15.986409755946035, 64.111106231038164 ], [ -16.657718746148952, 63.824393498619393 ], [ -17.526373148919397, 63.729655056513309 ], [ -17.999746209944675, 63.532080226054028 ], [ -18.435226486829752, 63.443247193783371 ], [ -19.14958187812061, 63.416215769568694 ], [ -20.031655036979849, 63.525740231024834 ], [ -21.254149217910992, 63.860824046703442 ], [ -22.009462044965776, 63.83581721696693 ], [ -22.129679389739987, 63.837168196232831 ], [ -22.695725918468625, 63.819918110088288 ], [ -22.72808823845433, 63.990887731945001 ], [ -22.661794623489989, 64.066898037397962 ], [ -22.449819446058807, 63.976836826472613 ], [ -22.128154018797371, 64.040405129559929 ], [ -21.807394809235969, 64.150941743301686 ], [ -21.840398850977561, 64.25776927692371 ], [ -21.747770863541696, 64.325856075568581 ], [ -21.370027905097601, 64.381141863837655 ], [ -21.914799199033041, 64.363339037509348 ], [ -22.316963695621514, 64.613948057191223 ], [ -22.591842194533392, 64.765425988261356 ], [ -23.715251076506028, 64.804324095109877 ], [ -23.433812326415495, 64.926982825232898 ], [ -22.148710903547556, 65.034401237718001 ], [ -22.105195531329446, 65.102187929041818 ], [ -22.340550161719499, 65.214985703649646 ], [ -22.162080118639654, 65.393050568114845 ], [ -22.197848204107487, 65.459382617694573 ], [ -22.916128813588077, 65.566745370082145 ], [ -23.832213005198067, 65.44768967004245 ], [ -24.180619879470633, 65.576100260435723 ], [ -23.958883367062228, 65.734420585237743 ], [ -23.643412184308691, 65.737180223913612 ], [ -23.711275371398958, 65.97767362759366 ], [ -23.475107333931092, 66.139990834651371 ], [ -23.178344783319901, 66.136840403874629 ], [ -22.540438530734725, 66.002653430617798 ], [ -22.587333537144652, 66.102876380337975 ], [ -22.924139302009554, 66.327022678593551 ], [ -22.922850900696282, 66.391515359340033 ], [ -22.831951190303435, 66.431121917875032 ], [ -22.390333510973914, 66.397229708951244 ], [ -21.518495233199872, 66.001701745077554 ], [ -21.408361080525765, 65.843785754260367 ], [ -21.403166406751364, 65.61662791070296 ], [ -21.117178498517962, 65.398909378552403 ], [ -20.786975564509941, 65.596739922660888 ], [ -20.392463296986918, 65.704960326780025 ], [ -20.330030436239856, 65.991590891167988 ], [ -20.24326627043396, 66.05869977107551 ], [ -20.044023860557537, 66.036546555263456 ], [ -19.534203591334634, 65.814792132281411 ], [ -19.335120201496895, 66.027323139701437 ], [ -18.824254134008271, 66.131290227713663 ], [ -18.190366593475574, 65.8474901024655 ], [ -18.212408121005513, 66.037252946316912 ], [ -18.166353379148347, 66.105047458261936 ], [ -17.42004911918356, 66.054611813350292 ], [ -17.129374324198341, 66.15371977462236 ], [ -16.618861190252872, 66.20733274771176 ], [ -16.410148453493662, 66.458150693117844 ], [ -16.129896873350777, 66.491259814100459 ], [ -15.496047699294451, 66.232137849406357 ], [ -15.032963947188362, 66.260581003414146 ], [ -14.985333511253476, 66.128967041765421 ], [ -14.747526697418939, 65.978183006364716 ], [ -14.656324080638777, 65.800069157201165 ], [ -14.311286829783729, 65.721850906479077 ], [ -13.763726110620393, 65.492098420593507 ], [ -13.664179779279516, 65.084054741671807 ], [ -13.928231366306779, 64.811713562004613 ], [ -14.398933458237117, 64.614637228757118 ] ] ] } },
{ "type": "Feature", "properties": { "id": "NO", "na": "Norge", "name": null, "progress": null, "gender": null, "rating": null, "col": null, "dob": null, "car": null }, "geometry": { "type": "MultiPolygon", "coordinates": [ [ [ [ 30.864442040373142, 69.759829873162303 ], [ 30.918695344141014, 69.609459840546734 ], [ 30.839849919978498, 69.546205144382839 ], [ 30.525354090008562, 69.547647372051017 ], [ 30.173269796263956, 69.653298526366569 ], [ 30.161850896618791, 69.539516643125509 ], [ 30.008121155332354, 69.436429635383888 ], [ 29.372841709059731, 69.310530162398621 ], [ 29.154242204461656, 69.07352507069146 ], [ 28.930797869621514, 69.051535526705337 ], [ 28.823097707227372, 69.126900393445524 ], [ 28.889388097516552, 69.248648028345329 ], [ 29.315518744900785, 69.485955423727859 ], [ 29.116074922486952, 69.692591741218536 ], [ 28.768622105963477, 69.756230560366006 ], [ 28.380137166413636, 69.83019556261381 ], [ 27.938642569096107, 70.081542467171488 ], [ 27.643330375376788, 70.071029825930296 ], [ 27.068297200532889, 69.917185198573264 ], [ 26.486293517699057, 69.937683035459756 ], [ 25.973870575822261, 69.698423512687569 ], [ 25.913899995360026, 69.564526374099358 ], [ 25.807054622067472, 69.429954891866984 ], [ 25.816855794952829, 69.367941085343148 ], [ 25.750954959206044, 69.331162815992499 ], [ 25.707540099165708, 69.238393117460362 ], [ 25.743733924896439, 69.028385584473526 ], [ 25.662703804474706, 68.924820023391106 ], [ 25.230465134681889, 68.832080455020403 ], [ 25.095986473045212, 68.643892072397691 ], [ 24.865206322053776, 68.580897821097537 ], [ 23.918139127332726, 68.831015166538506 ], [ 23.786767741312502, 68.815230712415214 ], [ 23.645028895721058, 68.706769196672766 ], [ 23.197864814555821, 68.639322851896537 ], [ 22.397016089858852, 68.727916309231318 ], [ 21.985199715770595, 69.073623128073478 ], [ 21.69003137234839, 69.238728253852216 ], [ 21.603505059834845, 69.278944351631026 ], [ 21.530078255604703, 69.285788810642089 ], [ 21.288267852790998, 69.309751096561811 ], [ 21.044575333210481, 69.238385033941825 ], [ 21.010230384375337, 69.184743797422385 ], [ 21.074337301801354, 69.113704253287679 ], [ 21.017947852775077, 69.061389326193392 ], [ 20.727390590212746, 69.106137669570984 ], [ 20.545962248561011, 69.060878029765206 ], [ 20.202534199373588, 69.024427679325399 ], [ 20.305902014808634, 68.803506329698109 ], [ 20.035842808709923, 68.566337776592405 ], [ 20.122690322247013, 68.459823198410263 ], [ 19.946527278632296, 68.377079016590642 ], [ 18.434700213868762, 68.568536817911706 ], [ 18.127293225302051, 68.53634049055799 ], [ 18.115540632307653, 68.166165784778244 ], [ 17.90191813892072, 67.984658555512624 ], [ 17.65336671285408, 68.041412182273589 ], [ 17.284184287381365, 68.109585932533449 ], [ 16.723550836116505, 67.894789967699481 ], [ 16.449519647796848, 67.569826567227196 ], [ 16.117851696179809, 67.460051365365857 ], [ 16.382720706800562, 67.207564441871 ], [ 16.369963795497984, 67.049821410660044 ], [ 16.045913021251256, 66.912437958062327 ], [ 15.563950958367139, 66.5691292682057 ], [ 15.403185788630932, 66.482736403949147 ], [ 15.455225836676217, 66.346059045138745 ], [ 15.48177627726848, 66.281130845786947 ], [ 15.303976364249392, 66.231884795881584 ], [ 15.034357049001205, 66.153220026534441 ], [ 14.953447062494185, 66.148754914302856 ], [ 14.872991169092446, 66.146525131099551 ], [ 14.678139761731279, 66.138324408787852 ], [ 14.631306948911099, 66.137330928051924 ], [ 14.517360611510975, 66.133564050907736 ], [ 14.530928794907265, 66.096630592572581 ], [ 14.56864531569256, 65.969910057335696 ], [ 14.613979158005296, 65.813271145578483 ], [ 14.514679457488683, 65.578387562655834 ], [ 14.494840826188522, 65.304845824793759 ], [ 14.382030486540062, 65.246244840015876 ], [ 14.323266923445647, 65.119952628464787 ], [ 13.703247872042942, 64.612781917340712 ], [ 14.092566069840252, 64.43451138947789 ], [ 14.138872132776095, 64.19609540597807 ], [ 14.109885039969138, 64.167201321894396 ], [ 13.985853412846605, 64.033555682967204 ], [ 13.197145111202683, 64.092535741767506 ], [ 12.686135438360109, 63.976746713337221 ], [ 12.172040608151651, 63.599832744361173 ], [ 12.185122983120271, 63.531346216054935 ], [ 12.187775026562129, 63.485775183807114 ], [ 12.108467097125434, 63.391260512762472 ], [ 12.016744018004001, 63.283224083971234 ], [ 12.051791845810374, 63.182614249266642 ], [ 12.194260140976757, 63.005396718505928 ], [ 12.091436528730911, 62.895330089351091 ], [ 12.122300713268395, 62.74472299213037 ], [ 12.060794259085187, 62.620434911286658 ], [ 12.256616222250791, 62.330984574639189 ], [ 12.298353072655249, 62.266656090216117 ], [ 12.156343517313291, 61.727500803233909 ], [ 12.401732310077819, 61.578174977631612 ], [ 12.614061297668494, 61.535890554221055 ], [ 12.842978366230465, 61.367890709941271 ], [ 12.840765870243537, 61.279246854421181 ], [ 12.67024047470561, 61.055110664339715 ], [ 12.269096070557499, 60.991487715608123 ], [ 12.586605952698426, 60.495194024457213 ], [ 12.474916085251389, 60.10179168103928 ], [ 12.202050414541386, 59.913213184313499 ], [ 11.84193372093555, 59.841169768470927 ], [ 11.925210244239988, 59.790083995165006 ], [ 11.908877437868172, 59.690375774208647 ], [ 11.72611910181344, 59.574664012982382 ], [ 11.825789801118184, 59.237320205418627 ], [ 11.780818324712135, 59.185684475854274 ], [ 11.635849805246002, 58.910503264419056 ], [ 11.483047386382919, 58.891810892867682 ], [ 11.460904293827069, 58.98966218406354 ], [ 11.36491706415414, 59.088264371771722 ], [ 11.349818070353978, 59.106574475626395 ], [ 11.149887581926011, 59.117468583986579 ], [ 11.010419629654265, 59.034572788638165 ], [ 10.885013933366313, 59.067215591579988 ], [ 10.669012028128119, 59.334021462315008 ], [ 10.687985361716857, 59.488300533485209 ], [ 10.574785597231797, 59.729470822445236 ], [ 10.646423733140166, 59.829061867030916 ], [ 10.764803315844743, 59.828466489767031 ], [ 10.760537935255837, 59.878443947455551 ], [ 10.712134319132261, 59.883238990793032 ], [ 10.642585190233179, 59.9108222280299 ], [ 10.495159779073866, 59.788807681930464 ], [ 10.568476939730783, 59.672735694317623 ], [ 10.600257738327793, 59.652169160875772 ], [ 10.615218188461396, 59.590804182929823 ], [ 10.566377071533699, 59.545605095613617 ], [ 10.53389942151207, 59.516220046264628 ], [ 10.432787152181831, 59.532462753667467 ], [ 10.423934614935584, 59.680060075644185 ], [ 10.370652396691563, 59.707456200396528 ], [ 10.322244735833634, 59.691683385748689 ], [ 10.38029210145239, 59.60980506366117 ], [ 10.362981260317609, 59.489528348429161 ], [ 10.473593640168849, 59.396119366308277 ], [ 10.459179454124351, 59.1101516201282 ], [ 10.343746058942436, 59.162694283057817 ], [ 10.174186440501584, 59.031364955538706 ], [ 9.921889125950635, 58.981519725741073 ], [ 9.837579098828755, 59.044997741585256 ], [ 9.576825229569653, 58.856058992814724 ], [ 9.399199487069193, 58.839507403834887 ], [ 9.3638153409377, 58.771259434912594 ], [ 9.218616704713774, 58.727383917217921 ], [ 8.791537915412032, 58.406524276069959 ], [ 8.184632809302324, 58.143265381526994 ], [ 7.630019005619652, 57.991624094641502 ], [ 7.181213206338488, 58.04424036549419 ], [ 7.025355652139488, 58.009086214208047 ], [ 6.655184930911034, 58.084395304123355 ], [ 6.649851153152506, 58.197825975540333 ], [ 6.440148436223215, 58.290126106782353 ], [ 5.702792544368567, 58.54595467771351 ], [ 5.530231013043453, 58.71998665715693 ], [ 5.623094774538297, 59.02538175034352 ], [ 5.792948860431928, 59.146635610393744 ], [ 5.817317568750072, 59.031433867664553 ], [ 5.914993584585604, 59.007095090515364 ], [ 5.958678035476505, 59.267534360815532 ], [ 6.085997191990813, 59.314389058218872 ], [ 5.896848820833272, 59.431680011870526 ], [ 5.837635028593452, 59.348063824520658 ], [ 5.600015926400027, 59.29296042071222 ], [ 5.45910263002309, 59.192886245361393 ], [ 5.349423996062415, 59.221071770834222 ], [ 5.209487547015768, 59.159417484721658 ], [ 5.207170563049631, 59.368611794051724 ], [ 5.303687460431866, 59.481104537117879 ], [ 5.299483981019347, 59.590154255557053 ], [ 5.51402871903286, 59.710957310007117 ], [ 5.515799783092801, 59.574542287006274 ], [ 5.456381015070899, 59.497556228769987 ], [ 5.550430499347009, 59.555183990312386 ], [ 5.595978058191346, 59.658978400030676 ], [ 5.817650609260042, 59.645332569887877 ], [ 5.715949033658248, 59.815089428544631 ], [ 6.048693169912629, 60.059081640154268 ], [ 6.061703137294858, 60.179972943797303 ], [ 5.690190001475153, 59.975788068592131 ], [ 5.418180188092744, 59.744243264019111 ], [ 5.226986867446271, 59.649114884578374 ], [ 5.159048095591968, 59.674075915862737 ], [ 5.138808318443102, 59.891813560945828 ], [ 5.69183889467329, 60.132790837847999 ], [ 5.594724179407756, 60.209419280143806 ], [ 5.414398559323883, 60.171834746211651 ], [ 5.256105720935258, 60.212123547445131 ], [ 5.20276277143105, 60.051025433313185 ], [ 5.019886194028546, 60.185795125927037 ], [ 4.87474626816421, 60.49250806700627 ], [ 4.96676386429346, 60.539044943956057 ], [ 4.896899069974788, 60.741491819361642 ], [ 5.142809207835498, 60.841095574824344 ], [ 4.993684677078242, 60.943005741265225 ], [ 5.228809145439258, 61.089859478968428 ], [ 4.953591960247811, 61.201236887952881 ], [ 4.985187111742226, 61.359490554778802 ], [ 5.124525016426387, 61.557813122134753 ], [ 4.99343256614219, 61.883747349449919 ], [ 5.227414435792165, 62.082846761445964 ], [ 5.491172793696472, 62.018182598514031 ], [ 5.427673301367702, 62.175698177492976 ], [ 5.52305650452714, 62.237816605500718 ], [ 5.543578104619307, 62.377390903851754 ], [ 6.346376181591052, 62.346706001277504 ], [ 6.345984297562528, 62.399060893244005 ], [ 6.151289703800145, 62.462512667360897 ], [ 6.237530361215048, 62.617263028871399 ], [ 6.663163524256176, 62.647744609993282 ], [ 6.977063969822794, 62.920683183204623 ], [ 7.551430949560472, 63.078926793288311 ], [ 8.130166150219015, 63.071146749744585 ], [ 8.096931574920399, 63.218664911540273 ], [ 8.651878779529312, 63.39292339290774 ], [ 8.752974734634044, 63.423356118853114 ], [ 8.406043596554683, 63.483905110414319 ], [ 8.538363619140272, 63.617225159848616 ], [ 8.515189196498508, 63.714890372435285 ], [ 8.656011972464499, 63.829988824897391 ], [ 8.798175670681536, 63.792442731185048 ], [ 8.900746075096716, 63.663448949074649 ], [ 9.114328134726973, 63.635218895785535 ], [ 9.220388470296681, 63.528819265561985 ], [ 9.727720309024109, 63.617014017163925 ], [ 9.892029211680399, 63.485224787331809 ], [ 10.000750885205624, 63.391967349030487 ], [ 10.054940925052225, 63.391957600734685 ], [ 10.248036684104303, 63.441828833129009 ], [ 10.851130475425533, 63.439690645906971 ], [ 10.956649585457161, 63.716739357405942 ], [ 10.170143010220096, 63.530681353442127 ], [ 9.970520146073639, 63.517117871320579 ], [ 9.641070221110036, 63.755671272243035 ], [ 9.707327023788485, 63.835473767329873 ], [ 9.945584510834225, 63.91995890022357 ], [ 9.957656092007165, 64.049720332083581 ], [ 10.118265321965026, 64.165792314819726 ], [ 10.161720306657292, 64.195352525090826 ], [ 10.230199796493993, 64.243082675870653 ], [ 10.255247769680432, 64.270367989865463 ], [ 10.429754890162712, 64.317810358766252 ], [ 10.512593575170143, 64.429149469033987 ], [ 11.14677962112509, 64.674136962405882 ], [ 10.843240128226187, 64.840034065323039 ], [ 10.865159941431159, 64.933330119633041 ], [ 11.514020008898825, 64.942247512466551 ], [ 11.700555394268374, 65.079424617104095 ], [ 11.935634969648174, 65.149747152719542 ], [ 11.966994807022019, 65.14025443209124 ], [ 11.96568360395529, 65.122033822093869 ], [ 11.925537859272408, 65.097437985723033 ], [ 12.044411196009118, 65.061799045025339 ], [ 12.125186597349677, 65.443797399946121 ], [ 12.542743266742072, 65.816568778018379 ], [ 12.469371685266591, 66.016180834171152 ], [ 12.505180933229338, 66.113781830645294 ], [ 12.717533940445588, 66.11049482787854 ], [ 12.995184424908578, 66.213091788672656 ], [ 13.110975087461966, 66.455339817155902 ], [ 13.326119744411033, 66.711706641601566 ], [ 14.078173931897066, 67.111676578716967 ], [ 14.364549843321296, 67.205409732369972 ], [ 14.771705075673228, 67.478631875555138 ], [ 15.150259500848334, 67.573368019737956 ], [ 15.274671892072623, 67.691138335316481 ], [ 15.234692163222142, 67.735850427004237 ], [ 14.908853713068002, 67.70617318972505 ], [ 14.8504384644383, 67.8039670926036 ], [ 14.911574172682858, 67.893928988316759 ], [ 15.429155001153374, 67.936319328320877 ], [ 15.503096188810726, 68.10143814295833 ], [ 15.937802575519022, 68.19321627550228 ], [ 16.211623122248433, 68.021098997495059 ], [ 16.297255205562223, 68.316531929029779 ], [ 16.256467589289588, 68.382219989602007 ], [ 16.013843826087474, 68.433977763205306 ], [ 15.222730341088464, 68.270221759720457 ], [ 14.840861309066447, 68.250982363218185 ], [ 14.715635381055325, 68.169494265946099 ], [ 14.588638022177102, 68.223151312754013 ], [ 14.166046584077391, 68.210423164551273 ], [ 13.660504351212758, 68.125167345638289 ], [ 13.592759155379857, 68.153988311812569 ], [ 13.609363994884667, 68.215459487149758 ], [ 13.848709999700043, 68.306711644587068 ], [ 14.309500612557258, 68.321602648846351 ], [ 15.242033908224911, 68.551717578170042 ], [ 15.459932296438069, 68.726629134354909 ], [ 15.595545043798097, 69.069189392972319 ], [ 16.046529200590815, 69.261971703528275 ], [ 16.056246324349733, 69.185835857346405 ], [ 15.859910042481289, 68.985334057356653 ], [ 16.00906294613765, 68.755540186894606 ], [ 16.407131286532579, 68.955887698158776 ], [ 16.739099386627174, 68.735007899555981 ], [ 17.41291344253689, 68.886400949765132 ], [ 17.45421599249438, 69.080399216061537 ], [ 17.144900014180099, 69.057926793835989 ], [ 16.985410276131123, 69.103046521974349 ], [ 17.077574755811355, 69.37112773623852 ], [ 17.353393981861387, 69.48728300441978 ], [ 17.731759047386696, 69.534517292438522 ], [ 18.405318745429359, 69.418342186864521 ], [ 18.262813743814906, 69.652960980907082 ], [ 18.88034800359911, 70.098952055120918 ], [ 19.185171009924336, 70.142646065034228 ], [ 19.472104999119598, 70.036376955650638 ], [ 19.756577574132269, 69.739905807777404 ], [ 20.213627995951935, 69.862060977347426 ], [ 20.334485371788794, 69.572928164032675 ], [ 20.681499121638733, 69.899305908575997 ], [ 20.556361428961473, 70.07781909988546 ], [ 20.60028514425235, 70.149666559149523 ], [ 20.811907991702089, 70.110186814397139 ], [ 21.04116105562472, 69.906900460195061 ], [ 21.348242617739412, 69.963416565418868 ], [ 21.764545363836223, 69.954775500110216 ], [ 21.444793271213491, 70.201809426616521 ], [ 21.756488939920768, 70.313585075088341 ], [ 22.359886129509039, 70.267073981497816 ], [ 23.348912233316671, 70.547873265518419 ], [ 23.631938886527628, 70.528505072165174 ], [ 23.817785122005272, 70.670147880147496 ], [ 24.222226108775132, 70.596932542368734 ], [ 24.37792066388651, 70.665432979785763 ], [ 24.460803547964147, 70.828435690422864 ], [ 24.645427109215245, 70.944182803578627 ], [ 25.193792623038206, 70.900885699648953 ], [ 25.528979924260142, 71.115519287973797 ], [ 25.856895634978635, 71.078118229292059 ], [ 25.846262934916389, 70.937340200417154 ], [ 25.197022967052074, 70.472307503904176 ], [ 25.115532229394905, 70.283435417455848 ], [ 25.208104322409667, 70.231525708833288 ], [ 26.488086033409822, 70.863934341276078 ], [ 26.620840689596051, 70.810264862638732 ], [ 26.647615455295615, 70.507554819590567 ], [ 26.845711784369946, 70.485832030215676 ], [ 27.262687888016266, 70.781318864509103 ], [ 27.378175279907552, 70.991927313704849 ], [ 27.873322693898857, 71.076499029273819 ], [ 28.267066467852093, 70.935962608061871 ], [ 28.158642293664798, 70.734011790133437 ], [ 28.254084100034287, 70.541826197599818 ], [ 28.409903556893745, 70.574798816970855 ], [ 28.751783076786957, 70.797511172759712 ], [ 29.000532771931226, 70.826184227388651 ], [ 29.440740573868716, 70.708903229504315 ], [ 30.079770909463143, 70.658559788006386 ], [ 30.837902786528051, 70.429329915264248 ], [ 30.891241719609813, 70.358513942716158 ], [ 30.782171350602852, 70.293346347409951 ], [ 29.461319748180145, 70.022666120739032 ], [ 29.819161310678112, 69.880266632023151 ], [ 30.864442040373142, 69.759829873162303 ] ] ], [ [ [ 26.198135597237965, 71.005937668717166 ], [ 26.083487238263441, 70.979756340097182 ], [ 26.051847743321087, 71.003559320567675 ], [ 26.167266838652505, 71.072243437396438 ], [ 26.226452425377868, 71.050914997800419 ], [ 26.198135597237965, 71.005937668717166 ] ] ], [ [ [ 25.920847601688958, 70.68123395005064 ], [ 25.798032374622696, 70.641579275421662 ], [ 25.755073853524703, 70.682748337342161 ], [ 25.884174144528032, 70.740814678554344 ], [ 25.920847601688958, 70.68123395005064 ] ] ], [ [ [ 24.812080287515293, 71.089477713886595 ], [ 24.77028327721013, 71.022000320774168 ], [ 24.620106013602026, 71.070593861881193 ], [ 24.698283768552702, 71.118975247613747 ], [ 24.812080287515293, 71.089477713886595 ] ] ], [ [ [ 24.035076474168367, 71.02068252087544 ], [ 24.039040891313736, 70.966455968246365 ], [ 24.122177163881773, 70.977042662690707 ], [ 24.151469739071818, 70.923359952941354 ], [ 23.97750617113077, 70.91447272245226 ], [ 23.924360870811206, 71.018997364653544 ], [ 24.035076474168367, 71.02068252087544 ] ] ], [ [ [ 23.424761881989618, 70.814150425277916 ], [ 23.097614828449835, 70.63014995645409 ], [ 23.099771449092348, 70.594947488086575 ], [ 22.768226518674226, 70.511542630656251 ], [ 22.212286152145893, 70.51174212457515 ], [ 22.191400396423809, 70.531680173452614 ], [ 22.306742860888018, 70.60147779886681 ], [ 22.255676603639021, 70.63961789971556 ], [ 22.400952118471761, 70.702909301791479 ], [ 22.685557933468676, 70.642932675223918 ], [ 22.763113693991404, 70.740710452735513 ], [ 22.963629685959358, 70.678682641458963 ], [ 23.098358911354786, 70.721265586211047 ], [ 23.100610297407112, 70.814634705069579 ], [ 23.24977621038591, 70.788415181086194 ], [ 23.34483057779417, 70.856949931041697 ], [ 23.424761881989618, 70.814150425277916 ] ] ], [ [ [ 22.16549805130737, 70.598541782288137 ], [ 22.019039653780631, 70.572524292199432 ], [ 21.992627667802484, 70.597424364283981 ], [ 22.089139136141736, 70.663811017430959 ], [ 22.16549805130737, 70.598541782288137 ] ] ], [ [ [ 20.286273319253883, 70.24298886293532 ], [ 20.210782757581224, 70.186665890937263 ], [ 20.169562139146979, 70.300082984174281 ], [ 20.206313119708899, 70.325997952308683 ], [ 20.286273319253883, 70.24298886293532 ] ] ], [ [ [ 19.761120539619409, 70.251314354976031 ], [ 19.766058889017959, 70.158434498765416 ], [ 19.829268973474758, 70.208533019114469 ], [ 19.888293467444665, 70.163863791505605 ], [ 20.010385794120801, 70.118255749688657 ], [ 20.003496328271705, 70.069959121811465 ], [ 19.882159106978904, 70.048369217262561 ], [ 19.751303630925886, 70.057292290235665 ], [ 19.690198946877857, 70.09738693790338 ], [ 19.67142632244202, 70.160827868050959 ], [ 19.503852443343696, 70.231542401656029 ], [ 19.583399073926444, 70.283230610457835 ], [ 19.761120539619409, 70.251314354976031 ] ] ], [ [ [ 19.539051063600962, 70.132617576646496 ], [ 19.517668789990832, 70.08506161880608 ], [ 19.342156240944867, 70.137512416601169 ], [ 19.382622983675386, 70.174906041633619 ], [ 19.539051063600962, 70.132617576646496 ] ] ], [ [ [ 18.785485887967997, 74.476348848655803 ], [ 18.802733799797554, 74.489684334865629 ], [ 19.086174350978077, 74.511778167612505 ], [ 19.269462025598184, 74.46287517134742 ], [ 19.176180649901681, 74.368628890091486 ], [ 19.062126216446536, 74.342703088794636 ], [ 18.819735088282886, 74.428551293993948 ], [ 18.785485887967997, 74.476348848655803 ] ] ], [ [ [ 16.750688346707491, 68.925385225045417 ], [ 16.682641996067762, 68.897952033523708 ], [ 16.638685452156864, 68.952394007954595 ], [ 16.661512082674736, 69.004456065172036 ], [ 16.728484665293319, 69.002058550606193 ], [ 16.750688346707491, 68.925385225045417 ] ] ], [ [ [ 15.284695808275449, 68.899198362549114 ], [ 15.350233185181656, 68.828489986068334 ], [ 15.28419681479229, 68.768431996355091 ], [ 15.359929050392847, 68.711195718524706 ], [ 15.359840421682646, 68.679079469902206 ], [ 14.927576201421019, 68.560405439896243 ], [ 14.942706871420985, 68.527901888072321 ], [ 14.870728064354354, 68.50002072477227 ], [ 14.731133979855429, 68.499084797021354 ], [ 14.692030777148382, 68.559681628945768 ], [ 14.847902152827333, 68.601494565779674 ], [ 14.780494668141165, 68.667446335794821 ], [ 14.486862804959122, 68.601462792339731 ], [ 14.404156248928144, 68.669915894540708 ], [ 14.49484822785735, 68.79380388533302 ], [ 14.76589833200517, 68.846667869495789 ], [ 14.922970996734104, 68.780658142321144 ], [ 14.965341572311978, 68.80475796740923 ], [ 14.870476492895154, 68.882949591361992 ], [ 14.873803468996572, 68.933321117028001 ], [ 15.053058339927993, 68.898735111828131 ], [ 15.012276898654937, 68.984713642877523 ], [ 15.129716083006533, 69.006770364461914 ], [ 15.26875059474736, 68.959309843567709 ], [ 15.284695808275449, 68.899198362549114 ] ] ], [ [ [ 14.697425743563961, 67.530986590339353 ], [ 14.619139972721811, 67.489550499357222 ], [ 14.542378632359249, 67.530451453751766 ], [ 14.681210135398889, 67.593231225436156 ], [ 14.697425743563961, 67.530986590339353 ] ] ], [ [ [ 14.410864403479984, 67.387303818177799 ], [ 14.323619822600568, 67.368871493330587 ], [ 14.259503360563572, 67.402466793965445 ], [ 14.403857839999084, 67.465287958354921 ], [ 14.410864403479984, 67.387303818177799 ] ] ], [ [ [ 14.157175555817551, 67.459820223057619 ], [ 14.075873283968367, 67.393078842292937 ], [ 14.03005637004604, 67.412433298081623 ], [ 14.083168288022181, 67.521033346322554 ], [ 14.157175555817551, 67.459820223057619 ] ] ], [ [ [ 14.035483747661415, 67.27505712975865 ], [ 13.916924039509055, 67.18626060765672 ], [ 13.901815509058848, 67.266642550968257 ], [ 13.950367631305822, 67.309014010278503 ], [ 14.035483747661415, 67.27505712975865 ] ] ], [ [ [ 14.004375070205509, 67.426743934097033 ], [ 13.95365562708491, 67.37298646866499 ], [ 13.847516731985355, 67.409645181218124 ], [ 13.905439185243033, 67.465560718114858 ], [ 14.004375070205509, 67.426743934097033 ] ] ], [ [ [ 13.835914307336298, 67.156040370022197 ], [ 13.653609374828282, 67.141653391649015 ], [ 13.653742002189697, 67.189664648686247 ], [ 13.848826386344005, 67.194631538209691 ], [ 13.835914307336298, 67.156040370022197 ] ] ], [ [ [ 13.693137475665484, 67.081378367119072 ], [ 13.694757304197106, 66.999042777422801 ], [ 13.561334074080689, 67.029256452672769 ], [ 13.53867876537217, 67.06400678613204 ], [ 13.693137475665484, 67.081378367119072 ] ] ], [ [ [ 13.016850491054036, 67.883109421416691 ], [ 12.847645238286145, 67.840133742711629 ], [ 12.846214820829058, 67.888180753523201 ], [ 13.069600791771599, 68.072077236556282 ], [ 13.403594198056664, 68.143904588843739 ], [ 13.381402509474666, 68.039058779273986 ], [ 13.1168262693936, 67.938587100387011 ], [ 13.016850491054036, 67.883109421416691 ] ] ], [ [ [ 12.990497908057769, 66.635632815665019 ], [ 12.951628538610585, 66.592910286809925 ], [ 12.92851362411507, 66.627565089647788 ], [ 12.96979415635799, 66.690810084949121 ], [ 13.061567056041275, 66.718897726514854 ], [ 13.046168929715861, 66.817401741664781 ], [ 13.107535722032738, 66.816309250744666 ], [ 13.173371439565233, 66.742003909432 ], [ 13.089845978793115, 66.727530330429204 ], [ 13.079334783087058, 66.640915434835208 ], [ 12.990497908057769, 66.635632815665019 ] ] ], [ [ [ 12.944396935009625, 66.412624433857204 ], [ 12.865996047681906, 66.372861259728452 ], [ 12.802688199791888, 66.408163823608717 ], [ 12.850525176683609, 66.475872368959855 ], [ 12.944724060635213, 66.474274244406445 ], [ 12.944396935009625, 66.412624433857204 ] ] ], [ [ [ 12.874106339451256, 66.626200546682853 ], [ 12.862337435426353, 66.521345811638128 ], [ 12.756323831981231, 66.603011175277089 ], [ 12.808680304021454, 66.647837453747229 ], [ 12.874106339451256, 66.626200546682853 ] ] ], [ [ [ 12.872407155675507, 66.249464068542039 ], [ 12.755619637861265, 66.21944385432019 ], [ 12.7586378318966, 66.310709694921414 ], [ 12.852492122230181, 66.311442372268971 ], [ 12.872407155675507, 66.249464068542039 ] ] ], [ [ [ 12.702944630152887, 66.610711196882676 ], [ 12.660799736310526, 66.531448916326426 ], [ 12.561226990068942, 66.548950745460019 ], [ 12.595394050377132, 66.619221760725353 ], [ 12.702944630152887, 66.610711196882676 ] ] ], [ [ [ 12.606216319232411, 66.32681366110036 ], [ 12.52369562819573, 66.30523210797756 ], [ 12.481265228045089, 66.351510832731108 ], [ 12.538880560910622, 66.391751731110972 ], [ 12.637398117086631, 66.369707865517512 ], [ 12.606216319232411, 66.32681366110036 ] ] ], [ [ [ 12.518218140317074, 66.798491976125774 ], [ 12.53250066129006, 66.736621828773025 ], [ 12.41010780501832, 66.738376370527348 ], [ 12.374860684746206, 66.798238370992863 ], [ 12.518218140317074, 66.798491976125774 ] ] ], [ [ [ 12.416690666993381, 66.162998090581951 ], [ 12.338429537558067, 66.107047124362964 ], [ 12.275843750259455, 66.151260951936806 ], [ 12.328889221385037, 66.223567830404207 ], [ 12.416690666993381, 66.162998090581951 ] ] ], [ [ [ 12.319802647851605, 65.822094831065925 ], [ 12.246626278385499, 65.811688421709889 ], [ 12.220195022420304, 66.044753734988575 ], [ 12.260899126095167, 66.055620976275989 ], [ 12.279854308434304, 65.968659435511213 ], [ 12.349700195689003, 65.862742944490122 ], [ 12.319802647851605, 65.822094831065925 ] ] ], [ [ [ 12.189262582897099, 65.832981171053859 ], [ 12.162248012994381, 65.824207971889081 ], [ 12.138379864628519, 65.854170842833284 ], [ 12.160519385156849, 65.883543194012702 ], [ 12.192472780767114, 65.871721078988585 ], [ 12.189262582897099, 65.832981171053859 ] ] ], [ [ [ 12.176874278217724, 65.92211494047163 ], [ 12.167099383177776, 65.883458157463807 ], [ 12.116834079548797, 65.913758333041741 ], [ 12.145781633579119, 65.945330024631502 ], [ 12.176874278217724, 65.92211494047163 ] ] ], [ [ [ 12.004012571134094, 65.643712248118206 ], [ 11.914331759679742, 65.576354873164433 ], [ 11.775593301579134, 65.64403035282173 ], [ 11.778478229500232, 65.687329062901455 ], [ 11.958362858139774, 65.733204438926165 ], [ 12.004012571134094, 65.643712248118206 ] ] ], [ [ [ 11.971253459541504, 67.397140066342118 ], [ 11.802975475109331, 67.389800882994535 ], [ 11.783687183628798, 67.412841964073436 ], [ 11.806330946352665, 67.435457694396575 ], [ 11.967927202304329, 67.442871618726386 ], [ 11.971253459541504, 67.397140066342118 ] ] ], [ [ [ 11.77984845405514, 65.707839568388678 ], [ 11.746263141454348, 65.694511939090745 ], [ 11.665018495618442, 65.754638735517119 ], [ 11.787350371265759, 65.819514566136093 ], [ 11.77984845405514, 65.707839568388678 ] ] ], [ [ [ 10.884302945339259, 64.737298219900779 ], [ 10.81342572275936, 64.687555762497311 ], [ 10.727140777543815, 64.76086326433483 ], [ 10.766039182964754, 64.797132746834777 ], [ 10.884302945339259, 64.737298219900779 ] ] ], [ [ [ 8.198019056358245, 63.329126190699171 ], [ 8.056862327966352, 63.281892797699321 ], [ 7.825009001490835, 63.333429276437883 ], [ 7.802593057990138, 63.392299539016015 ], [ 7.804545985030479, 63.446964193137582 ], [ 7.989298717072638, 63.481341078796667 ], [ 8.110776388290667, 63.471485861989621 ], [ 8.218343093915738, 63.390815740046847 ], [ 8.198019056358245, 63.329126190699171 ] ] ], [ [ [ 6.602537764208004, 62.82171633056327 ], [ 6.572550668637884, 62.773225675741173 ], [ 6.46545973440743, 62.779879739804343 ], [ 6.445113848147771, 62.80217722816932 ], [ 6.471676200958115, 62.827845622765203 ], [ 6.581491625491535, 62.850846924136249 ], [ 6.602537764208004, 62.82171633056327 ] ] ], [ [ [ 5.905284280735152, 59.270509280211094 ], [ 5.854161228341263, 59.20987407690145 ], [ 5.768357837188404, 59.218637142199306 ], [ 5.79016163067615, 59.301154567701516 ], [ 5.905284280735152, 59.270509280211094 ] ] ], [ [ [ 4.911240696916543, 59.31709274345004 ], [ 4.885901226499003, 59.236518611540617 ], [ 4.81629597686505, 59.240747706121887 ], [ 4.7723781914443, 59.321014476363523 ], [ 4.911240696916543, 59.31709274345004 ] ] ], [ [ [ 4.904527013454868, 61.723487860034339 ], [ 4.888392946928208, 61.611285086054643 ], [ 4.815949439360393, 61.636087597704005 ], [ 4.824547027992663, 61.72297771811396 ], [ 4.904527013454868, 61.723487860034339 ] ] ], [ [ [ 4.823287683904822, 61.066813908637755 ], [ 4.790485097836548, 61.026914266551415 ], [ 4.702591806287347, 61.051054286454331 ], [ 4.589670126724884, 60.955745962519629 ], [ 4.535751476155152, 61.010669727642487 ], [ 4.564806855054048, 61.071001482847834 ], [ 4.717845879908984, 61.094893815880276 ], [ 4.812397864249381, 61.134757726329681 ], [ 4.823287683904822, 61.066813908637755 ] ] ], [ [ [ -8.50186015576811, 70.988097286126873 ], [ -8.388286007422295, 71.086868000649545 ], [ -8.285953462325496, 71.124878155916832 ], [ -8.069478743953246, 71.161228837280191 ], [ -7.98166685297717, 71.15960730562864 ], [ -7.991831463091944, 71.020622164374444 ], [ -8.055001176271837, 71.005378057840275 ], [ -8.485394119422629, 70.970551397353262 ], [ -8.626753815266573, 70.94777350850994 ], [ -9.017240473403227, 70.810231602352175 ], [ -9.077576798088614, 70.864147093797243 ], [ -8.865140250830734, 70.937133349749118 ], [ -8.50186015576811, 70.988097286126873 ] ] ] ] } }
]
}
