Title,Country,Year,Breakdown,Value,Flag,ID
Early childhood education and care,Austria,2015,From 3 years - Non AROPE,90.1,,Children in formal childcare or education 
Early childhood education and care,Austria,2016,From 3 years - Non AROPE,92,,Children in formal childcare or education 
Early childhood education and care,Austria,2017,From 3 years - Non AROPE,89.7,,Children in formal childcare or education 
Early childhood education and care,Austria,2018,From 3 years - Non AROPE,87.7,,Children in formal childcare or education 
Early childhood education and care,Austria,2019,From 3 years - Non AROPE,88.4,,Children in formal childcare or education 
Early childhood education and care,Austria,2020,From 3 years - Non AROPE,92,,Children in formal childcare or education 
Early childhood education and care,Austria,2021,From 3 years - Non AROPE,93,,Children in formal childcare or education 
Early childhood education and care,Austria,2022,From 3 years - Non AROPE,93.8,,Children in formal childcare or education 
Early childhood education and care,Austria,2023,From 3 years - Non AROPE,93.7,,Children in formal childcare or education 
Early childhood education and care,Austria,2024,From 3 years - Non AROPE,92.4,,Children in formal childcare or education 
Early childhood education and care,Belgium,2015,From 3 years - Non AROPE,99.4,,Children in formal childcare or education 
Early childhood education and care,Belgium,2016,From 3 years - Non AROPE,99.6,,Children in formal childcare or education 
Early childhood education and care,Belgium,2017,From 3 years - Non AROPE,99.3,,Children in formal childcare or education 
Early childhood education and care,Belgium,2018,From 3 years - Non AROPE,100,,Children in formal childcare or education 
Early childhood education and care,Belgium,2019,From 3 years - Non AROPE,99.7,b,Children in formal childcare or education 
Early childhood education and care,Belgium,2020,From 3 years - Non AROPE,98.1,,Children in formal childcare or education 
Early childhood education and care,Belgium,2021,From 3 years - Non AROPE,98.4,,Children in formal childcare or education 
Early childhood education and care,Belgium,2022,From 3 years - Non AROPE,99.6,,Children in formal childcare or education 
Early childhood education and care,Belgium,2023,From 3 years - Non AROPE,99,,Children in formal childcare or education 
Early childhood education and care,Belgium,2024,From 3 years - Non AROPE,99.1,,Children in formal childcare or education 
Early childhood education and care,Bulgaria,2015,From 3 years - Non AROPE,86,,Children in formal childcare or education 
Early childhood education and care,Bulgaria,2016,From 3 years - Non AROPE,90.1,,Children in formal childcare or education 
Early childhood education and care,Bulgaria,2017,From 3 years - Non AROPE,80.9,,Children in formal childcare or education 
Early childhood education and care,Bulgaria,2018,From 3 years - Non AROPE,83.5,,Children in formal childcare or education 
Early childhood education and care,Bulgaria,2019,From 3 years - Non AROPE,93.2,,Children in formal childcare or education 
Early childhood education and care,Bulgaria,2020,From 3 years - Non AROPE,96.1,,Children in formal childcare or education 
Early childhood education and care,Bulgaria,2021,From 3 years - Non AROPE,94.6,,Children in formal childcare or education 
Early childhood education and care,Bulgaria,2022,From 3 years - Non AROPE,97.4,,Children in formal childcare or education 
Early childhood education and care,Bulgaria,2023,From 3 years - Non AROPE,98.5,,Children in formal childcare or education 
Early childhood education and care,Bulgaria,2024,From 3 years - Non AROPE,96.5,,Children in formal childcare or education 
Early childhood education and care,Croatia,2015,From 3 years - Non AROPE,67.4,,Children in formal childcare or education 
Early childhood education and care,Croatia,2016,From 3 years - Non AROPE,69.2,,Children in formal childcare or education 
Early childhood education and care,Croatia,2017,From 3 years - Non AROPE,70.4,,Children in formal childcare or education 
Early childhood education and care,Croatia,2018,From 3 years - Non AROPE,67.1,,Children in formal childcare or education 
Early childhood education and care,Croatia,2019,From 3 years - Non AROPE,69.1,,Children in formal childcare or education 
Early childhood education and care,Croatia,2020,From 3 years - Non AROPE,72.9,,Children in formal childcare or education 
Early childhood education and care,Croatia,2021,From 3 years - Non AROPE,78.5,,Children in formal childcare or education 
Early childhood education and care,Croatia,2022,From 3 years - Non AROPE,80,,Children in formal childcare or education 
Early childhood education and care,Croatia,2023,From 3 years - Non AROPE,87,,Children in formal childcare or education 
Early childhood education and care,Croatia,2024,From 3 years - Non AROPE,89.6,,Children in formal childcare or education 
Early childhood education and care,Cyprus,2015,From 3 years - Non AROPE,89.9,,Children in formal childcare or education 
Early childhood education and care,Cyprus,2016,From 3 years - Non AROPE,88.8,,Children in formal childcare or education 
Early childhood education and care,Cyprus,2017,From 3 years - Non AROPE,91.5,,Children in formal childcare or education 
Early childhood education and care,Cyprus,2018,From 3 years - Non AROPE,91.7,,Children in formal childcare or education 
Early childhood education and care,Cyprus,2019,From 3 years - Non AROPE,95.3,,Children in formal childcare or education 
Early childhood education and care,Cyprus,2020,From 3 years - Non AROPE,91.6,,Children in formal childcare or education 
Early childhood education and care,Cyprus,2021,From 3 years - Non AROPE,93.8,,Children in formal childcare or education 
Early childhood education and care,Cyprus,2022,From 3 years - Non AROPE,87.7,,Children in formal childcare or education 
Early childhood education and care,Cyprus,2023,From 3 years - Non AROPE,90.9,,Children in formal childcare or education 
Early childhood education and care,Cyprus,2024,From 3 years - Non AROPE,92.7,,Children in formal childcare or education 
Early childhood education and care,Czechia,2015,From 3 years - Non AROPE,85.7,,Children in formal childcare or education 
Early childhood education and care,Czechia,2016,From 3 years - Non AROPE,88.2,,Children in formal childcare or education 
Early childhood education and care,Czechia,2017,From 3 years - Non AROPE,87,,Children in formal childcare or education 
Early childhood education and care,Czechia,2018,From 3 years - Non AROPE,83.8,,Children in formal childcare or education 
Early childhood education and care,Czechia,2019,From 3 years - Non AROPE,82.3,,Children in formal childcare or education 
Early childhood education and care,Czechia,2020,From 3 years - Non AROPE,80.7,,Children in formal childcare or education 
Early childhood education and care,Czechia,2021,From 3 years - Non AROPE,65.7,,Children in formal childcare or education 
Early childhood education and care,Czechia,2022,From 3 years - Non AROPE,81.8,,Children in formal childcare or education 
Early childhood education and care,Czechia,2023,From 3 years - Non AROPE,83.6,,Children in formal childcare or education 
Early childhood education and care,Czechia,2024,From 3 years - Non AROPE,83.4,,Children in formal childcare or education 
Early childhood education and care,Denmark,2015,From 3 years - Non AROPE,98,,Children in formal childcare or education 
Early childhood education and care,Denmark,2016,From 3 years - Non AROPE,98.4,,Children in formal childcare or education 
Early childhood education and care,Denmark,2017,From 3 years - Non AROPE,97.6,,Children in formal childcare or education 
Early childhood education and care,Denmark,2018,From 3 years - Non AROPE,96.1,,Children in formal childcare or education 
Early childhood education and care,Denmark,2019,From 3 years - Non AROPE,94.6,,Children in formal childcare or education 
Early childhood education and care,Denmark,2020,From 3 years - Non AROPE,91.3,,Children in formal childcare or education 
Early childhood education and care,Denmark,2021,From 3 years - Non AROPE,92.5,,Children in formal childcare or education 
Early childhood education and care,Denmark,2022,From 3 years - Non AROPE,93.2,,Children in formal childcare or education 
Early childhood education and care,Denmark,2023,From 3 years - Non AROPE,99.1,b,Children in formal childcare or education 
Early childhood education and care,Denmark,2024,From 3 years - Non AROPE,100,,Children in formal childcare or education 
Early childhood education and care,EU 27,2015,From 3 years - Non AROPE,89.2,,Children in formal childcare or education 
Early childhood education and care,EU 27,2016,From 3 years - Non AROPE,91.8,,Children in formal childcare or education 
Early childhood education and care,EU 27,2017,From 3 years - Non AROPE,90.6,,Children in formal childcare or education 
Early childhood education and care,EU 27,2018,From 3 years - Non AROPE,91.7,,Children in formal childcare or education 
Early childhood education and care,EU 27,2019,From 3 years - Non AROPE,92.2,,Children in formal childcare or education 
Early childhood education and care,EU 27,2020,From 3 years - Non AROPE,82,,Children in formal childcare or education 
Early childhood education and care,EU 27,2021,From 3 years - Non AROPE,89.5,,Children in formal childcare or education 
Early childhood education and care,EU 27,2022,From 3 years - Non AROPE,91.3,,Children in formal childcare or education 
Early childhood education and care,EU 27,2023,From 3 years - Non AROPE,91,,Children in formal childcare or education 
Early childhood education and care,EU 27,2024,From 3 years - Non AROPE,91.4,,Children in formal childcare or education 
Early childhood education and care,Estonia,2015,From 3 years - Non AROPE,95.2,,Children in formal childcare or education 
Early childhood education and care,Estonia,2016,From 3 years - Non AROPE,94.3,,Children in formal childcare or education 
Early childhood education and care,Estonia,2017,From 3 years - Non AROPE,96.4,,Children in formal childcare or education 
Early childhood education and care,Estonia,2018,From 3 years - Non AROPE,96.3,,Children in formal childcare or education 
Early childhood education and care,Estonia,2019,From 3 years - Non AROPE,95.7,,Children in formal childcare or education 
Early childhood education and care,Estonia,2020,From 3 years - Non AROPE,95.7,,Children in formal childcare or education 
Early childhood education and care,Estonia,2021,From 3 years - Non AROPE,93.8,,Children in formal childcare or education 
Early childhood education and care,Estonia,2022,From 3 years - Non AROPE,95.9,,Children in formal childcare or education 
Early childhood education and care,Estonia,2023,From 3 years - Non AROPE,97,,Children in formal childcare or education 
Early childhood education and care,Estonia,2024,From 3 years - Non AROPE,97.2,,Children in formal childcare or education 
Early childhood education and care,Finland,2015,From 3 years - Non AROPE,85.6,,Children in formal childcare or education 
Early childhood education and care,Finland,2016,From 3 years - Non AROPE,87.4,,Children in formal childcare or education 
Early childhood education and care,Finland,2017,From 3 years - Non AROPE,87.3,,Children in formal childcare or education 
Early childhood education and care,Finland,2018,From 3 years - Non AROPE,86,,Children in formal childcare or education 
Early childhood education and care,Finland,2019,From 3 years - Non AROPE,88.7,,Children in formal childcare or education 
Early childhood education and care,Finland,2020,From 3 years - Non AROPE,84.9,,Children in formal childcare or education 
Early childhood education and care,Finland,2021,From 3 years - Non AROPE,92.4,,Children in formal childcare or education 
Early childhood education and care,Finland,2022,From 3 years - Non AROPE,93.1,,Children in formal childcare or education 
Early childhood education and care,Finland,2023,From 3 years - Non AROPE,94.8,,Children in formal childcare or education 
Early childhood education and care,Finland,2024,From 3 years - Non AROPE,97.1,,Children in formal childcare or education 
Early childhood education and care,France,2015,From 3 years - Non AROPE,96.1,,Children in formal childcare or education 
Early childhood education and care,France,2016,From 3 years - Non AROPE,96.6,,Children in formal childcare or education 
Early childhood education and care,France,2017,From 3 years - Non AROPE,97.4,,Children in formal childcare or education 
Early childhood education and care,France,2018,From 3 years - Non AROPE,96.5,,Children in formal childcare or education 
Early childhood education and care,France,2019,From 3 years - Non AROPE,96.7,,Children in formal childcare or education 
Early childhood education and care,France,2020,From 3 years - Non AROPE,98.6,b,Children in formal childcare or education 
Early childhood education and care,France,2021,From 3 years - Non AROPE,95.8,,Children in formal childcare or education 
Early childhood education and care,France,2022,From 3 years - Non AROPE,97.9,,Children in formal childcare or education 
Early childhood education and care,France,2023,From 3 years - Non AROPE,98.8,,Children in formal childcare or education 
Early childhood education and care,France,2024,From 3 years - Non AROPE,95.7,,Children in formal childcare or education 
Early childhood education and care,Germany,2015,From 3 years - Non AROPE,90.6,,Children in formal childcare or education 
Early childhood education and care,Germany,2016,From 3 years - Non AROPE,93.7,,Children in formal childcare or education 
Early childhood education and care,Germany,2017,From 3 years - Non AROPE,89.6,,Children in formal childcare or education 
Early childhood education and care,Germany,2018,From 3 years - Non AROPE,92.3,,Children in formal childcare or education 
Early childhood education and care,Germany,2019,From 3 years - Non AROPE,90.7,,Children in formal childcare or education 
Early childhood education and care,Germany,2020,From 3 years - Non AROPE,60,b,Children in formal childcare or education 
Early childhood education and care,Germany,2021,From 3 years - Non AROPE,90.6,,Children in formal childcare or education 
Early childhood education and care,Germany,2022,From 3 years - Non AROPE,92.9,,Children in formal childcare or education 
Early childhood education and care,Germany,2023,From 3 years - Non AROPE,88.8,,Children in formal childcare or education 
Early childhood education and care,Germany,2024,From 3 years - Non AROPE,88.7,,Children in formal childcare or education 
Early childhood education and care,Greece,2015,From 3 years - Non AROPE,76.1,,Children in formal childcare or education 
Early childhood education and care,Greece,2016,From 3 years - Non AROPE,68,,Children in formal childcare or education 
Early childhood education and care,Greece,2017,From 3 years - Non AROPE,90.7,,Children in formal childcare or education 
Early childhood education and care,Greece,2018,From 3 years - Non AROPE,95.8,,Children in formal childcare or education 
Early childhood education and care,Greece,2019,From 3 years - Non AROPE,93.6,,Children in formal childcare or education 
Early childhood education and care,Greece,2020,From 3 years - Non AROPE,87.9,,Children in formal childcare or education 
Early childhood education and care,Greece,2021,From 3 years - Non AROPE,83.9,,Children in formal childcare or education 
Early childhood education and care,Greece,2022,From 3 years - Non AROPE,84.4,,Children in formal childcare or education 
Early childhood education and care,Greece,2023,From 3 years - Non AROPE,89.7,,Children in formal childcare or education 
Early childhood education and care,Greece,2024,From 3 years - Non AROPE,90.7,,Children in formal childcare or education 
Early childhood education and care,Hungary,2015,From 3 years - Non AROPE,95,,Children in formal childcare or education 
Early childhood education and care,Hungary,2016,From 3 years - Non AROPE,91.3,,Children in formal childcare or education 
Early childhood education and care,Hungary,2017,From 3 years - Non AROPE,85.7,,Children in formal childcare or education 
Early childhood education and care,Hungary,2018,From 3 years - Non AROPE,86.4,,Children in formal childcare or education 
Early childhood education and care,Hungary,2019,From 3 years - Non AROPE,90.6,,Children in formal childcare or education 
Early childhood education and care,Hungary,2020,From 3 years - Non AROPE,83.9,,Children in formal childcare or education 
Early childhood education and care,Hungary,2021,From 3 years - Non AROPE,100,,Children in formal childcare or education 
Early childhood education and care,Hungary,2022,From 3 years - Non AROPE,100,,Children in formal childcare or education 
Early childhood education and care,Hungary,2023,From 3 years - Non AROPE,100,,Children in formal childcare or education 
Early childhood education and care,Hungary,2024,From 3 years - Non AROPE,100,,Children in formal childcare or education 
Early childhood education and care,Ireland,2015,From 3 years - Non AROPE,88.4,,Children in formal childcare or education 
Early childhood education and care,Ireland,2016,From 3 years - Non AROPE,88.3,,Children in formal childcare or education 
Early childhood education and care,Ireland,2017,From 3 years - Non AROPE,93.1,,Children in formal childcare or education 
Early childhood education and care,Ireland,2018,From 3 years - Non AROPE,90,,Children in formal childcare or education 
Early childhood education and care,Ireland,2019,From 3 years - Non AROPE,90.3,b,Children in formal childcare or education 
Early childhood education and care,Ireland,2020,From 3 years - Non AROPE,90.6,b,Children in formal childcare or education 
Early childhood education and care,Ireland,2021,From 3 years - Non AROPE,79,,Children in formal childcare or education 
Early childhood education and care,Ireland,2022,From 3 years - Non AROPE,95.8,,Children in formal childcare or education 
Early childhood education and care,Ireland,2023,From 3 years - Non AROPE,96.1,,Children in formal childcare or education 
Early childhood education and care,Ireland,2024,From 3 years - Non AROPE,95.3,,Children in formal childcare or education 
Early childhood education and care,Italy,2015,From 3 years - Non AROPE,91.3,,Children in formal childcare or education 
Early childhood education and care,Italy,2016,From 3 years - Non AROPE,95.5,,Children in formal childcare or education 
Early childhood education and care,Italy,2017,From 3 years - Non AROPE,94.2,,Children in formal childcare or education 
Early childhood education and care,Italy,2018,From 3 years - Non AROPE,93.8,,Children in formal childcare or education 
Early childhood education and care,Italy,2019,From 3 years - Non AROPE,97.3,,Children in formal childcare or education 
Early childhood education and care,Italy,2020,From 3 years - Non AROPE,,,Children in formal childcare or education 
Early childhood education and care,Italy,2021,From 3 years - Non AROPE,95.4,,Children in formal childcare or education 
Early childhood education and care,Italy,2022,From 3 years - Non AROPE,95.3,,Children in formal childcare or education 
Early childhood education and care,Italy,2023,From 3 years - Non AROPE,95.9,,Children in formal childcare or education 
Early childhood education and care,Italy,2024,From 3 years - Non AROPE,95.1,,Children in formal childcare or education 
Early childhood education and care,Latvia,2015,From 3 years - Non AROPE,93.4,,Children in formal childcare or education 
Early childhood education and care,Latvia,2016,From 3 years - Non AROPE,89.3,,Children in formal childcare or education 
Early childhood education and care,Latvia,2017,From 3 years - Non AROPE,90.6,,Children in formal childcare or education 
Early childhood education and care,Latvia,2018,From 3 years - Non AROPE,90.7,,Children in formal childcare or education 
Early childhood education and care,Latvia,2019,From 3 years - Non AROPE,90.4,,Children in formal childcare or education 
Early childhood education and care,Latvia,2020,From 3 years - Non AROPE,87.7,,Children in formal childcare or education 
Early childhood education and care,Latvia,2021,From 3 years - Non AROPE,90,,Children in formal childcare or education 
Early childhood education and care,Latvia,2022,From 3 years - Non AROPE,93.3,,Children in formal childcare or education 
Early childhood education and care,Latvia,2023,From 3 years - Non AROPE,95.8,,Children in formal childcare or education 
Early childhood education and care,Latvia,2024,From 3 years - Non AROPE,97.5,,Children in formal childcare or education 
Early childhood education and care,Lithuania,2015,From 3 years - Non AROPE,85.9,,Children in formal childcare or education 
Early childhood education and care,Lithuania,2016,From 3 years - Non AROPE,83.5,,Children in formal childcare or education 
Early childhood education and care,Lithuania,2017,From 3 years - Non AROPE,84.7,,Children in formal childcare or education 
Early childhood education and care,Lithuania,2018,From 3 years - Non AROPE,85.3,,Children in formal childcare or education 
Early childhood education and care,Lithuania,2019,From 3 years - Non AROPE,84.3,,Children in formal childcare or education 
Early childhood education and care,Lithuania,2020,From 3 years - Non AROPE,89.1,,Children in formal childcare or education 
Early childhood education and care,Lithuania,2021,From 3 years - Non AROPE,92.4,,Children in formal childcare or education 
Early childhood education and care,Lithuania,2022,From 3 years - Non AROPE,93.4,,Children in formal childcare or education 
Early childhood education and care,Lithuania,2023,From 3 years - Non AROPE,93.3,,Children in formal childcare or education 
Early childhood education and care,Lithuania,2024,From 3 years - Non AROPE,91.5,p,Children in formal childcare or education 
Early childhood education and care,Luxembourg,2015,From 3 years - Non AROPE,90.4,,Children in formal childcare or education 
Early childhood education and care,Luxembourg,2016,From 3 years - Non AROPE,91.7,,Children in formal childcare or education 
Early childhood education and care,Luxembourg,2017,From 3 years - Non AROPE,97.2,,Children in formal childcare or education 
Early childhood education and care,Luxembourg,2018,From 3 years - Non AROPE,96,,Children in formal childcare or education 
Early childhood education and care,Luxembourg,2019,From 3 years - Non AROPE,93.1,,Children in formal childcare or education 
Early childhood education and care,Luxembourg,2020,From 3 years - Non AROPE,92.4,b,Children in formal childcare or education 
Early childhood education and care,Luxembourg,2021,From 3 years - Non AROPE,97.5,,Children in formal childcare or education 
Early childhood education and care,Luxembourg,2022,From 3 years - Non AROPE,95.3,,Children in formal childcare or education 
Early childhood education and care,Luxembourg,2023,From 3 years - Non AROPE,85.9,,Children in formal childcare or education 
Early childhood education and care,Luxembourg,2024,From 3 years - Non AROPE,84.5,,Children in formal childcare or education 
Early childhood education and care,Malta,2015,From 3 years - Non AROPE,91.2,,Children in formal childcare or education 
Early childhood education and care,Malta,2016,From 3 years - Non AROPE,90.3,,Children in formal childcare or education 
Early childhood education and care,Malta,2017,From 3 years - Non AROPE,95,,Children in formal childcare or education 
Early childhood education and care,Malta,2018,From 3 years - Non AROPE,88.7,,Children in formal childcare or education 
Early childhood education and care,Malta,2019,From 3 years - Non AROPE,93.1,,Children in formal childcare or education 
Early childhood education and care,Malta,2020,From 3 years - Non AROPE,90.5,,Children in formal childcare or education 
Early childhood education and care,Malta,2021,From 3 years - Non AROPE,92.7,,Children in formal childcare or education 
Early childhood education and care,Malta,2022,From 3 years - Non AROPE,95.7,,Children in formal childcare or education 
Early childhood education and care,Malta,2023,From 3 years - Non AROPE,91.3,,Children in formal childcare or education 
Early childhood education and care,Malta,2024,From 3 years - Non AROPE,99.6,,Children in formal childcare or education 
Early childhood education and care,Netherlands,2015,From 3 years - Non AROPE,94.3,,Children in formal childcare or education 
Early childhood education and care,Netherlands,2016,From 3 years - Non AROPE,95.8,,Children in formal childcare or education 
Early childhood education and care,Netherlands,2017,From 3 years - Non AROPE,97,,Children in formal childcare or education 
Early childhood education and care,Netherlands,2018,From 3 years - Non AROPE,90,,Children in formal childcare or education 
Early childhood education and care,Netherlands,2019,From 3 years - Non AROPE,97,,Children in formal childcare or education 
Early childhood education and care,Netherlands,2020,From 3 years - Non AROPE,96.8,,Children in formal childcare or education 
Early childhood education and care,Netherlands,2021,From 3 years - Non AROPE,98.3,,Children in formal childcare or education 
Early childhood education and care,Netherlands,2022,From 3 years - Non AROPE,98.6,,Children in formal childcare or education 
Early childhood education and care,Netherlands,2023,From 3 years - Non AROPE,98,,Children in formal childcare or education 
Early childhood education and care,Netherlands,2024,From 3 years - Non AROPE,96.5,,Children in formal childcare or education 
Early childhood education and care,Poland,2015,From 3 years - Non AROPE,59.5,,Children in formal childcare or education 
Early childhood education and care,Poland,2016,From 3 years - Non AROPE,75,,Children in formal childcare or education 
Early childhood education and care,Poland,2017,From 3 years - Non AROPE,78.1,,Children in formal childcare or education 
Early childhood education and care,Poland,2018,From 3 years - Non AROPE,77.3,,Children in formal childcare or education 
Early childhood education and care,Poland,2019,From 3 years - Non AROPE,80,,Children in formal childcare or education 
Early childhood education and care,Poland,2020,From 3 years - Non AROPE,75.1,,Children in formal childcare or education 
Early childhood education and care,Poland,2021,From 3 years - Non AROPE,81.8,,Children in formal childcare or education 
Early childhood education and care,Poland,2022,From 3 years - Non AROPE,79.3,,Children in formal childcare or education 
Early childhood education and care,Poland,2023,From 3 years - Non AROPE,78.3,,Children in formal childcare or education 
Early childhood education and care,Poland,2024,From 3 years - Non AROPE,80.4,,Children in formal childcare or education 
Early childhood education and care,Portugal,2015,From 3 years - Non AROPE,94.8,,Children in formal childcare or education 
Early childhood education and care,Portugal,2016,From 3 years - Non AROPE,94.5,,Children in formal childcare or education 
Early childhood education and care,Portugal,2017,From 3 years - Non AROPE,96,,Children in formal childcare or education 
Early childhood education and care,Portugal,2018,From 3 years - Non AROPE,96.4,,Children in formal childcare or education 
Early childhood education and care,Portugal,2019,From 3 years - Non AROPE,96.8,,Children in formal childcare or education 
Early childhood education and care,Portugal,2020,From 3 years - Non AROPE,91.2,,Children in formal childcare or education 
Early childhood education and care,Portugal,2021,From 3 years - Non AROPE,88.7,,Children in formal childcare or education 
Early childhood education and care,Portugal,2022,From 3 years - Non AROPE,91.2,,Children in formal childcare or education 
Early childhood education and care,Portugal,2023,From 3 years - Non AROPE,88.8,,Children in formal childcare or education 
Early childhood education and care,Portugal,2024,From 3 years - Non AROPE,95.7,,Children in formal childcare or education 
Early childhood education and care,Romania,2015,From 3 years - Non AROPE,68.8,,Children in formal childcare or education 
Early childhood education and care,Romania,2016,From 3 years - Non AROPE,69.9,,Children in formal childcare or education 
Early childhood education and care,Romania,2017,From 3 years - Non AROPE,62.8,,Children in formal childcare or education 
Early childhood education and care,Romania,2018,From 3 years - Non AROPE,88.9,,Children in formal childcare or education 
Early childhood education and care,Romania,2019,From 3 years - Non AROPE,80,,Children in formal childcare or education 
Early childhood education and care,Romania,2020,From 3 years - Non AROPE,69.9,,Children in formal childcare or education 
Early childhood education and care,Romania,2021,From 3 years - Non AROPE,65.3,,Children in formal childcare or education 
Early childhood education and care,Romania,2022,From 3 years - Non AROPE,67.7,,Children in formal childcare or education 
Early childhood education and care,Romania,2023,From 3 years - Non AROPE,71.7,,Children in formal childcare or education 
Early childhood education and care,Romania,2024,From 3 years - Non AROPE,80.7,,Children in formal childcare or education 
Early childhood education and care,Slovakia,2015,From 3 years - Non AROPE,74.7,,Children in formal childcare or education 
Early childhood education and care,Slovakia,2016,From 3 years - Non AROPE,74.6,,Children in formal childcare or education 
Early childhood education and care,Slovakia,2017,From 3 years - Non AROPE,57.8,,Children in formal childcare or education 
Early childhood education and care,Slovakia,2018,From 3 years - Non AROPE,84.8,,Children in formal childcare or education 
Early childhood education and care,Slovakia,2019,From 3 years - Non AROPE,83.7,,Children in formal childcare or education 
Early childhood education and care,Slovakia,2020,From 3 years - Non AROPE,82,,Children in formal childcare or education 
Early childhood education and care,Slovakia,2021,From 3 years - Non AROPE,77.2,,Children in formal childcare or education 
Early childhood education and care,Slovakia,2022,From 3 years - Non AROPE,91.1,,Children in formal childcare or education 
Early childhood education and care,Slovakia,2023,From 3 years - Non AROPE,79.4,,Children in formal childcare or education 
Early childhood education and care,Slovakia,2024,From 3 years - Non AROPE,79.7,,Children in formal childcare or education 
Early childhood education and care,Slovenia,2015,From 3 years - Non AROPE,93.7,,Children in formal childcare or education 
Early childhood education and care,Slovenia,2016,From 3 years - Non AROPE,92.6,,Children in formal childcare or education 
Early childhood education and care,Slovenia,2017,From 3 years - Non AROPE,95.7,,Children in formal childcare or education 
Early childhood education and care,Slovenia,2018,From 3 years - Non AROPE,94.6,,Children in formal childcare or education 
Early childhood education and care,Slovenia,2019,From 3 years - Non AROPE,97.4,,Children in formal childcare or education 
Early childhood education and care,Slovenia,2020,From 3 years - Non AROPE,97,,Children in formal childcare or education 
Early childhood education and care,Slovenia,2021,From 3 years - Non AROPE,88.2,,Children in formal childcare or education 
Early childhood education and care,Slovenia,2022,From 3 years - Non AROPE,97.1,,Children in formal childcare or education 
Early childhood education and care,Slovenia,2023,From 3 years - Non AROPE,97,,Children in formal childcare or education 
Early childhood education and care,Slovenia,2024,From 3 years - Non AROPE,97.5,,Children in formal childcare or education 
Early childhood education and care,Spain,2015,From 3 years - Non AROPE,94.9,,Children in formal childcare or education 
Early childhood education and care,Spain,2016,From 3 years - Non AROPE,97.4,,Children in formal childcare or education 
Early childhood education and care,Spain,2017,From 3 years - Non AROPE,96.9,,Children in formal childcare or education 
Early childhood education and care,Spain,2018,From 3 years - Non AROPE,96.7,,Children in formal childcare or education 
Early childhood education and care,Spain,2019,From 3 years - Non AROPE,98.8,,Children in formal childcare or education 
Early childhood education and care,Spain,2020,From 3 years - Non AROPE,98.2,,Children in formal childcare or education 
Early childhood education and care,Spain,2021,From 3 years - Non AROPE,99.1,,Children in formal childcare or education 
Early childhood education and care,Spain,2022,From 3 years - Non AROPE,98.1,,Children in formal childcare or education 
Early childhood education and care,Spain,2023,From 3 years - Non AROPE,98.8,,Children in formal childcare or education 
Early childhood education and care,Spain,2024,From 3 years - Non AROPE,99,,Children in formal childcare or education 
Early childhood education and care,Sweden,2015,From 3 years - Non AROPE,97.5,,Children in formal childcare or education 
Early childhood education and care,Sweden,2016,From 3 years - Non AROPE,97.8,,Children in formal childcare or education 
Early childhood education and care,Sweden,2017,From 3 years - Non AROPE,98.9,,Children in formal childcare or education 
Early childhood education and care,Sweden,2018,From 3 years - Non AROPE,96.8,,Children in formal childcare or education 
Early childhood education and care,Sweden,2019,From 3 years - Non AROPE,97.1,,Children in formal childcare or education 
Early childhood education and care,Sweden,2020,From 3 years - Non AROPE,96.8,,Children in formal childcare or education 
Early childhood education and care,Sweden,2021,From 3 years - Non AROPE,98.2,,Children in formal childcare or education 
Early childhood education and care,Sweden,2022,From 3 years - Non AROPE,98.7,,Children in formal childcare or education 
Early childhood education and care,Sweden,2023,From 3 years - Non AROPE,99.5,,Children in formal childcare or education 
Early childhood education and care,Sweden,2024,From 3 years - Non AROPE,99,,Children in formal childcare or education 
Early childhood education and care,Austria,2015,All children under 3,22.3,,Children in formal childcare or education 
Early childhood education and care,Austria,2016,All children under 3,20.5,,Children in formal childcare or education 
Early childhood education and care,Austria,2017,All children under 3,18.2,,Children in formal childcare or education 
Early childhood education and care,Austria,2018,All children under 3,20,,Children in formal childcare or education 
Early childhood education and care,Austria,2019,All children under 3,22.6,,Children in formal childcare or education 
Early childhood education and care,Austria,2020,All children under 3,21.1,,Children in formal childcare or education 
Early childhood education and care,Austria,2021,All children under 3,28.6,,Children in formal childcare or education 
Early childhood education and care,Austria,2022,All children under 3,23,,Children in formal childcare or education 
Early childhood education and care,Austria,2023,All children under 3,24.1,,Children in formal childcare or education 
Early childhood education and care,Austria,2024,All children under 3,30.2,,Children in formal childcare or education 
Early childhood education and care,Belgium,2015,All children under 3,50.1,,Children in formal childcare or education 
Early childhood education and care,Belgium,2016,All children under 3,43.9,,Children in formal childcare or education 
Early childhood education and care,Belgium,2017,All children under 3,53.2,,Children in formal childcare or education 
Early childhood education and care,Belgium,2018,All children under 3,54.4,,Children in formal childcare or education 
Early childhood education and care,Belgium,2019,All children under 3,55.5,b,Children in formal childcare or education 
Early childhood education and care,Belgium,2020,All children under 3,54.5,,Children in formal childcare or education 
Early childhood education and care,Belgium,2021,All children under 3,51.7,,Children in formal childcare or education 
Early childhood education and care,Belgium,2022,All children under 3,52.7,,Children in formal childcare or education 
Early childhood education and care,Belgium,2023,All children under 3,56.3,,Children in formal childcare or education 
Early childhood education and care,Belgium,2024,All children under 3,52.3,,Children in formal childcare or education 
Early childhood education and care,Bulgaria,2015,All children under 3,8.9,,Children in formal childcare or education 
Early childhood education and care,Bulgaria,2016,All children under 3,12.5,,Children in formal childcare or education 
Early childhood education and care,Bulgaria,2017,All children under 3,9.4,,Children in formal childcare or education 
Early childhood education and care,Bulgaria,2018,All children under 3,16.3,,Children in formal childcare or education 
Early childhood education and care,Bulgaria,2019,All children under 3,19.7,,Children in formal childcare or education 
Early childhood education and care,Bulgaria,2020,All children under 3,15,,Children in formal childcare or education 
Early childhood education and care,Bulgaria,2021,All children under 3,18.7,,Children in formal childcare or education 
Early childhood education and care,Bulgaria,2022,All children under 3,17.3,,Children in formal childcare or education 
Early childhood education and care,Bulgaria,2023,All children under 3,17.4,,Children in formal childcare or education 
Early childhood education and care,Bulgaria,2024,All children under 3,21.2,,Children in formal childcare or education 
Early childhood education and care,Croatia,2015,All children under 3,11.8,,Children in formal childcare or education 
Early childhood education and care,Croatia,2016,All children under 3,15.7,,Children in formal childcare or education 
Early childhood education and care,Croatia,2017,All children under 3,16,,Children in formal childcare or education 
Early childhood education and care,Croatia,2018,All children under 3,17.8,,Children in formal childcare or education 
Early childhood education and care,Croatia,2019,All children under 3,15.7,,Children in formal childcare or education 
Early childhood education and care,Croatia,2020,All children under 3,20.4,,Children in formal childcare or education 
Early childhood education and care,Croatia,2021,All children under 3,33.4,,Children in formal childcare or education 
Early childhood education and care,Croatia,2022,All children under 3,27.5,,Children in formal childcare or education 
Early childhood education and care,Croatia,2023,All children under 3,29.6,,Children in formal childcare or education 
Early childhood education and care,Croatia,2024,All children under 3,30.2,,Children in formal childcare or education 
Early childhood education and care,Cyprus,2015,All children under 3,19,,Children in formal childcare or education 
Early childhood education and care,Cyprus,2016,All children under 3,22.4,,Children in formal childcare or education 
Early childhood education and care,Cyprus,2017,All children under 3,25.8,,Children in formal childcare or education 
Early childhood education and care,Cyprus,2018,All children under 3,30,,Children in formal childcare or education 
Early childhood education and care,Cyprus,2019,All children under 3,30.2,,Children in formal childcare or education 
Early childhood education and care,Cyprus,2020,All children under 3,21.6,,Children in formal childcare or education 
Early childhood education and care,Cyprus,2021,All children under 3,26.3,,Children in formal childcare or education 
Early childhood education and care,Cyprus,2022,All children under 3,24.5,,Children in formal childcare or education 
Early childhood education and care,Cyprus,2023,All children under 3,37.4,,Children in formal childcare or education 
Early childhood education and care,Cyprus,2024,All children under 3,40.1,,Children in formal childcare or education 
Early childhood education and care,Czechia,2015,All children under 3,2.9,,Children in formal childcare or education 
Early childhood education and care,Czechia,2016,All children under 3,4.7,,Children in formal childcare or education 
Early childhood education and care,Czechia,2017,All children under 3,6.5,,Children in formal childcare or education 
Early childhood education and care,Czechia,2018,All children under 3,9.1,,Children in formal childcare or education 
Early childhood education and care,Czechia,2019,All children under 3,6.3,,Children in formal childcare or education 
Early childhood education and care,Czechia,2020,All children under 3,4.8,,Children in formal childcare or education 
Early childhood education and care,Czechia,2021,All children under 3,4.9,,Children in formal childcare or education 
Early childhood education and care,Czechia,2022,All children under 3,6.8,,Children in formal childcare or education 
Early childhood education and care,Czechia,2023,All children under 3,4.5,,Children in formal childcare or education 
Early childhood education and care,Czechia,2024,All children under 3,7.2,,Children in formal childcare or education 
Early childhood education and care,Denmark,2015,All children under 3,77.2,,Children in formal childcare or education 
Early childhood education and care,Denmark,2016,All children under 3,70,,Children in formal childcare or education 
Early childhood education and care,Denmark,2017,All children under 3,71.7,,Children in formal childcare or education 
Early childhood education and care,Denmark,2018,All children under 3,63.2,,Children in formal childcare or education 
Early childhood education and care,Denmark,2019,All children under 3,66.1,,Children in formal childcare or education 
Early childhood education and care,Denmark,2020,All children under 3,67.7,,Children in formal childcare or education 
Early childhood education and care,Denmark,2021,All children under 3,69.2,,Children in formal childcare or education 
Early childhood education and care,Denmark,2022,All children under 3,74.7,,Children in formal childcare or education 
Early childhood education and care,Denmark,2023,All children under 3,69.8,b,Children in formal childcare or education 
Early childhood education and care,Denmark,2024,All children under 3,62.9,,Children in formal childcare or education 
Early childhood education and care,EU27,2015,All children under 3,29.9,,Children in formal childcare or education 
Early childhood education and care,EU27,2016,All children under 3,33.4,,Children in formal childcare or education 
Early childhood education and care,EU27,2017,All children under 3,34.2,,Children in formal childcare or education 
Early childhood education and care,EU27,2018,All children under 3,34.5,,Children in formal childcare or education 
Early childhood education and care,EU27,2019,All children under 3,35,,Children in formal childcare or education 
Early childhood education and care,EU27,2020,All children under 3,32.8,,Children in formal childcare or education 
Early childhood education and care,EU27,2021,All children under 3,37.8,,Children in formal childcare or education 
Early childhood education and care,EU27,2022,All children under 3,35.9,,Children in formal childcare or education 
Early childhood education and care,EU27,2023,All children under 3,37.4,,Children in formal childcare or education 
Early childhood education and care,EU27,2024,All children under 3,39.3,,Children in formal childcare or education 
Early childhood education and care,Estonia,2015,All children under 3,21.4,,Children in formal childcare or education 
Early childhood education and care,Estonia,2016,All children under 3,30.2,,Children in formal childcare or education 
Early childhood education and care,Estonia,2017,All children under 3,27.1,,Children in formal childcare or education 
Early childhood education and care,Estonia,2018,All children under 3,28.4,,Children in formal childcare or education 
Early childhood education and care,Estonia,2019,All children under 3,31.8,,Children in formal childcare or education 
Early childhood education and care,Estonia,2020,All children under 3,26.7,,Children in formal childcare or education 
Early childhood education and care,Estonia,2021,All children under 3,25.7,,Children in formal childcare or education 
Early childhood education and care,Estonia,2022,All children under 3,33.7,,Children in formal childcare or education 
Early childhood education and care,Estonia,2023,All children under 3,37.8,,Children in formal childcare or education 
Early childhood education and care,Estonia,2024,All children under 3,36.8,,Children in formal childcare or education 
Early childhood education and care,Finland,2015,All children under 3,30.3,,Children in formal childcare or education 
Early childhood education and care,Finland,2016,All children under 3,29.6,,Children in formal childcare or education 
Early childhood education and care,Finland,2017,All children under 3,30.3,,Children in formal childcare or education 
Early childhood education and care,Finland,2018,All children under 3,36,,Children in formal childcare or education 
Early childhood education and care,Finland,2019,All children under 3,34.6,,Children in formal childcare or education 
Early childhood education and care,Finland,2020,All children under 3,35.8,,Children in formal childcare or education 
Early childhood education and care,Finland,2021,All children under 3,39.1,,Children in formal childcare or education 
Early childhood education and care,Finland,2022,All children under 3,40,,Children in formal childcare or education 
Early childhood education and care,Finland,2023,All children under 3,43.9,,Children in formal childcare or education 
Early childhood education and care,Finland,2024,All children under 3,48.2,,Children in formal childcare or education 
Early childhood education and care,France,2015,All children under 3,41.7,,Children in formal childcare or education 
Early childhood education and care,France,2016,All children under 3,48.9,,Children in formal childcare or education 
Early childhood education and care,France,2017,All children under 3,50.5,,Children in formal childcare or education 
Early childhood education and care,France,2018,All children under 3,50.1,,Children in formal childcare or education 
Early childhood education and care,France,2019,All children under 3,50.8,,Children in formal childcare or education 
Early childhood education and care,France,2020,All children under 3,57.2,b,Children in formal childcare or education 
Early childhood education and care,France,2021,All children under 3,57.1,,Children in formal childcare or education 
Early childhood education and care,France,2022,All children under 3,56.3,,Children in formal childcare or education 
Early childhood education and care,France,2023,All children under 3,57.4,,Children in formal childcare or education 
Early childhood education and care,France,2024,All children under 3,59.4,,Children in formal childcare or education 
Early childhood education and care,Germany,2015,All children under 3,25.9,,Children in formal childcare or education 
Early childhood education and care,Germany,2016,All children under 3,31.7,,Children in formal childcare or education 
Early childhood education and care,Germany,2017,All children under 3,30.2,,Children in formal childcare or education 
Early childhood education and care,Germany,2018,All children under 3,29.8,,Children in formal childcare or education 
Early childhood education and care,Germany,2019,All children under 3,31.4,,Children in formal childcare or education 
Early childhood education and care,Germany,2020,All children under 3,16.4,b,Children in formal childcare or education 
Early childhood education and care,Germany,2021,All children under 3,31.4,,Children in formal childcare or education 
Early childhood education and care,Germany,2022,All children under 3,24.6,,Children in formal childcare or education 
Early childhood education and care,Germany,2023,All children under 3,23.3,,Children in formal childcare or education 
Early childhood education and care,Germany,2024,All children under 3,25.1,,Children in formal childcare or education 
Early childhood education and care,Greece,2015,All children under 3,11.4,,Children in formal childcare or education 
Early childhood education and care,Greece,2016,All children under 3,8.9,,Children in formal childcare or education 
Early childhood education and care,Greece,2017,All children under 3,20.5,,Children in formal childcare or education 
Early childhood education and care,Greece,2018,All children under 3,40.8,,Children in formal childcare or education 
Early childhood education and care,Greece,2019,All children under 3,32.4,,Children in formal childcare or education 
Early childhood education and care,Greece,2020,All children under 3,21.5,,Children in formal childcare or education 
Early childhood education and care,Greece,2021,All children under 3,32.3,,Children in formal childcare or education 
Early childhood education and care,Greece,2022,All children under 3,29.2,,Children in formal childcare or education 
Early childhood education and care,Greece,2023,All children under 3,29.5,,Children in formal childcare or education 
Early childhood education and care,Greece,2024,All children under 3,28.8,,Children in formal childcare or education 
Early childhood education and care,Hungary,2015,All children under 3,15.4,,Children in formal childcare or education 
Early childhood education and care,Hungary,2016,All children under 3,15.6,,Children in formal childcare or education 
Early childhood education and care,Hungary,2017,All children under 3,13.8,,Children in formal childcare or education 
Early childhood education and care,Hungary,2018,All children under 3,16.5,,Children in formal childcare or education 
Early childhood education and care,Hungary,2019,All children under 3,16.9,,Children in formal childcare or education 
Early childhood education and care,Hungary,2020,All children under 3,10.5,,Children in formal childcare or education 
Early childhood education and care,Hungary,2021,All children under 3,13.8,,Children in formal childcare or education 
Early childhood education and care,Hungary,2022,All children under 3,12.9,,Children in formal childcare or education 
Early childhood education and care,Hungary,2023,All children under 3,20.3,,Children in formal childcare or education 
Early childhood education and care,Hungary,2024,All children under 3,16.4,,Children in formal childcare or education 
Early childhood education and care,Ireland,2015,All children under 3,24.2,,Children in formal childcare or education 
Early childhood education and care,Ireland,2016,All children under 3,20.9,,Children in formal childcare or education 
Early childhood education and care,Ireland,2017,All children under 3,23.5,,Children in formal childcare or education 
Early childhood education and care,Ireland,2018,All children under 3,31,,Children in formal childcare or education 
Early childhood education and care,Ireland,2019,All children under 3,32,b,Children in formal childcare or education 
Early childhood education and care,Ireland,2020,All children under 3,17.9,b,Children in formal childcare or education 
Early childhood education and care,Ireland,2021,All children under 3,14.7,,Children in formal childcare or education 
Early childhood education and care,Ireland,2022,All children under 3,18.2,,Children in formal childcare or education 
Early childhood education and care,Ireland,2023,All children under 3,22.1,,Children in formal childcare or education 
Early childhood education and care,Ireland,2024,All children under 3,24.4,,Children in formal childcare or education 
Early childhood education and care,Italy,2015,All children under 3,27.3,,Children in formal childcare or education 
Early childhood education and care,Italy,2016,All children under 3,34.4,,Children in formal childcare or education 
Early childhood education and care,Italy,2017,All children under 3,28.6,,Children in formal childcare or education 
Early childhood education and care,Italy,2018,All children under 3,25.7,,Children in formal childcare or education 
Early childhood education and care,Italy,2019,All children under 3,26.3,,Children in formal childcare or education 
Early childhood education and care,Italy,2020,All children under 3,,,Children in formal childcare or education 
Early childhood education and care,Italy,2021,All children under 3,33.3,,Children in formal childcare or education 
Early childhood education and care,Italy,2022,All children under 3,30.9,,Children in formal childcare or education 
Early childhood education and care,Italy,2023,All children under 3,34.5,,Children in formal childcare or education 
Early childhood education and care,Italy,2024,All children under 3,39.4,,Children in formal childcare or education 
Early childhood education and care,Latvia,2015,All children under 3,20,,Children in formal childcare or education 
Early childhood education and care,Latvia,2016,All children under 3,25.9,,Children in formal childcare or education 
Early childhood education and care,Latvia,2017,All children under 3,26.7,,Children in formal childcare or education 
Early childhood education and care,Latvia,2018,All children under 3,24.6,,Children in formal childcare or education 
Early childhood education and care,Latvia,2019,All children under 3,25.6,,Children in formal childcare or education 
Early childhood education and care,Latvia,2020,All children under 3,24.2,,Children in formal childcare or education 
Early childhood education and care,Latvia,2021,All children under 3,29.2,,Children in formal childcare or education 
Early childhood education and care,Latvia,2022,All children under 3,32.7,,Children in formal childcare or education 
Early childhood education and care,Latvia,2023,All children under 3,34.9,,Children in formal childcare or education 
Early childhood education and care,Latvia,2024,All children under 3,24.9,,Children in formal childcare or education 
Early childhood education and care,Lithuania,2015,All children under 3,9.7,,Children in formal childcare or education 
Early childhood education and care,Lithuania,2016,All children under 3,15.2,,Children in formal childcare or education 
Early childhood education and care,Lithuania,2017,All children under 3,20.4,,Children in formal childcare or education 
Early childhood education and care,Lithuania,2018,All children under 3,20.8,,Children in formal childcare or education 
Early childhood education and care,Lithuania,2019,All children under 3,26.6,,Children in formal childcare or education 
Early childhood education and care,Lithuania,2020,All children under 3,16.3,,Children in formal childcare or education 
Early childhood education and care,Lithuania,2021,All children under 3,21.4,,Children in formal childcare or education 
Early childhood education and care,Lithuania,2022,All children under 3,22.8,,Children in formal childcare or education 
Early childhood education and care,Lithuania,2023,All children under 3,19.8,,Children in formal childcare or education 
Early childhood education and care,Lithuania,2024,All children under 3,36.9,p,Children in formal childcare or education 
Early childhood education and care,Luxembourg,2015,All children under 3,51.9,,Children in formal childcare or education 
Early childhood education and care,Luxembourg,2016,All children under 3,50.9,,Children in formal childcare or education 
Early childhood education and care,Luxembourg,2017,All children under 3,60.9,,Children in formal childcare or education 
Early childhood education and care,Luxembourg,2018,All children under 3,60.6,,Children in formal childcare or education 
Early childhood education and care,Luxembourg,2019,All children under 3,60,,Children in formal childcare or education 
Early childhood education and care,Luxembourg,2020,All children under 3,63.2,b,Children in formal childcare or education 
Early childhood education and care,Luxembourg,2021,All children under 3,61.9,,Children in formal childcare or education 
Early childhood education and care,Luxembourg,2022,All children under 3,54.7,,Children in formal childcare or education 
Early childhood education and care,Luxembourg,2023,All children under 3,60,,Children in formal childcare or education 
Early childhood education and care,Luxembourg,2024,All children under 3,56.6,,Children in formal childcare or education 
Early childhood education and care,Malta,2015,All children under 3,19,,Children in formal childcare or education 
Early childhood education and care,Malta,2016,All children under 3,31.4,,Children in formal childcare or education 
Early childhood education and care,Malta,2017,All children under 3,36.7,,Children in formal childcare or education 
Early childhood education and care,Malta,2018,All children under 3,32.1,,Children in formal childcare or education 
Early childhood education and care,Malta,2019,All children under 3,38.3,,Children in formal childcare or education 
Early childhood education and care,Malta,2020,All children under 3,29.8,,Children in formal childcare or education 
Early childhood education and care,Malta,2021,All children under 3,24,,Children in formal childcare or education 
Early childhood education and care,Malta,2022,All children under 3,43.1,,Children in formal childcare or education 
Early childhood education and care,Malta,2023,All children under 3,51.1,,Children in formal childcare or education 
Early childhood education and care,Malta,2024,All children under 3,44.1,,Children in formal childcare or education 
Early childhood education and care,Netherlands,2015,All children under 3,46.3,,Children in formal childcare or education 
Early childhood education and care,Netherlands,2016,All children under 3,52.9,,Children in formal childcare or education 
Early childhood education and care,Netherlands,2017,All children under 3,61.6,,Children in formal childcare or education 
Early childhood education and care,Netherlands,2018,All children under 3,56.8,,Children in formal childcare or education 
Early childhood education and care,Netherlands,2019,All children under 3,64.8,,Children in formal childcare or education 
Early childhood education and care,Netherlands,2020,All children under 3,67.6,,Children in formal childcare or education 
Early childhood education and care,Netherlands,2021,All children under 3,74.1,,Children in formal childcare or education 
Early childhood education and care,Netherlands,2022,All children under 3,72.3,,Children in formal childcare or education 
Early childhood education and care,Netherlands,2023,All children under 3,71.6,,Children in formal childcare or education 
Early childhood education and care,Netherlands,2024,All children under 3,78.9,,Children in formal childcare or education 
Early childhood education and care,Poland,2015,All children under 3,5.3,,Children in formal childcare or education 
Early childhood education and care,Poland,2016,All children under 3,7.9,,Children in formal childcare or education 
Early childhood education and care,Poland,2017,All children under 3,11.7,,Children in formal childcare or education 
Early childhood education and care,Poland,2018,All children under 3,10.8,,Children in formal childcare or education 
Early childhood education and care,Poland,2019,All children under 3,10.1,,Children in formal childcare or education 
Early childhood education and care,Poland,2020,All children under 3,11.2,,Children in formal childcare or education 
Early childhood education and care,Poland,2021,All children under 3,17.2,,Children in formal childcare or education 
Early childhood education and care,Poland,2022,All children under 3,15.8,,Children in formal childcare or education 
Early childhood education and care,Poland,2023,All children under 3,12.6,,Children in formal childcare or education 
Early childhood education and care,Poland,2024,All children under 3,15.1,,Children in formal childcare or education 
Early childhood education and care,Portugal,2015,All children under 3,43,,Children in formal childcare or education 
Early childhood education and care,Portugal,2016,All children under 3,44.4,,Children in formal childcare or education 
Early childhood education and care,Portugal,2017,All children under 3,42.5,,Children in formal childcare or education 
Early childhood education and care,Portugal,2018,All children under 3,46.9,,Children in formal childcare or education 
Early childhood education and care,Portugal,2019,All children under 3,48.5,,Children in formal childcare or education 
Early childhood education and care,Portugal,2020,All children under 3,43.4,,Children in formal childcare or education 
Early childhood education and care,Portugal,2021,All children under 3,43.3,,Children in formal childcare or education 
Early childhood education and care,Portugal,2022,All children under 3,47.2,,Children in formal childcare or education 
Early childhood education and care,Portugal,2023,All children under 3,55.5,,Children in formal childcare or education 
Early childhood education and care,Portugal,2024,All children under 3,59.5,,Children in formal childcare or education 
Early childhood education and care,Romania,2015,All children under 3,9.4,,Children in formal childcare or education 
Early childhood education and care,Romania,2016,All children under 3,17.4,,Children in formal childcare or education 
Early childhood education and care,Romania,2017,All children under 3,15.9,,Children in formal childcare or education 
Early childhood education and care,Romania,2018,All children under 3,13.2,,Children in formal childcare or education 
Early childhood education and care,Romania,2019,All children under 3,14.1,,Children in formal childcare or education 
Early childhood education and care,Romania,2020,All children under 3,6.8,,Children in formal childcare or education 
Early childhood education and care,Romania,2021,All children under 3,9.4,,Children in formal childcare or education 
Early childhood education and care,Romania,2022,All children under 3,12.3,,Children in formal childcare or education 
Early childhood education and care,Romania,2023,All children under 3,12.3,,Children in formal childcare or education 
Early childhood education and care,Romania,2024,All children under 3,11.4,,Children in formal childcare or education 
Early childhood education and care,Slovakia,2015,All children under 3,1.1,,Children in formal childcare or education 
Early childhood education and care,Slovakia,2016,All children under 3,0.5,,Children in formal childcare or education 
Early childhood education and care,Slovakia,2017,All children under 3,0.5,,Children in formal childcare or education 
Early childhood education and care,Slovakia,2018,All children under 3,1.3,,Children in formal childcare or education 
Early childhood education and care,Slovakia,2019,All children under 3,6.1,,Children in formal childcare or education 
Early childhood education and care,Slovakia,2020,All children under 3,4.4,,Children in formal childcare or education 
Early childhood education and care,Slovakia,2021,All children under 3,2.3,,Children in formal childcare or education 
Early childhood education and care,Slovakia,2022,All children under 3,2.3,,Children in formal childcare or education 
Early childhood education and care,Slovakia,2023,All children under 3,1,,Children in formal childcare or education 
Early childhood education and care,Slovakia,2024,All children under 3,5.1,,Children in formal childcare or education 
Early childhood education and care,Slovenia,2015,All children under 3,37.5,,Children in formal childcare or education 
Early childhood education and care,Slovenia,2016,All children under 3,39.5,,Children in formal childcare or education 
Early childhood education and care,Slovenia,2017,All children under 3,44.9,,Children in formal childcare or education 
Early childhood education and care,Slovenia,2018,All children under 3,46.3,,Children in formal childcare or education 
Early childhood education and care,Slovenia,2019,All children under 3,46.9,,Children in formal childcare or education 
Early childhood education and care,Slovenia,2020,All children under 3,44.3,,Children in formal childcare or education 
Early childhood education and care,Slovenia,2021,All children under 3,47.5,,Children in formal childcare or education 
Early childhood education and care,Slovenia,2022,All children under 3,52.3,,Children in formal childcare or education 
Early childhood education and care,Slovenia,2023,All children under 3,56.6,,Children in formal childcare or education 
Early childhood education and care,Slovenia,2024,All children under 3,57.9,,Children in formal childcare or education 
Early childhood education and care,Spain,2015,All children under 3,39.8,,Children in formal childcare or education 
Early childhood education and care,Spain,2016,All children under 3,39.3,,Children in formal childcare or education 
Early childhood education and care,Spain,2017,All children under 3,45.8,,Children in formal childcare or education 
Early childhood education and care,Spain,2018,All children under 3,50.5,,Children in formal childcare or education 
Early childhood education and care,Spain,2019,All children under 3,57.4,,Children in formal childcare or education 
Early childhood education and care,Spain,2020,All children under 3,45.5,,Children in formal childcare or education 
Early childhood education and care,Spain,2021,All children under 3,55.3,,Children in formal childcare or education 
Early childhood education and care,Spain,2022,All children under 3,48.7,,Children in formal childcare or education 
Early childhood education and care,Spain,2023,All children under 3,55.8,,Children in formal childcare or education 
Early childhood education and care,Spain,2024,All children under 3,55,,Children in formal childcare or education 
Early childhood education and care,Sweden,2015,All children under 3,55,,Children in formal childcare or education 
Early childhood education and care,Sweden,2016,All children under 3,51,,Children in formal childcare or education 
Early childhood education and care,Sweden,2017,All children under 3,52.7,,Children in formal childcare or education 
Early childhood education and care,Sweden,2018,All children under 3,49.3,,Children in formal childcare or education 
Early childhood education and care,Sweden,2019,All children under 3,53.1,,Children in formal childcare or education 
Early childhood education and care,Sweden,2020,All children under 3,54.1,,Children in formal childcare or education 
Early childhood education and care,Sweden,2021,All children under 3,55.8,,Children in formal childcare or education 
Early childhood education and care,Sweden,2022,All children under 3,54.4,,Children in formal childcare or education 
Early childhood education and care,Sweden,2023,All children under 3,56.8,,Children in formal childcare or education 
Early childhood education and care,Sweden,2024,All children under 3,57.7,,Children in formal childcare or education 
Early childhood education and care,Austria,2015,All children from age 3,88.5,,Children in formal childcare or education 
Early childhood education and care,Austria,2016,All children from age 3,91.6,,Children in formal childcare or education 
Early childhood education and care,Austria,2017,All children from age 3,88,,Children in formal childcare or education 
Early childhood education and care,Austria,2018,All children from age 3,84.4,,Children in formal childcare or education 
Early childhood education and care,Austria,2019,All children from age 3,87.2,,Children in formal childcare or education 
Early childhood education and care,Austria,2020,All children from age 3,87.4,,Children in formal childcare or education 
Early childhood education and care,Austria,2021,All children from age 3,89.4,,Children in formal childcare or education 
Early childhood education and care,Austria,2022,All children from age 3,91.9,,Children in formal childcare or education 
Early childhood education and care,Austria,2023,All children from age 3,90.3,,Children in formal childcare or education 
Early childhood education and care,Austria,2024,All children from age 3,90,,Children in formal childcare or education 
Early childhood education and care,Belgium,2015,All children from age 3,98.9,,Children in formal childcare or education 
Early childhood education and care,Belgium,2016,All children from age 3,99.1,,Children in formal childcare or education 
Early childhood education and care,Belgium,2017,All children from age 3,99.4,,Children in formal childcare or education 
Early childhood education and care,Belgium,2018,All children from age 3,99,,Children in formal childcare or education 
Early childhood education and care,Belgium,2019,All children from age 3,99.5,b,Children in formal childcare or education 
Early childhood education and care,Belgium,2020,All children from age 3,97.6,,Children in formal childcare or education 
Early childhood education and care,Belgium,2021,All children from age 3,97.8,,Children in formal childcare or education 
Early childhood education and care,Belgium,2022,All children from age 3,98.4,,Children in formal childcare or education 
Early childhood education and care,Belgium,2023,All children from age 3,98.7,,Children in formal childcare or education 
Early childhood education and care,Belgium,2024,All children from age 3,98.9,,Children in formal childcare or education 
Early childhood education and care,Bulgaria,2015,All children from age 3,75.1,,Children in formal childcare or education 
Early childhood education and care,Bulgaria,2016,All children from age 3,78.2,,Children in formal childcare or education 
Early childhood education and care,Bulgaria,2017,All children from age 3,69.4,,Children in formal childcare or education 
Early childhood education and care,Bulgaria,2018,All children from age 3,71.6,,Children in formal childcare or education 
Early childhood education and care,Bulgaria,2019,All children from age 3,85.3,,Children in formal childcare or education 
Early childhood education and care,Bulgaria,2020,All children from age 3,91.5,,Children in formal childcare or education 
Early childhood education and care,Bulgaria,2021,All children from age 3,90.8,,Children in formal childcare or education 
Early childhood education and care,Bulgaria,2022,All children from age 3,92.7,,Children in formal childcare or education 
Early childhood education and care,Bulgaria,2023,All children from age 3,95.1,,Children in formal childcare or education 
Early childhood education and care,Bulgaria,2024,All children from age 3,91.9,,Children in formal childcare or education 
Early childhood education and care,Croatia,2015,All children from age 3,60.9,,Children in formal childcare or education 
Early childhood education and care,Croatia,2016,All children from age 3,61.5,,Children in formal childcare or education 
Early childhood education and care,Croatia,2017,All children from age 3,64.3,,Children in formal childcare or education 
Early childhood education and care,Croatia,2018,All children from age 3,61.7,,Children in formal childcare or education 
Early childhood education and care,Croatia,2019,All children from age 3,64.8,,Children in formal childcare or education 
Early childhood education and care,Croatia,2020,All children from age 3,67.6,,Children in formal childcare or education 
Early childhood education and care,Croatia,2021,All children from age 3,72.3,,Children in formal childcare or education 
Early childhood education and care,Croatia,2022,All children from age 3,76.4,,Children in formal childcare or education 
Early childhood education and care,Croatia,2023,All children from age 3,82.4,,Children in formal childcare or education 
Early childhood education and care,Croatia,2024,All children from age 3,85.2,,Children in formal childcare or education 
Early childhood education and care,Cyprus,2015,All children from age 3,87.2,,Children in formal childcare or education 
Early childhood education and care,Cyprus,2016,All children from age 3,85.4,,Children in formal childcare or education 
Early childhood education and care,Cyprus,2017,All children from age 3,88.4,,Children in formal childcare or education 
Early childhood education and care,Cyprus,2018,All children from age 3,91,,Children in formal childcare or education 
Early childhood education and care,Cyprus,2019,All children from age 3,90.1,,Children in formal childcare or education 
Early childhood education and care,Cyprus,2020,All children from age 3,86.6,,Children in formal childcare or education 
Early childhood education and care,Cyprus,2021,All children from age 3,87.9,,Children in formal childcare or education 
Early childhood education and care,Cyprus,2022,All children from age 3,81.4,,Children in formal childcare or education 
Early childhood education and care,Cyprus,2023,All children from age 3,86.6,,Children in formal childcare or education 
Early childhood education and care,Cyprus,2024,All children from age 3,88.9,,Children in formal childcare or education 
Early childhood education and care,Czechia,2015,All children from age 3,82.9,,Children in formal childcare or education 
Early childhood education and care,Czechia,2016,All children from age 3,84.8,,Children in formal childcare or education 
Early childhood education and care,Czechia,2017,All children from age 3,84.6,,Children in formal childcare or education 
Early childhood education and care,Czechia,2018,All children from age 3,79.4,,Children in formal childcare or education 
Early childhood education and care,Czechia,2019,All children from age 3,79.5,,Children in formal childcare or education 
Early childhood education and care,Czechia,2020,All children from age 3,78.2,,Children in formal childcare or education 
Early childhood education and care,Czechia,2021,All children from age 3,62.6,,Children in formal childcare or education 
Early childhood education and care,Czechia,2022,All children from age 3,79.8,,Children in formal childcare or education 
Early childhood education and care,Czechia,2023,All children from age 3,81.1,,Children in formal childcare or education 
Early childhood education and care,Czechia,2024,All children from age 3,81.8,,Children in formal childcare or education 
Early childhood education and care,Denmark,2015,All children from age 3,98,,Children in formal childcare or education 
Early childhood education and care,Denmark,2016,All children from age 3,96.9,,Children in formal childcare or education 
Early childhood education and care,Denmark,2017,All children from age 3,95,,Children in formal childcare or education 
Early childhood education and care,Denmark,2018,All children from age 3,96.4,,Children in formal childcare or education 
Early childhood education and care,Denmark,2019,All children from age 3,93.3,,Children in formal childcare or education 
Early childhood education and care,Denmark,2020,All children from age 3,92.7,,Children in formal childcare or education 
Early childhood education and care,Denmark,2021,All children from age 3,92.1,,Children in formal childcare or education 
Early childhood education and care,Denmark,2022,All children from age 3,92.9,,Children in formal childcare or education 
Early childhood education and care,Denmark,2023,All children from age 3,97.1,b,Children in formal childcare or education 
Early childhood education and care,Denmark,2024,All children from age 3,100,,Children in formal childcare or education 
Early childhood education and care,EU 27,2015,All children from age 3,86.9,,Children in formal childcare or education 
Early childhood education and care,EU 27,2016,All children from age 3,89.7,,Children in formal childcare or education 
Early childhood education and care,EU 27,2017,All children from age 3,89,,Children in formal childcare or education 
Early childhood education and care,EU 27,2018,All children from age 3,90.1,,Children in formal childcare or education 
Early childhood education and care,EU 27,2019,All children from age 3,91,,Children in formal childcare or education 
Early childhood education and care,EU 27,2020,All children from age 3,80.3,,Children in formal childcare or education 
Early childhood education and care,EU 27,2021,All children from age 3,87.9,,Children in formal childcare or education 
Early childhood education and care,EU 27,2022,All children from age 3,89.2,,Children in formal childcare or education 
Early childhood education and care,EU 27,2023,All children from age 3,89.1,,Children in formal childcare or education 
Early childhood education and care,EU 27,2024,All children from age 3,89.3,,Children in formal childcare or education 
Early childhood education and care,Estonia,2015,All children from age 3,94.2,,Children in formal childcare or education 
Early childhood education and care,Estonia,2016,All children from age 3,93.4,,Children in formal childcare or education 
Early childhood education and care,Estonia,2017,All children from age 3,95.7,,Children in formal childcare or education 
Early childhood education and care,Estonia,2018,All children from age 3,94.8,,Children in formal childcare or education 
Early childhood education and care,Estonia,2019,All children from age 3,95.4,,Children in formal childcare or education 
Early childhood education and care,Estonia,2020,All children from age 3,94.6,,Children in formal childcare or education 
Early childhood education and care,Estonia,2021,All children from age 3,92.9,,Children in formal childcare or education 
Early childhood education and care,Estonia,2022,All children from age 3,95,,Children in formal childcare or education 
Early childhood education and care,Estonia,2023,All children from age 3,95,,Children in formal childcare or education 
Early childhood education and care,Estonia,2024,All children from age 3,97.4,,Children in formal childcare or education 
Early childhood education and care,Finland,2015,All children from age 3,84.5,,Children in formal childcare or education 
Early childhood education and care,Finland,2016,All children from age 3,85.5,,Children in formal childcare or education 
Early childhood education and care,Finland,2017,All children from age 3,84.2,,Children in formal childcare or education 
Early childhood education and care,Finland,2018,All children from age 3,82.8,,Children in formal childcare or education 
Early childhood education and care,Finland,2019,All children from age 3,86.4,,Children in formal childcare or education 
Early childhood education and care,Finland,2020,All children from age 3,84.1,,Children in formal childcare or education 
Early childhood education and care,Finland,2021,All children from age 3,91.4,,Children in formal childcare or education 
Early childhood education and care,Finland,2022,All children from age 3,92.7,,Children in formal childcare or education 
Early childhood education and care,Finland,2023,All children from age 3,93.6,,Children in formal childcare or education 
Early childhood education and care,Finland,2024,All children from age 3,95.2,,Children in formal childcare or education 
Early childhood education and care,France,2015,All children from age 3,95.1,,Children in formal childcare or education 
Early childhood education and care,France,2016,All children from age 3,95.7,,Children in formal childcare or education 
Early childhood education and care,France,2017,All children from age 3,96.3,,Children in formal childcare or education 
Early childhood education and care,France,2018,All children from age 3,96,,Children in formal childcare or education 
Early childhood education and care,France,2019,All children from age 3,96.7,,Children in formal childcare or education 
Early childhood education and care,France,2020,All children from age 3,98.6,b,Children in formal childcare or education 
Early childhood education and care,France,2021,All children from age 3,95,,Children in formal childcare or education 
Early childhood education and care,France,2022,All children from age 3,92.3,,Children in formal childcare or education 
Early childhood education and care,France,2023,All children from age 3,97,,Children in formal childcare or education 
Early childhood education and care,France,2024,All children from age 3,95.5,,Children in formal childcare or education 
Early childhood education and care,Germany,2015,All children from age 3,89.8,,Children in formal childcare or education 
Early childhood education and care,Germany,2016,All children from age 3,91.9,,Children in formal childcare or education 
Early childhood education and care,Germany,2017,All children from age 3,87.7,,Children in formal childcare or education 
Early childhood education and care,Germany,2018,All children from age 3,90.1,,Children in formal childcare or education 
Early childhood education and care,Germany,2019,All children from age 3,89.9,,Children in formal childcare or education 
Early childhood education and care,Germany,2020,All children from age 3,57.4,b,Children in formal childcare or education 
Early childhood education and care,Germany,2021,All children from age 3,88.5,,Children in formal childcare or education 
Early childhood education and care,Germany,2022,All children from age 3,89.8,,Children in formal childcare or education 
Early childhood education and care,Germany,2023,All children from age 3,86.2,,Children in formal childcare or education 
Early childhood education and care,Germany,2024,All children from age 3,85,,Children in formal childcare or education 
Early childhood education and care,Greece,2015,All children from age 3,77,,Children in formal childcare or education 
Early childhood education and care,Greece,2016,All children from age 3,66.5,,Children in formal childcare or education 
Early childhood education and care,Greece,2017,All children from age 3,89.6,,Children in formal childcare or education 
Early childhood education and care,Greece,2018,All children from age 3,96.5,,Children in formal childcare or education 
Early childhood education and care,Greece,2019,All children from age 3,94.1,,Children in formal childcare or education 
Early childhood education and care,Greece,2020,All children from age 3,86.1,,Children in formal childcare or education 
Early childhood education and care,Greece,2021,All children from age 3,83.3,,Children in formal childcare or education 
Early childhood education and care,Greece,2022,All children from age 3,80.5,,Children in formal childcare or education 
Early childhood education and care,Greece,2023,All children from age 3,87,,Children in formal childcare or education 
Early childhood education and care,Greece,2024,All children from age 3,91.1,,Children in formal childcare or education 
Early childhood education and care,Hungary,2015,All children from age 3,92.5,,Children in formal childcare or education 
Early childhood education and care,Hungary,2016,All children from age 3,90.6,,Children in formal childcare or education 
Early childhood education and care,Hungary,2017,All children from age 3,84.7,,Children in formal childcare or education 
Early childhood education and care,Hungary,2018,All children from age 3,84.6,,Children in formal childcare or education 
Early childhood education and care,Hungary,2019,All children from age 3,87.9,,Children in formal childcare or education 
Early childhood education and care,Hungary,2020,All children from age 3,81.3,,Children in formal childcare or education 
Early childhood education and care,Hungary,2021,All children from age 3,100,,Children in formal childcare or education 
Early childhood education and care,Hungary,2022,All children from age 3,100,,Children in formal childcare or education 
Early childhood education and care,Hungary,2023,All children from age 3,100,,Children in formal childcare or education 
Early childhood education and care,Hungary,2024,All children from age 3,100,,Children in formal childcare or education 
Early childhood education and care,Ireland,2015,All children from age 3,87.4,,Children in formal childcare or education 
Early childhood education and care,Ireland,2016,All children from age 3,88.3,,Children in formal childcare or education 
Early childhood education and care,Ireland,2017,All children from age 3,92.5,,Children in formal childcare or education 
Early childhood education and care,Ireland,2018,All children from age 3,88.9,,Children in formal childcare or education 
Early childhood education and care,Ireland,2019,All children from age 3,89.5,b,Children in formal childcare or education 
Early childhood education and care,Ireland,2020,All children from age 3,90.1,b,Children in formal childcare or education 
Early childhood education and care,Ireland,2021,All children from age 3,79.3,,Children in formal childcare or education 
Early childhood education and care,Ireland,2022,All children from age 3,93.5,,Children in formal childcare or education 
Early childhood education and care,Ireland,2023,All children from age 3,94,,Children in formal childcare or education 
Early childhood education and care,Ireland,2024,All children from age 3,95.5,,Children in formal childcare or education 
Early childhood education and care,Italy,2015,All children from age 3,89.5,,Children in formal childcare or education 
Early childhood education and care,Italy,2016,All children from age 3,94.4,,Children in formal childcare or education 
Early childhood education and care,Italy,2017,All children from age 3,91.6,,Children in formal childcare or education 
Early childhood education and care,Italy,2018,All children from age 3,93.3,,Children in formal childcare or education 
Early childhood education and care,Italy,2019,All children from age 3,94.9,,Children in formal childcare or education 
Early childhood education and care,Italy,2020,All children from age 3,0,,Children in formal childcare or education 
Early childhood education and care,Italy,2021,All children from age 3,93,,Children in formal childcare or education 
Early childhood education and care,Italy,2022,All children from age 3,94.2,,Children in formal childcare or education 
Early childhood education and care,Italy,2023,All children from age 3,94.7,,Children in formal childcare or education 
Early childhood education and care,Italy,2024,All children from age 3,92.4,,Children in formal childcare or education 
Early childhood education and care,Latvia,2015,All children from age 3,88.2,,Children in formal childcare or education 
Early childhood education and care,Latvia,2016,All children from age 3,85.7,,Children in formal childcare or education 
Early childhood education and care,Latvia,2017,All children from age 3,89.2,,Children in formal childcare or education 
Early childhood education and care,Latvia,2018,All children from age 3,88.4,,Children in formal childcare or education 
Early childhood education and care,Latvia,2019,All children from age 3,87.1,,Children in formal childcare or education 
Early childhood education and care,Latvia,2020,All children from age 3,84.4,,Children in formal childcare or education 
Early childhood education and care,Latvia,2021,All children from age 3,88.6,,Children in formal childcare or education 
Early childhood education and care,Latvia,2022,All children from age 3,91.6,,Children in formal childcare or education 
Early childhood education and care,Latvia,2023,All children from age 3,95.1,,Children in formal childcare or education 
Early childhood education and care,Latvia,2024,All children from age 3,96.1,,Children in formal childcare or education 
Early childhood education and care,Lithuania,2015,All children from age 3,77.4,,Children in formal childcare or education 
Early childhood education and care,Lithuania,2016,All children from age 3,81.6,,Children in formal childcare or education 
Early childhood education and care,Lithuania,2017,All children from age 3,80.4,,Children in formal childcare or education 
Early childhood education and care,Lithuania,2018,All children from age 3,81.1,,Children in formal childcare or education 
Early childhood education and care,Lithuania,2019,All children from age 3,82.1,,Children in formal childcare or education 
Early childhood education and care,Lithuania,2020,All children from age 3,87.1,,Children in formal childcare or education 
Early childhood education and care,Lithuania,2021,All children from age 3,86.3,,Children in formal childcare or education 
Early childhood education and care,Lithuania,2022,All children from age 3,92.5,,Children in formal childcare or education 
Early childhood education and care,Lithuania,2023,All children from age 3,91.7,,Children in formal childcare or education 
Early childhood education and care,Lithuania,2024,All children from age 3,92,p,Children in formal childcare or education 
Early childhood education and care,Luxembourg,2015,All children from age 3,87.9,,Children in formal childcare or education 
Early childhood education and care,Luxembourg,2016,All children from age 3,91.3,,Children in formal childcare or education 
Early childhood education and care,Luxembourg,2017,All children from age 3,93.9,,Children in formal childcare or education 
Early childhood education and care,Luxembourg,2018,All children from age 3,92.2,,Children in formal childcare or education 
Early childhood education and care,Luxembourg,2019,All children from age 3,93.9,,Children in formal childcare or education 
Early childhood education and care,Luxembourg,2020,All children from age 3,92,b,Children in formal childcare or education 
Early childhood education and care,Luxembourg,2021,All children from age 3,97.1,,Children in formal childcare or education 
Early childhood education and care,Luxembourg,2022,All children from age 3,95.1,,Children in formal childcare or education 
Early childhood education and care,Luxembourg,2023,All children from age 3,85.1,,Children in formal childcare or education 
Early childhood education and care,Luxembourg,2024,All children from age 3,82.4,,Children in formal childcare or education 
Early childhood education and care,Malta,2015,All children from age 3,92.8,,Children in formal childcare or education 
Early childhood education and care,Malta,2016,All children from age 3,91.5,,Children in formal childcare or education 
Early childhood education and care,Malta,2017,All children from age 3,94.1,,Children in formal childcare or education 
Early childhood education and care,Malta,2018,All children from age 3,88.8,,Children in formal childcare or education 
Early childhood education and care,Malta,2019,All children from age 3,88.3,,Children in formal childcare or education 
Early childhood education and care,Malta,2020,All children from age 3,87,,Children in formal childcare or education 
Early childhood education and care,Malta,2021,All children from age 3,90.6,,Children in formal childcare or education 
Early childhood education and care,Malta,2022,All children from age 3,94,,Children in formal childcare or education 
Early childhood education and care,Malta,2023,All children from age 3,93.1,,Children in formal childcare or education 
Early childhood education and care,Malta,2024,All children from age 3,97.5,,Children in formal childcare or education 
Early childhood education and care,Netherlands,2015,All children from age 3,94.2,,Children in formal childcare or education 
Early childhood education and care,Netherlands,2016,All children from age 3,95.5,,Children in formal childcare or education 
Early childhood education and care,Netherlands,2017,All children from age 3,96.9,,Children in formal childcare or education 
Early childhood education and care,Netherlands,2018,All children from age 3,90,,Children in formal childcare or education 
Early childhood education and care,Netherlands,2019,All children from age 3,96.7,,Children in formal childcare or education 
Early childhood education and care,Netherlands,2020,All children from age 3,95.5,,Children in formal childcare or education 
Early childhood education and care,Netherlands,2021,All children from age 3,97.8,,Children in formal childcare or education 
Early childhood education and care,Netherlands,2022,All children from age 3,97.2,,Children in formal childcare or education 
Early childhood education and care,Netherlands,2023,All children from age 3,96.3,,Children in formal childcare or education 
Early childhood education and care,Netherlands,2024,All children from age 3,96,,Children in formal childcare or education 
Early childhood education and care,Poland,2015,All children from age 3,53.3,,Children in formal childcare or education 
Early childhood education and care,Poland,2016,All children from age 3,70.2,,Children in formal childcare or education 
Early childhood education and care,Poland,2017,All children from age 3,75.6,,Children in formal childcare or education 
Early childhood education and care,Poland,2018,All children from age 3,74.9,,Children in formal childcare or education 
Early childhood education and care,Poland,2019,All children from age 3,77,,Children in formal childcare or education 
Early childhood education and care,Poland,2020,All children from age 3,73.8,,Children in formal childcare or education 
Early childhood education and care,Poland,2021,All children from age 3,79.3,,Children in formal childcare or education 
Early childhood education and care,Poland,2022,All children from age 3,76.5,,Children in formal childcare or education 
Early childhood education and care,Poland,2023,All children from age 3,74.7,,Children in formal childcare or education 
Early childhood education and care,Poland,2024,All children from age 3,78.6,,Children in formal childcare or education 
Early childhood education and care,Portugal,2015,All children from age 3,92.4,,Children in formal childcare or education 
Early childhood education and care,Portugal,2016,All children from age 3,93.8,,Children in formal childcare or education 
Early childhood education and care,Portugal,2017,All children from age 3,94.4,,Children in formal childcare or education 
Early childhood education and care,Portugal,2018,All children from age 3,95.4,,Children in formal childcare or education 
Early childhood education and care,Portugal,2019,All children from age 3,94.4,,Children in formal childcare or education 
Early childhood education and care,Portugal,2020,All children from age 3,90,,Children in formal childcare or education 
Early childhood education and care,Portugal,2021,All children from age 3,89,,Children in formal childcare or education 
Early childhood education and care,Portugal,2022,All children from age 3,91.5,,Children in formal childcare or education 
Early childhood education and care,Portugal,2023,All children from age 3,88.4,,Children in formal childcare or education 
Early childhood education and care,Portugal,2024,All children from age 3,93.5,,Children in formal childcare or education 
Early childhood education and care,Romania,2015,All children from age 3,65,,Children in formal childcare or education 
Early childhood education and care,Romania,2016,All children from age 3,66.7,,Children in formal childcare or education 
Early childhood education and care,Romania,2017,All children from age 3,65.8,,Children in formal childcare or education 
Early childhood education and care,Romania,2018,All children from age 3,78.7,,Children in formal childcare or education 
Early childhood education and care,Romania,2019,All children from age 3,77.4,,Children in formal childcare or education 
Early childhood education and care,Romania,2020,All children from age 3,64.5,,Children in formal childcare or education 
Early childhood education and care,Romania,2021,All children from age 3,61.7,,Children in formal childcare or education 
Early childhood education and care,Romania,2022,All children from age 3,67.8,,Children in formal childcare or education 
Early childhood education and care,Romania,2023,All children from age 3,68.8,,Children in formal childcare or education 
Early childhood education and care,Romania,2024,All children from age 3,72.7,,Children in formal childcare or education 
Early childhood education and care,Slovakia,2015,All children from age 3,72,,Children in formal childcare or education 
Early childhood education and care,Slovakia,2016,All children from age 3,71,,Children in formal childcare or education 
Early childhood education and care,Slovakia,2017,All children from age 3,53.6,,Children in formal childcare or education 
Early childhood education and care,Slovakia,2018,All children from age 3,81.8,,Children in formal childcare or education 
Early childhood education and care,Slovakia,2019,All children from age 3,81.2,,Children in formal childcare or education 
Early childhood education and care,Slovakia,2020,All children from age 3,81.9,,Children in formal childcare or education 
Early childhood education and care,Slovakia,2021,All children from age 3,76.4,,Children in formal childcare or education 
Early childhood education and care,Slovakia,2022,All children from age 3,85,,Children in formal childcare or education 
Early childhood education and care,Slovakia,2023,All children from age 3,72.6,,Children in formal childcare or education 
Early childhood education and care,Slovakia,2024,All children from age 3,73.3,,Children in formal childcare or education 
Early childhood education and care,Slovenia,2015,All children from age 3,92.6,,Children in formal childcare or education 
Early childhood education and care,Slovenia,2016,All children from age 3,91.8,,Children in formal childcare or education 
Early childhood education and care,Slovenia,2017,All children from age 3,95.2,,Children in formal childcare or education 
Early childhood education and care,Slovenia,2018,All children from age 3,93.3,,Children in formal childcare or education 
Early childhood education and care,Slovenia,2019,All children from age 3,96.2,,Children in formal childcare or education 
Early childhood education and care,Slovenia,2020,All children from age 3,96.2,,Children in formal childcare or education 
Early childhood education and care,Slovenia,2021,All children from age 3,87.8,,Children in formal childcare or education 
Early childhood education and care,Slovenia,2022,All children from age 3,96.4,,Children in formal childcare or education 
Early childhood education and care,Slovenia,2023,All children from age 3,94.9,,Children in formal childcare or education 
Early childhood education and care,Slovenia,2024,All children from age 3,96.9,,Children in formal childcare or education 
Early childhood education and care,Spain,2015,All children from age 3,94,,Children in formal childcare or education 
Early childhood education and care,Spain,2016,All children from age 3,96.3,,Children in formal childcare or education 
Early childhood education and care,Spain,2017,All children from age 3,96.4,,Children in formal childcare or education 
Early childhood education and care,Spain,2018,All children from age 3,95.5,,Children in formal childcare or education 
Early childhood education and care,Spain,2019,All children from age 3,98.2,,Children in formal childcare or education 
Early childhood education and care,Spain,2020,All children from age 3,97.6,,Children in formal childcare or education 
Early childhood education and care,Spain,2021,All children from age 3,98,,Children in formal childcare or education 
Early childhood education and care,Spain,2022,All children from age 3,96.8,,Children in formal childcare or education 
Early childhood education and care,Spain,2023,All children from age 3,98.4,,Children in formal childcare or education 
Early childhood education and care,Spain,2024,All children from age 3,98.4,,Children in formal childcare or education 
Early childhood education and care,Sweden,2015,All children from age 3,96.6,,Children in formal childcare or education 
Early childhood education and care,Sweden,2016,All children from age 3,97.3,,Children in formal childcare or education 
Early childhood education and care,Sweden,2017,All children from age 3,98,,Children in formal childcare or education 
Early childhood education and care,Sweden,2018,All children from age 3,96.1,,Children in formal childcare or education 
Early childhood education and care,Sweden,2019,All children from age 3,96.5,,Children in formal childcare or education 
Early childhood education and care,Sweden,2020,All children from age 3,96,,Children in formal childcare or education 
Early childhood education and care,Sweden,2021,All children from age 3,98.3,,Children in formal childcare or education 
Early childhood education and care,Sweden,2022,All children from age 3,97.7,,Children in formal childcare or education 
Early childhood education and care,Sweden,2023,All children from age 3,99,,Children in formal childcare or education 
Early childhood education and care,Sweden,2024,All children from age 3,99,,Children in formal childcare or education 
Early childhood education and care,Austria,2015,Under 3 years - AROPE,19.8,,Children in formal childcare or education 
Early childhood education and care,Austria,2016,Under 3 years - AROPE,23.2,,Children in formal childcare or education 
Early childhood education and care,Austria,2017,Under 3 years - AROPE,12.2,,Children in formal childcare or education 
Early childhood education and care,Austria,2018,Under 3 years - AROPE,13.6,,Children in formal childcare or education 
Early childhood education and care,Austria,2019,Under 3 years - AROPE,19.8,,Children in formal childcare or education 
Early childhood education and care,Austria,2020,Under 3 years - AROPE,13.3,,Children in formal childcare or education 
Early childhood education and care,Austria,2021,Under 3 years - AROPE,27,,Children in formal childcare or education 
Early childhood education and care,Austria,2022,Under 3 years - AROPE,29.3,,Children in formal childcare or education 
Early childhood education and care,Austria,2023,Under 3 years - AROPE,17.9,,Children in formal childcare or education 
Early childhood education and care,Austria,2024,Under 3 years - AROPE,21.1,,Children in formal childcare or education 
Early childhood education and care,Belgium,2015,Under 3 years - AROPE,26.5,,Children in formal childcare or education 
Early childhood education and care,Belgium,2016,Under 3 years - AROPE,33.8,,Children in formal childcare or education 
Early childhood education and care,Belgium,2017,Under 3 years - AROPE,30.1,,Children in formal childcare or education 
Early childhood education and care,Belgium,2018,Under 3 years - AROPE,25.2,,Children in formal childcare or education 
Early childhood education and care,Belgium,2019,Under 3 years - AROPE,34.3,b,Children in formal childcare or education 
Early childhood education and care,Belgium,2020,Under 3 years - AROPE,16.6,,Children in formal childcare or education 
Early childhood education and care,Belgium,2021,Under 3 years - AROPE,29.9,,Children in formal childcare or education 
Early childhood education and care,Belgium,2022,Under 3 years - AROPE,20.6,,Children in formal childcare or education 
Early childhood education and care,Belgium,2023,Under 3 years - AROPE,42.5,,Children in formal childcare or education 
Early childhood education and care,Belgium,2024,Under 3 years - AROPE,20.1,,Children in formal childcare or education 
Early childhood education and care,Bulgaria,2015,Under 3 years - AROPE,7.6,,Children in formal childcare or education 
Early childhood education and care,Bulgaria,2016,Under 3 years - AROPE,11.1,,Children in formal childcare or education 
Early childhood education and care,Bulgaria,2017,Under 3 years - AROPE,6.7,,Children in formal childcare or education 
Early childhood education and care,Bulgaria,2018,Under 3 years - AROPE,11,,Children in formal childcare or education 
Early childhood education and care,Bulgaria,2019,Under 3 years - AROPE,16.3,,Children in formal childcare or education 
Early childhood education and care,Bulgaria,2020,Under 3 years - AROPE,4.8,,Children in formal childcare or education 
Early childhood education and care,Bulgaria,2021,Under 3 years - AROPE,23.6,,Children in formal childcare or education 
Early childhood education and care,Bulgaria,2022,Under 3 years - AROPE,21.7,,Children in formal childcare or education 
Early childhood education and care,Bulgaria,2023,Under 3 years - AROPE,12.9,,Children in formal childcare or education 
Early childhood education and care,Bulgaria,2024,Under 3 years - AROPE,15.1,,Children in formal childcare or education 
Early childhood education and care,Croatia,2015,Under 3 years - AROPE,6.1,,Children in formal childcare or education 
Early childhood education and care,Croatia,2016,Under 3 years - AROPE,8.7,,Children in formal childcare or education 
Early childhood education and care,Croatia,2017,Under 3 years - AROPE,3.9,,Children in formal childcare or education 
Early childhood education and care,Croatia,2018,Under 3 years - AROPE,2.6,,Children in formal childcare or education 
Early childhood education and care,Croatia,2019,Under 3 years - AROPE,3.9,u,Children in formal childcare or education 
Early childhood education and care,Croatia,2020,Under 3 years - AROPE,20,u,Children in formal childcare or education 
Early childhood education and care,Croatia,2021,Under 3 years - AROPE,0,u,Children in formal childcare or education 
Early childhood education and care,Croatia,2022,Under 3 years - AROPE,32.9,u,Children in formal childcare or education 
Early childhood education and care,Croatia,2023,Under 3 years - AROPE,12.1,u,Children in formal childcare or education 
Early childhood education and care,Croatia,2024,Under 3 years - AROPE,8.2,,Children in formal childcare or education 
Early childhood education and care,Cyprus,2015,Under 3 years - AROPE,14.5,,Children in formal childcare or education 
Early childhood education and care,Cyprus,2016,Under 3 years - AROPE,12.1,,Children in formal childcare or education 
Early childhood education and care,Cyprus,2017,Under 3 years - AROPE,10.7,,Children in formal childcare or education 
Early childhood education and care,Cyprus,2018,Under 3 years - AROPE,20.1,,Children in formal childcare or education 
Early childhood education and care,Cyprus,2019,Under 3 years - AROPE,6.8,u,Children in formal childcare or education 
Early childhood education and care,Cyprus,2020,Under 3 years - AROPE,3.2,u,Children in formal childcare or education 
Early childhood education and care,Cyprus,2021,Under 3 years - AROPE,15.3,u,Children in formal childcare or education 
Early childhood education and care,Cyprus,2022,Under 3 years - AROPE,8.3,u,Children in formal childcare or education 
Early childhood education and care,Cyprus,2023,Under 3 years - AROPE,22.2,u,Children in formal childcare or education 
Early childhood education and care,Cyprus,2024,Under 3 years - AROPE,26.5,u,Children in formal childcare or education 
Early childhood education and care,Czechia,2015,Under 3 years - AROPE,4.2,,Children in formal childcare or education 
Early childhood education and care,Czechia,2016,Under 3 years - AROPE,2.5,,Children in formal childcare or education 
Early childhood education and care,Czechia,2017,Under 3 years - AROPE,6.4,,Children in formal childcare or education 
Early childhood education and care,Czechia,2018,Under 3 years - AROPE,13.3,,Children in formal childcare or education 
Early childhood education and care,Czechia,2019,Under 3 years - AROPE,4.5,,Children in formal childcare or education 
Early childhood education and care,Czechia,2020,Under 3 years - AROPE,0.9,,Children in formal childcare or education 
Early childhood education and care,Czechia,2021,Under 3 years - AROPE,2.9,,Children in formal childcare or education 
Early childhood education and care,Czechia,2022,Under 3 years - AROPE,5.7,,Children in formal childcare or education 
Early childhood education and care,Czechia,2023,Under 3 years - AROPE,1.8,,Children in formal childcare or education 
Early childhood education and care,Czechia,2024,Under 3 years - AROPE,6.4,u,Children in formal childcare or education 
Early childhood education and care,Denmark,2015,Under 3 years - AROPE,70.3,u,Children in formal childcare or education 
Early childhood education and care,Denmark,2016,Under 3 years - AROPE,,u,Children in formal childcare or education 
Early childhood education and care,Denmark,2017,Under 3 years - AROPE,63.6,u,Children in formal childcare or education 
Early childhood education and care,Denmark,2018,Under 3 years - AROPE,53.5,u,Children in formal childcare or education 
Early childhood education and care,Denmark,2019,Under 3 years - AROPE,66.4,u,Children in formal childcare or education 
Early childhood education and care,Denmark,2020,Under 3 years - AROPE,82.6,u,Children in formal childcare or education 
Early childhood education and care,Denmark,2021,Under 3 years - AROPE,65.5,u,Children in formal childcare or education 
Early childhood education and care,Denmark,2022,Under 3 years - AROPE,,u,Children in formal childcare or education 
Early childhood education and care,Denmark,2023,Under 3 years - AROPE,71.7,bu,Children in formal childcare or education 
Early childhood education and care,Denmark,2024,Under 3 years - AROPE,67.4,u,Children in formal childcare or education 
Early childhood education and care,EU 27,2015,Under 3 years - AROPE,20.8,,Children in formal childcare or education 
Early childhood education and care,EU 27,2016,Under 3 years - AROPE,21.8,,Children in formal childcare or education 
Early childhood education and care,EU 27,2017,Under 3 years - AROPE,21.1,,Children in formal childcare or education 
Early childhood education and care,EU 27,2018,Under 3 years - AROPE,20.5,,Children in formal childcare or education 
Early childhood education and care,EU 27,2019,Under 3 years - AROPE,25.6,,Children in formal childcare or education 
Early childhood education and care,EU 27,2020,Under 3 years - AROPE,21.2,e,Children in formal childcare or education 
Early childhood education and care,EU 27,2021,Under 3 years - AROPE,21.9,,Children in formal childcare or education 
Early childhood education and care,EU 27,2022,Under 3 years - AROPE,23.3,,Children in formal childcare or education 
Early childhood education and care,EU 27,2023,Under 3 years - AROPE,25.2,,Children in formal childcare or education 
Early childhood education and care,EU 27,2024,Under 3 years - AROPE,23.6,,Children in formal childcare or education 
Early childhood education and care,Estonia,2015,Under 3 years - AROPE,21.5,,Children in formal childcare or education 
Early childhood education and care,Estonia,2016,Under 3 years - AROPE,27.1,,Children in formal childcare or education 
Early childhood education and care,Estonia,2017,Under 3 years - AROPE,30.6,,Children in formal childcare or education 
Early childhood education and care,Estonia,2018,Under 3 years - AROPE,32.1,,Children in formal childcare or education 
Early childhood education and care,Estonia,2019,Under 3 years - AROPE,36.7,,Children in formal childcare or education 
Early childhood education and care,Estonia,2020,Under 3 years - AROPE,22.8,,Children in formal childcare or education 
Early childhood education and care,Estonia,2021,Under 3 years - AROPE,31.1,,Children in formal childcare or education 
Early childhood education and care,Estonia,2022,Under 3 years - AROPE,32.9,,Children in formal childcare or education 
Early childhood education and care,Estonia,2023,Under 3 years - AROPE,25.3,,Children in formal childcare or education 
Early childhood education and care,Estonia,2024,Under 3 years - AROPE,36,,Children in formal childcare or education 
Early childhood education and care,Finland,2015,Under 3 years - AROPE,18,,Children in formal childcare or education 
Early childhood education and care,Finland,2016,Under 3 years - AROPE,21.2,,Children in formal childcare or education 
Early childhood education and care,Finland,2017,Under 3 years - AROPE,15.7,,Children in formal childcare or education 
Early childhood education and care,Finland,2018,Under 3 years - AROPE,16,,Children in formal childcare or education 
Early childhood education and care,Finland,2019,Under 3 years - AROPE,15.9,,Children in formal childcare or education 
Early childhood education and care,Finland,2020,Under 3 years - AROPE,8.4,,Children in formal childcare or education 
Early childhood education and care,Finland,2021,Under 3 years - AROPE,29.7,,Children in formal childcare or education 
Early childhood education and care,Finland,2022,Under 3 years - AROPE,29.3,,Children in formal childcare or education 
Early childhood education and care,Finland,2023,Under 3 years - AROPE,20.5,,Children in formal childcare or education 
Early childhood education and care,Finland,2024,Under 3 years - AROPE,41.4,,Children in formal childcare or education 
Early childhood education and care,France,2015,Under 3 years - AROPE,22.5,,Children in formal childcare or education 
Early childhood education and care,France,2016,Under 3 years - AROPE,25.2,,Children in formal childcare or education 
Early childhood education and care,France,2017,Under 3 years - AROPE,21.3,,Children in formal childcare or education 
Early childhood education and care,France,2018,Under 3 years - AROPE,19.1,,Children in formal childcare or education 
Early childhood education and care,France,2019,Under 3 years - AROPE,15.6,,Children in formal childcare or education 
Early childhood education and care,France,2020,Under 3 years - AROPE,23.5,b,Children in formal childcare or education 
Early childhood education and care,France,2021,Under 3 years - AROPE,16.7,,Children in formal childcare or education 
Early childhood education and care,France,2022,Under 3 years - AROPE,34.2,,Children in formal childcare or education 
Early childhood education and care,France,2023,Under 3 years - AROPE,30.2,,Children in formal childcare or education 
Early childhood education and care,France,2024,Under 3 years - AROPE,27.4,,Children in formal childcare or education 
Early childhood education and care,Germany,2015,Under 3 years - AROPE,23.9,,Children in formal childcare or education 
Early childhood education and care,Germany,2016,Under 3 years - AROPE,27,,Children in formal childcare or education 
Early childhood education and care,Germany,2017,Under 3 years - AROPE,24.7,,Children in formal childcare or education 
Early childhood education and care,Germany,2018,Under 3 years - AROPE,15.2,,Children in formal childcare or education 
Early childhood education and care,Germany,2019,Under 3 years - AROPE,24.4,,Children in formal childcare or education 
Early childhood education and care,Germany,2020,Under 3 years - AROPE,11.3,b,Children in formal childcare or education 
Early childhood education and care,Germany,2021,Under 3 years - AROPE,25.6,,Children in formal childcare or education 
Early childhood education and care,Germany,2022,Under 3 years - AROPE,16.8,,Children in formal childcare or education 
Early childhood education and care,Germany,2023,Under 3 years - AROPE,14.4,,Children in formal childcare or education 
Early childhood education and care,Germany,2024,Under 3 years - AROPE,13.7,,Children in formal childcare or education 
Early childhood education and care,Greece,2015,Under 3 years - AROPE,11.7,,Children in formal childcare or education 
Early childhood education and care,Greece,2016,Under 3 years - AROPE,8.1,,Children in formal childcare or education 
Early childhood education and care,Greece,2017,Under 3 years - AROPE,16.9,,Children in formal childcare or education 
Early childhood education and care,Greece,2018,Under 3 years - AROPE,47.1,,Children in formal childcare or education 
Early childhood education and care,Greece,2019,Under 3 years - AROPE,31.6,,Children in formal childcare or education 
Early childhood education and care,Greece,2020,Under 3 years - AROPE,19,,Children in formal childcare or education 
Early childhood education and care,Greece,2021,Under 3 years - AROPE,11.2,,Children in formal childcare or education 
Early childhood education and care,Greece,2022,Under 3 years - AROPE,17.4,,Children in formal childcare or education 
Early childhood education and care,Greece,2023,Under 3 years - AROPE,19.8,,Children in formal childcare or education 
Early childhood education and care,Greece,2024,Under 3 years - AROPE,22.8,,Children in formal childcare or education 
Early childhood education and care,Hungary,2015,Under 3 years - AROPE,12.1,,Children in formal childcare or education 
Early childhood education and care,Hungary,2016,Under 3 years - AROPE,5.7,,Children in formal childcare or education 
Early childhood education and care,Hungary,2017,Under 3 years - AROPE,10.8,,Children in formal childcare or education 
Early childhood education and care,Hungary,2018,Under 3 years - AROPE,2.9,,Children in formal childcare or education 
Early childhood education and care,Hungary,2019,Under 3 years - AROPE,16.5,,Children in formal childcare or education 
Early childhood education and care,Hungary,2020,Under 3 years - AROPE,9.2,,Children in formal childcare or education 
Early childhood education and care,Hungary,2021,Under 3 years - AROPE,13.6,,Children in formal childcare or education 
Early childhood education and care,Hungary,2022,Under 3 years - AROPE,15.2,,Children in formal childcare or education 
Early childhood education and care,Hungary,2023,Under 3 years - AROPE,10.3,,Children in formal childcare or education 
Early childhood education and care,Hungary,2024,Under 3 years - AROPE,14.4,,Children in formal childcare or education 
Early childhood education and care,Ireland,2015,Under 3 years - AROPE,18,,Children in formal childcare or education 
Early childhood education and care,Ireland,2016,Under 3 years - AROPE,19.3,,Children in formal childcare or education 
Early childhood education and care,Ireland,2017,Under 3 years - AROPE,10.5,,Children in formal childcare or education 
Early childhood education and care,Ireland,2018,Under 3 years - AROPE,4.6,,Children in formal childcare or education 
Early childhood education and care,Ireland,2019,Under 3 years - AROPE,15.7,b,Children in formal childcare or education 
Early childhood education and care,Ireland,2020,Under 3 years - AROPE,9.7,b,Children in formal childcare or education 
Early childhood education and care,Ireland,2021,Under 3 years - AROPE,0,u,Children in formal childcare or education 
Early childhood education and care,Ireland,2022,Under 3 years - AROPE,2.7,u,Children in formal childcare or education 
Early childhood education and care,Ireland,2023,Under 3 years - AROPE,9,u,Children in formal childcare or education 
Early childhood education and care,Ireland,2024,Under 3 years - AROPE,10.7,u,Children in formal childcare or education 
Early childhood education and care,Italy,2015,Under 3 years - AROPE,19.1,,Children in formal childcare or education 
Early childhood education and care,Italy,2016,Under 3 years - AROPE,23.8,,Children in formal childcare or education 
Early childhood education and care,Italy,2017,Under 3 years - AROPE,19.1,,Children in formal childcare or education 
Early childhood education and care,Italy,2018,Under 3 years - AROPE,16.6,,Children in formal childcare or education 
Early childhood education and care,Italy,2019,Under 3 years - AROPE,23.4,,Children in formal childcare or education 
Early childhood education and care,Italy,2020,Under 3 years - AROPE,,,Children in formal childcare or education 
Early childhood education and care,Italy,2021,Under 3 years - AROPE,16.2,,Children in formal childcare or education 
Early childhood education and care,Italy,2022,Under 3 years - AROPE,13.3,,Children in formal childcare or education 
Early childhood education and care,Italy,2023,Under 3 years - AROPE,35.1,,Children in formal childcare or education 
Early childhood education and care,Italy,2024,Under 3 years - AROPE,18,,Children in formal childcare or education 
Early childhood education and care,Latvia,2015,Under 3 years - AROPE,15.8,,Children in formal childcare or education 
Early childhood education and care,Latvia,2016,Under 3 years - AROPE,17.7,,Children in formal childcare or education 
Early childhood education and care,Latvia,2017,Under 3 years - AROPE,19.9,,Children in formal childcare or education 
Early childhood education and care,Latvia,2018,Under 3 years - AROPE,17.4,,Children in formal childcare or education 
Early childhood education and care,Latvia,2019,Under 3 years - AROPE,12.8,,Children in formal childcare or education 
Early childhood education and care,Latvia,2020,Under 3 years - AROPE,22.6,,Children in formal childcare or education 
Early childhood education and care,Latvia,2021,Under 3 years - AROPE,13.9,,Children in formal childcare or education 
Early childhood education and care,Latvia,2022,Under 3 years - AROPE,30.8,,Children in formal childcare or education 
Early childhood education and care,Latvia,2023,Under 3 years - AROPE,46.1,,Children in formal childcare or education 
Early childhood education and care,Latvia,2024,Under 3 years - AROPE,30.7,u,Children in formal childcare or education 
Early childhood education and care,Lithuania,2015,Under 3 years - AROPE,1.2,,Children in formal childcare or education 
Early childhood education and care,Lithuania,2016,Under 3 years - AROPE,7.3,,Children in formal childcare or education 
Early childhood education and care,Lithuania,2017,Under 3 years - AROPE,8,,Children in formal childcare or education 
Early childhood education and care,Lithuania,2018,Under 3 years - AROPE,22.6,,Children in formal childcare or education 
Early childhood education and care,Lithuania,2019,Under 3 years - AROPE,7.5,u,Children in formal childcare or education 
Early childhood education and care,Lithuania,2020,Under 3 years - AROPE,24.9,,Children in formal childcare or education 
Early childhood education and care,Lithuania,2021,Under 3 years - AROPE,11.8,u,Children in formal childcare or education 
Early childhood education and care,Lithuania,2022,Under 3 years - AROPE,22.9,u,Children in formal childcare or education 
Early childhood education and care,Lithuania,2023,Under 3 years - AROPE,19.2,u,Children in formal childcare or education 
Early childhood education and care,Lithuania,2024,Under 3 years - AROPE,37.4,pu,Children in formal childcare or education 
Early childhood education and care,Luxembourg,2015,Under 3 years - AROPE,45.3,,Children in formal childcare or education 
Early childhood education and care,Luxembourg,2016,Under 3 years - AROPE,46.8,,Children in formal childcare or education 
Early childhood education and care,Luxembourg,2017,Under 3 years - AROPE,49.4,,Children in formal childcare or education 
Early childhood education and care,Luxembourg,2018,Under 3 years - AROPE,53.7,,Children in formal childcare or education 
Early childhood education and care,Luxembourg,2019,Under 3 years - AROPE,48.5,,Children in formal childcare or education 
Early childhood education and care,Luxembourg,2020,Under 3 years - AROPE,27.3,bu,Children in formal childcare or education 
Early childhood education and care,Luxembourg,2021,Under 3 years - AROPE,61.9,,Children in formal childcare or education 
Early childhood education and care,Luxembourg,2022,Under 3 years - AROPE,45,u,Children in formal childcare or education 
Early childhood education and care,Luxembourg,2023,Under 3 years - AROPE,31.7,u,Children in formal childcare or education 
Early childhood education and care,Luxembourg,2024,Under 3 years - AROPE,52.9,,Children in formal childcare or education 
Early childhood education and care,Malta,2015,Under 3 years - AROPE,8.6,,Children in formal childcare or education 
Early childhood education and care,Malta,2016,Under 3 years - AROPE,10.8,u,Children in formal childcare or education 
Early childhood education and care,Malta,2017,Under 3 years - AROPE,23.3,u,Children in formal childcare or education 
Early childhood education and care,Malta,2018,Under 3 years - AROPE,21.8,u,Children in formal childcare or education 
Early childhood education and care,Malta,2019,Under 3 years - AROPE,23.8,u,Children in formal childcare or education 
Early childhood education and care,Malta,2020,Under 3 years - AROPE,25.6,u,Children in formal childcare or education 
Early childhood education and care,Malta,2021,Under 3 years - AROPE,8.3,u,Children in formal childcare or education 
Early childhood education and care,Malta,2022,Under 3 years - AROPE,16.7,u,Children in formal childcare or education 
Early childhood education and care,Malta,2023,Under 3 years - AROPE,18.4,u,Children in formal childcare or education 
Early childhood education and care,Malta,2024,Under 3 years - AROPE,24.3,u,Children in formal childcare or education 
Early childhood education and care,Netherlands,2015,Under 3 years - AROPE,28,u,Children in formal childcare or education 
Early childhood education and care,Netherlands,2016,Under 3 years - AROPE,18,,Children in formal childcare or education 
Early childhood education and care,Netherlands,2017,Under 3 years - AROPE,34.4,,Children in formal childcare or education 
Early childhood education and care,Netherlands,2018,Under 3 years - AROPE,31.9,,Children in formal childcare or education 
Early childhood education and care,Netherlands,2019,Under 3 years - AROPE,33.3,u,Children in formal childcare or education 
Early childhood education and care,Netherlands,2020,Under 3 years - AROPE,55.9,,Children in formal childcare or education 
Early childhood education and care,Netherlands,2021,Under 3 years - AROPE,39,,Children in formal childcare or education 
Early childhood education and care,Netherlands,2022,Under 3 years - AROPE,42,,Children in formal childcare or education 
Early childhood education and care,Netherlands,2023,Under 3 years - AROPE,31.1,u,Children in formal childcare or education 
Early childhood education and care,Netherlands,2024,Under 3 years - AROPE,59.2,u,Children in formal childcare or education 
Early childhood education and care,Poland,2015,Under 3 years - AROPE,1,,Children in formal childcare or education 
Early childhood education and care,Poland,2016,Under 3 years - AROPE,6.3,,Children in formal childcare or education 
Early childhood education and care,Poland,2017,Under 3 years - AROPE,5.4,,Children in formal childcare or education 
Early childhood education and care,Poland,2018,Under 3 years - AROPE,3.7,,Children in formal childcare or education 
Early childhood education and care,Poland,2019,Under 3 years - AROPE,4.1,,Children in formal childcare or education 
Early childhood education and care,Poland,2020,Under 3 years - AROPE,8.8,,Children in formal childcare or education 
Early childhood education and care,Poland,2021,Under 3 years - AROPE,4.7,,Children in formal childcare or education 
Early childhood education and care,Poland,2022,Under 3 years - AROPE,4.1,,Children in formal childcare or education 
Early childhood education and care,Poland,2023,Under 3 years - AROPE,1.6,,Children in formal childcare or education 
Early childhood education and care,Poland,2024,Under 3 years - AROPE,4.3,,Children in formal childcare or education 
Early childhood education and care,Portugal,2015,Under 3 years - AROPE,29,,Children in formal childcare or education 
Early childhood education and care,Portugal,2016,Under 3 years - AROPE,36.7,,Children in formal childcare or education 
Early childhood education and care,Portugal,2017,Under 3 years - AROPE,30.1,,Children in formal childcare or education 
Early childhood education and care,Portugal,2018,Under 3 years - AROPE,28.8,,Children in formal childcare or education 
Early childhood education and care,Portugal,2019,Under 3 years - AROPE,51.5,,Children in formal childcare or education 
Early childhood education and care,Portugal,2020,Under 3 years - AROPE,32.2,,Children in formal childcare or education 
Early childhood education and care,Portugal,2021,Under 3 years - AROPE,35.7,,Children in formal childcare or education 
Early childhood education and care,Portugal,2022,Under 3 years - AROPE,35.3,,Children in formal childcare or education 
Early childhood education and care,Portugal,2023,Under 3 years - AROPE,44.5,,Children in formal childcare or education 
Early childhood education and care,Portugal,2024,Under 3 years - AROPE,46.7,,Children in formal childcare or education 
Early childhood education and care,Romania,2015,Under 3 years - AROPE,8.5,u,Children in formal childcare or education 
Early childhood education and care,Romania,2016,Under 3 years - AROPE,14.6,u,Children in formal childcare or education 
Early childhood education and care,Romania,2017,Under 3 years - AROPE,12.3,u,Children in formal childcare or education 
Early childhood education and care,Romania,2018,Under 3 years - AROPE,6.9,u,Children in formal childcare or education 
Early childhood education and care,Romania,2019,Under 3 years - AROPE,6.5,u,Children in formal childcare or education 
Early childhood education and care,Romania,2020,Under 3 years - AROPE,7.1,u,Children in formal childcare or education 
Early childhood education and care,Romania,2021,Under 3 years - AROPE,1.3,u,Children in formal childcare or education 
Early childhood education and care,Romania,2022,Under 3 years - AROPE,17.4,u,Children in formal childcare or education 
Early childhood education and care,Romania,2023,Under 3 years - AROPE,,u,Children in formal childcare or education 
Early childhood education and care,Romania,2024,Under 3 years - AROPE,12.8,u,Children in formal childcare or education 
Early childhood education and care,Slovakia,2015,Under 3 years - AROPE,0,,Children in formal childcare or education 
Early childhood education and care,Slovakia,2016,Under 3 years - AROPE,0,,Children in formal childcare or education 
Early childhood education and care,Slovakia,2017,Under 3 years - AROPE,0,,Children in formal childcare or education 
Early childhood education and care,Slovakia,2018,Under 3 years - AROPE,1.1,,Children in formal childcare or education 
Early childhood education and care,Slovakia,2019,Under 3 years - AROPE,1,,Children in formal childcare or education 
Early childhood education and care,Slovakia,2020,Under 3 years - AROPE,2.4,,Children in formal childcare or education 
Early childhood education and care,Slovakia,2021,Under 3 years - AROPE,7.5,,Children in formal childcare or education 
Early childhood education and care,Slovakia,2022,Under 3 years - AROPE,0,,Children in formal childcare or education 
Early childhood education and care,Slovakia,2023,Under 3 years - AROPE,0,,Children in formal childcare or education 
Early childhood education and care,Slovakia,2024,Under 3 years - AROPE,4.3,,Children in formal childcare or education 
Early childhood education and care,Slovenia,2015,Under 3 years - AROPE,28.6,,Children in formal childcare or education 
Early childhood education and care,Slovenia,2016,Under 3 years - AROPE,28.6,,Children in formal childcare or education 
Early childhood education and care,Slovenia,2017,Under 3 years - AROPE,37.1,,Children in formal childcare or education 
Early childhood education and care,Slovenia,2018,Under 3 years - AROPE,29.4,,Children in formal childcare or education 
Early childhood education and care,Slovenia,2019,Under 3 years - AROPE,28.7,,Children in formal childcare or education 
Early childhood education and care,Slovenia,2020,Under 3 years - AROPE,32.4,,Children in formal childcare or education 
Early childhood education and care,Slovenia,2021,Under 3 years - AROPE,32.1,u,Children in formal childcare or education 
Early childhood education and care,Slovenia,2022,Under 3 years - AROPE,42.8,u,Children in formal childcare or education 
Early childhood education and care,Slovenia,2023,Under 3 years - AROPE,38.9,,Children in formal childcare or education 
Early childhood education and care,Slovenia,2024,Under 3 years - AROPE,51.2,u,Children in formal childcare or education 
Early childhood education and care,Spain,2015,Under 3 years - AROPE,34.1,,Children in formal childcare or education 
Early childhood education and care,Spain,2016,Under 3 years - AROPE,25,,Children in formal childcare or education 
Early childhood education and care,Spain,2017,Under 3 years - AROPE,33.1,,Children in formal childcare or education 
Early childhood education and care,Spain,2018,Under 3 years - AROPE,42.8,,Children in formal childcare or education 
Early childhood education and care,Spain,2019,Under 3 years - AROPE,47.5,,Children in formal childcare or education 
Early childhood education and care,Spain,2020,Under 3 years - AROPE,36.3,,Children in formal childcare or education 
Early childhood education and care,Spain,2021,Under 3 years - AROPE,44.5,,Children in formal childcare or education 
Early childhood education and care,Spain,2022,Under 3 years - AROPE,32.7,,Children in formal childcare or education 
Early childhood education and care,Spain,2023,Under 3 years - AROPE,43.9,,Children in formal childcare or education 
Early childhood education and care,Spain,2024,Under 3 years - AROPE,41.1,,Children in formal childcare or education 
Early childhood education and care,Sweden,2015,Under 3 years - AROPE,58,,Children in formal childcare or education 
Early childhood education and care,Sweden,2016,Under 3 years - AROPE,43.6,,Children in formal childcare or education 
Early childhood education and care,Sweden,2017,Under 3 years - AROPE,45.4,,Children in formal childcare or education 
Early childhood education and care,Sweden,2018,Under 3 years - AROPE,32,,Children in formal childcare or education 
Early childhood education and care,Sweden,2019,Under 3 years - AROPE,56,,Children in formal childcare or education 
Early childhood education and care,Sweden,2020,Under 3 years - AROPE,63.2,,Children in formal childcare or education 
Early childhood education and care,Sweden,2021,Under 3 years - AROPE,49.7,,Children in formal childcare or education 
Early childhood education and care,Sweden,2022,Under 3 years - AROPE,51.8,,Children in formal childcare or education 
Early childhood education and care,Sweden,2023,Under 3 years - AROPE,57.5,,Children in formal childcare or education 
Early childhood education and care,Sweden,2024,Under 3 years - AROPE,56.3,,Children in formal childcare or education 
Early childhood education and care,Austria,2015,From 3 years - AROPE,82.5,,Children in formal childcare or education 
Early childhood education and care,Austria,2016,From 3 years - AROPE,89.8,,Children in formal childcare or education 
Early childhood education and care,Austria,2017,From 3 years - AROPE,81.3,,Children in formal childcare or education 
Early childhood education and care,Austria,2018,From 3 years - AROPE,72.6,,Children in formal childcare or education 
Early childhood education and care,Austria,2019,From 3 years - AROPE,82.2,,Children in formal childcare or education 
Early childhood education and care,Austria,2020,From 3 years - AROPE,73,,Children in formal childcare or education 
Early childhood education and care,Austria,2021,From 3 years - AROPE,79.8,,Children in formal childcare or education 
Early childhood education and care,Austria,2022,From 3 years - AROPE,85.6,,Children in formal childcare or education 
Early childhood education and care,Austria,2023,From 3 years - AROPE,78.8,,Children in formal childcare or education 
Early childhood education and care,Austria,2024,From 3 years - AROPE,77.2,,Children in formal childcare or education 
Early childhood education and care,Belgium,2015,From 3 years - AROPE,97.3,,Children in formal childcare or education 
Early childhood education and care,Belgium,2016,From 3 years - AROPE,97.7,,Children in formal childcare or education 
Early childhood education and care,Belgium,2017,From 3 years - AROPE,99.8,,Children in formal childcare or education 
Early childhood education and care,Belgium,2018,From 3 years - AROPE,95.6,,Children in formal childcare or education 
Early childhood education and care,Belgium,2019,From 3 years - AROPE,98.6,b,Children in formal childcare or education 
Early childhood education and care,Belgium,2020,From 3 years - AROPE,94.9,,Children in formal childcare or education 
Early childhood education and care,Belgium,2021,From 3 years - AROPE,94.6,,Children in formal childcare or education 
Early childhood education and care,Belgium,2022,From 3 years - AROPE,92.8,,Children in formal childcare or education 
Early childhood education and care,Belgium,2023,From 3 years - AROPE,97.3,,Children in formal childcare or education 
Early childhood education and care,Belgium,2024,From 3 years - AROPE,97.9,,Children in formal childcare or education 
Early childhood education and care,Bulgaria,2015,From 3 years - AROPE,63.4,,Children in formal childcare or education 
Early childhood education and care,Bulgaria,2016,From 3 years - AROPE,65.9,,Children in formal childcare or education 
Early childhood education and care,Bulgaria,2017,From 3 years - AROPE,53.8,,Children in formal childcare or education 
Early childhood education and care,Bulgaria,2018,From 3 years - AROPE,49,,Children in formal childcare or education 
Early childhood education and care,Bulgaria,2019,From 3 years - AROPE,70.6,,Children in formal childcare or education 
Early childhood education and care,Bulgaria,2020,From 3 years - AROPE,81.9,,Children in formal childcare or education 
Early childhood education and care,Bulgaria,2021,From 3 years - AROPE,82.5,,Children in formal childcare or education 
Early childhood education and care,Bulgaria,2022,From 3 years - AROPE,83.1,,Children in formal childcare or education 
Early childhood education and care,Bulgaria,2023,From 3 years - AROPE,89,,Children in formal childcare or education 
Early childhood education and care,Bulgaria,2024,From 3 years - AROPE,84,,Children in formal childcare or education 
Early childhood education and care,Croatia,2015,From 3 years - AROPE,35,,Children in formal childcare or education 
Early childhood education and care,Croatia,2016,From 3 years - AROPE,32.7,,Children in formal childcare or education 
Early childhood education and care,Croatia,2017,From 3 years - AROPE,41.4,,Children in formal childcare or education 
Early childhood education and care,Croatia,2018,From 3 years - AROPE,37.7,,Children in formal childcare or education 
Early childhood education and care,Croatia,2019,From 3 years - AROPE,43.3,,Children in formal childcare or education 
Early childhood education and care,Croatia,2020,From 3 years - AROPE,40.4,,Children in formal childcare or education 
Early childhood education and care,Croatia,2021,From 3 years - AROPE,42.6,,Children in formal childcare or education 
Early childhood education and care,Croatia,2022,From 3 years - AROPE,58.5,,Children in formal childcare or education 
Early childhood education and care,Croatia,2023,From 3 years - AROPE,56.6,,Children in formal childcare or education 
Early childhood education and care,Croatia,2024,From 3 years - AROPE,66.2,,Children in formal childcare or education 
Early childhood education and care,Cyprus,2015,From 3 years - AROPE,77.6,,Children in formal childcare or education 
Early childhood education and care,Cyprus,2016,From 3 years - AROPE,75.6,,Children in formal childcare or education 
Early childhood education and care,Cyprus,2017,From 3 years - AROPE,77.7,,Children in formal childcare or education 
Early childhood education and care,Cyprus,2018,From 3 years - AROPE,87.8,u,Children in formal childcare or education 
Early childhood education and care,Cyprus,2019,From 3 years - AROPE,71.7,,Children in formal childcare or education 
Early childhood education and care,Cyprus,2020,From 3 years - AROPE,67.8,,Children in formal childcare or education 
Early childhood education and care,Cyprus,2021,From 3 years - AROPE,66.2,u,Children in formal childcare or education 
Early childhood education and care,Cyprus,2022,From 3 years - AROPE,57.6,,Children in formal childcare or education 
Early childhood education and care,Cyprus,2023,From 3 years - AROPE,63.8,u,Children in formal childcare or education 
Early childhood education and care,Cyprus,2024,From 3 years - AROPE,69.6,u,Children in formal childcare or education 
Early childhood education and care,Czechia,2015,From 3 years - AROPE,70.5,,Children in formal childcare or education 
Early childhood education and care,Czechia,2016,From 3 years - AROPE,68.3,,Children in formal childcare or education 
Early childhood education and care,Czechia,2017,From 3 years - AROPE,68.9,,Children in formal childcare or education 
Early childhood education and care,Czechia,2018,From 3 years - AROPE,50.5,,Children in formal childcare or education 
Early childhood education and care,Czechia,2019,From 3 years - AROPE,64.2,,Children in formal childcare or education 
Early childhood education and care,Czechia,2020,From 3 years - AROPE,63,,Children in formal childcare or education 
Early childhood education and care,Czechia,2021,From 3 years - AROPE,42.1,,Children in formal childcare or education 
Early childhood education and care,Czechia,2022,From 3 years - AROPE,68,,Children in formal childcare or education 
Early childhood education and care,Czechia,2023,From 3 years - AROPE,64.4,,Children in formal childcare or education 
Early childhood education and care,Czechia,2024,From 3 years - AROPE,73,,Children in formal childcare or education 
Early childhood education and care,Denmark,2015,From 3 years - AROPE,97.9,u,Children in formal childcare or education 
Early childhood education and care,Denmark,2016,From 3 years - AROPE,88.1,u,Children in formal childcare or education 
Early childhood education and care,Denmark,2017,From 3 years - AROPE,79.2,u,Children in formal childcare or education 
Early childhood education and care,Denmark,2018,From 3 years - AROPE,98.5,u,Children in formal childcare or education 
Early childhood education and care,Denmark,2019,From 3 years - AROPE,84.7,u,Children in formal childcare or education 
Early childhood education and care,Denmark,2020,From 3 years - AROPE,100,u,Children in formal childcare or education 
Early childhood education and care,Denmark,2021,From 3 years - AROPE,90.5,u,Children in formal childcare or education 
Early childhood education and care,Denmark,2022,From 3 years - AROPE,91.5,u,Children in formal childcare or education 
Early childhood education and care,Denmark,2023,From 3 years - AROPE,89,b,Children in formal childcare or education 
Early childhood education and care,Denmark,2024,From 3 years - AROPE,100,u,Children in formal childcare or education 
Early childhood education and care,EU27,2015,From 3 years - AROPE,80.1,,Children in formal childcare or education 
Early childhood education and care,EU27,2016,From 3 years - AROPE,83.6,,Children in formal childcare or education 
Early childhood education and care,EU27,2017,From 3 years - AROPE,83.5,,Children in formal childcare or education 
Early childhood education and care,EU27,2018,From 3 years - AROPE,84.5,,Children in formal childcare or education 
Early childhood education and care,EU27,2019,From 3 years - AROPE,86.4,,Children in formal childcare or education 
Early childhood education and care,EU27,2020,From 3 years - AROPE,74.6,e,Children in formal childcare or education 
Early childhood education and care,EU27,2021,From 3 years - AROPE,82.7,,Children in formal childcare or education 
Early childhood education and care,EU27,2022,From 3 years - AROPE,82.6,,Children in formal childcare or education 
Early childhood education and care,EU27,2023,From 3 years - AROPE,83.2,,Children in formal childcare or education 
Early childhood education and care,EU27,2024,From 3 years - AROPE,82.4,,Children in formal childcare or education 
Early childhood education and care,Estonia,2015,From 3 years - AROPE,90.9,,Children in formal childcare or education 
Early childhood education and care,Estonia,2016,From 3 years - AROPE,89.4,,Children in formal childcare or education 
Early childhood education and care,Estonia,2017,From 3 years - AROPE,92.3,,Children in formal childcare or education 
Early childhood education and care,Estonia,2018,From 3 years - AROPE,87.1,,Children in formal childcare or education 
Early childhood education and care,Estonia,2019,From 3 years - AROPE,94,,Children in formal childcare or education 
Early childhood education and care,Estonia,2020,From 3 years - AROPE,89.6,,Children in formal childcare or education 
Early childhood education and care,Estonia,2021,From 3 years - AROPE,88.6,,Children in formal childcare or education 
Early childhood education and care,Estonia,2022,From 3 years - AROPE,90.1,,Children in formal childcare or education 
Early childhood education and care,Estonia,2023,From 3 years - AROPE,85.6,,Children in formal childcare or education 
Early childhood education and care,Estonia,2024,From 3 years - AROPE,98.4,,Children in formal childcare or education 
Early childhood education and care,Finland,2015,From 3 years - AROPE,76.7,,Children in formal childcare or education 
Early childhood education and care,Finland,2016,From 3 years - AROPE,74.4,,Children in formal childcare or education 
Early childhood education and care,Finland,2017,From 3 years - AROPE,66.9,,Children in formal childcare or education 
Early childhood education and care,Finland,2018,From 3 years - AROPE,67,,Children in formal childcare or education 
Early childhood education and care,Finland,2019,From 3 years - AROPE,71.5,,Children in formal childcare or education 
Early childhood education and care,Finland,2020,From 3 years - AROPE,79.9,,Children in formal childcare or education 
Early childhood education and care,Finland,2021,From 3 years - AROPE,85.3,,Children in formal childcare or education 
Early childhood education and care,Finland,2022,From 3 years - AROPE,90,,Children in formal childcare or education 
Early childhood education and care,Finland,2023,From 3 years - AROPE,85.4,,Children in formal childcare or education 
Early childhood education and care,Finland,2024,From 3 years - AROPE,86.7,,Children in formal childcare or education 
Early childhood education and care,France,2015,From 3 years - AROPE,91.7,,Children in formal childcare or education 
Early childhood education and care,France,2016,From 3 years - AROPE,92.5,,Children in formal childcare or education 
Early childhood education and care,France,2017,From 3 years - AROPE,92.5,,Children in formal childcare or education 
Early childhood education and care,France,2018,From 3 years - AROPE,94.5,,Children in formal childcare or education 
Early childhood education and care,France,2019,From 3 years - AROPE,96.7,,Children in formal childcare or education 
Early childhood education and care,France,2020,From 3 years - AROPE,98.7,bu,Children in formal childcare or education 
Early childhood education and care,France,2021,From 3 years - AROPE,91.7,,Children in formal childcare or education 
Early childhood education and care,France,2022,From 3 years - AROPE,78.9,,Children in formal childcare or education 
Early childhood education and care,France,2023,From 3 years - AROPE,92.2,,Children in formal childcare or education 
Early childhood education and care,France,2024,From 3 years - AROPE,94.8,,Children in formal childcare or education 
Early childhood education and care,Germany,2015,From 3 years - AROPE,85.8,,Children in formal childcare or education 
Early childhood education and care,Germany,2016,From 3 years - AROPE,84.4,,Children in formal childcare or education 
Early childhood education and care,Germany,2017,From 3 years - AROPE,79.8,,Children in formal childcare or education 
Early childhood education and care,Germany,2018,From 3 years - AROPE,80.4,,Children in formal childcare or education 
Early childhood education and care,Germany,2019,From 3 years - AROPE,85.4,,Children in formal childcare or education 
Early childhood education and care,Germany,2020,From 3 years - AROPE,48.1,b,Children in formal childcare or education 
Early childhood education and care,Germany,2021,From 3 years - AROPE,82.1,,Children in formal childcare or education 
Early childhood education and care,Germany,2022,From 3 years - AROPE,79.9,,Children in formal childcare or education 
Early childhood education and care,Germany,2023,From 3 years - AROPE,77.9,,Children in formal childcare or education 
Early childhood education and care,Germany,2024,From 3 years - AROPE,72.8,,Children in formal childcare or education 
Early childhood education and care,Greece,2015,From 3 years - AROPE,79.2,,Children in formal childcare or education 
Early childhood education and care,Greece,2016,From 3 years - AROPE,63.2,,Children in formal childcare or education 
Early childhood education and care,Greece,2017,From 3 years - AROPE,87.2,,Children in formal childcare or education 
Early childhood education and care,Greece,2018,From 3 years - AROPE,98.2,,Children in formal childcare or education 
Early childhood education and care,Greece,2019,From 3 years - AROPE,95.8,,Children in formal childcare or education 
Early childhood education and care,Greece,2020,From 3 years - AROPE,81.7,,Children in formal childcare or education 
Early childhood education and care,Greece,2021,From 3 years - AROPE,82,,Children in formal childcare or education 
Early childhood education and care,Greece,2022,From 3 years - AROPE,68.5,,Children in formal childcare or education 
Early childhood education and care,Greece,2023,From 3 years - AROPE,80.1,,Children in formal childcare or education 
Early childhood education and care,Greece,2024,From 3 years - AROPE,92.6,,Children in formal childcare or education 
Early childhood education and care,Hungary,2015,From 3 years - AROPE,88.5,,Children in formal childcare or education 
Early childhood education and care,Hungary,2016,From 3 years - AROPE,89.4,,Children in formal childcare or education 
Early childhood education and care,Hungary,2017,From 3 years - AROPE,82.2,,Children in formal childcare or education 
Early childhood education and care,Hungary,2018,From 3 years - AROPE,79.5,u,Children in formal childcare or education 
Early childhood education and care,Hungary,2019,From 3 years - AROPE,72.9,u,Children in formal childcare or education 
Early childhood education and care,Hungary,2020,From 3 years - AROPE,74.2,u,Children in formal childcare or education 
Early childhood education and care,Hungary,2021,From 3 years - AROPE,100,u,Children in formal childcare or education 
Early childhood education and care,Hungary,2022,From 3 years - AROPE,,u,Children in formal childcare or education 
Early childhood education and care,Hungary,2023,From 3 years - AROPE,100,u,Children in formal childcare or education 
Early childhood education and care,Hungary,2024,From 3 years - AROPE,100,u,Children in formal childcare or education 
Early childhood education and care,Ireland,2015,From 3 years - AROPE,84.5,,Children in formal childcare or education 
Early childhood education and care,Ireland,2016,From 3 years - AROPE,88.4,,Children in formal childcare or education 
Early childhood education and care,Ireland,2017,From 3 years - AROPE,90.6,,Children in formal childcare or education 
Early childhood education and care,Ireland,2018,From 3 years - AROPE,84.7,,Children in formal childcare or education 
Early childhood education and care,Ireland,2019,From 3 years - AROPE,86.6,b,Children in formal childcare or education 
Early childhood education and care,Ireland,2020,From 3 years - AROPE,87.4,b,Children in formal childcare or education 
Early childhood education and care,Ireland,2021,From 3 years - AROPE,80.5,,Children in formal childcare or education 
Early childhood education and care,Ireland,2022,From 3 years - AROPE,85.7,,Children in formal childcare or education 
Early childhood education and care,Ireland,2023,From 3 years - AROPE,88.2,,Children in formal childcare or education 
Early childhood education and care,Ireland,2024,From 3 years - AROPE,96.7,,Children in formal childcare or education 
Early childhood education and care,Italy,2015,From 3 years - AROPE,85.4,,Children in formal childcare or education 
Early childhood education and care,Italy,2016,From 3 years - AROPE,92.1,,Children in formal childcare or education 
Early childhood education and care,Italy,2017,From 3 years - AROPE,85.5,,Children in formal childcare or education 
Early childhood education and care,Italy,2018,From 3 years - AROPE,91.9,,Children in formal childcare or education 
Early childhood education and care,Italy,2019,From 3 years - AROPE,87.5,,Children in formal childcare or education 
Early childhood education and care,Italy,2020,From 3 years - AROPE,,,Children in formal childcare or education 
Early childhood education and care,Italy,2021,From 3 years - AROPE,87.5,,Children in formal childcare or education 
Early childhood education and care,Italy,2022,From 3 years - AROPE,91.2,,Children in formal childcare or education 
Early childhood education and care,Italy,2023,From 3 years - AROPE,91.6,,Children in formal childcare or education 
Early childhood education and care,Italy,2024,From 3 years - AROPE,85.6,,Children in formal childcare or education 
Early childhood education and care,Latvia,2015,From 3 years - AROPE,76.3,,Children in formal childcare or education 
Early childhood education and care,Latvia,2016,From 3 years - AROPE,75.6,,Children in formal childcare or education 
Early childhood education and care,Latvia,2017,From 3 years - AROPE,85.2,,Children in formal childcare or education 
Early childhood education and care,Latvia,2018,From 3 years - AROPE,79.7,,Children in formal childcare or education 
Early childhood education and care,Latvia,2019,From 3 years - AROPE,70.7,,Children in formal childcare or education 
Early childhood education and care,Latvia,2020,From 3 years - AROPE,66.7,,Children in formal childcare or education 
Early childhood education and care,Latvia,2021,From 3 years - AROPE,83.2,,Children in formal childcare or education 
Early childhood education and care,Latvia,2022,From 3 years - AROPE,84.7,,Children in formal childcare or education 
Early childhood education and care,Latvia,2023,From 3 years - AROPE,92.5,,Children in formal childcare or education 
Early childhood education and care,Latvia,2024,From 3 years - AROPE,88.6,,Children in formal childcare or education 
Early childhood education and care,Lithuania,2015,From 3 years - AROPE,52.8,,Children in formal childcare or education 
Early childhood education and care,Lithuania,2016,From 3 years - AROPE,77.1,,Children in formal childcare or education 
Early childhood education and care,Lithuania,2017,From 3 years - AROPE,69.4,,Children in formal childcare or education 
Early childhood education and care,Lithuania,2018,From 3 years - AROPE,68.2,,Children in formal childcare or education 
Early childhood education and care,Lithuania,2019,From 3 years - AROPE,76.5,,Children in formal childcare or education 
Early childhood education and care,Lithuania,2020,From 3 years - AROPE,80.8,,Children in formal childcare or education 
Early childhood education and care,Lithuania,2021,From 3 years - AROPE,63.9,,Children in formal childcare or education 
Early childhood education and care,Lithuania,2022,From 3 years - AROPE,88.6,,Children in formal childcare or education 
Early childhood education and care,Lithuania,2023,From 3 years - AROPE,85.4,,Children in formal childcare or education 
Early childhood education and care,Lithuania,2024,From 3 years - AROPE,94.3,p,Children in formal childcare or education 
Early childhood education and care,Luxembourg,2015,From 3 years - AROPE,81.4,u,Children in formal childcare or education 
Early childhood education and care,Luxembourg,2016,From 3 years - AROPE,89.5,u,Children in formal childcare or education 
Early childhood education and care,Luxembourg,2017,From 3 years - AROPE,78.7,u,Children in formal childcare or education 
Early childhood education and care,Luxembourg,2018,From 3 years - AROPE,80.5,u,Children in formal childcare or education 
Early childhood education and care,Luxembourg,2019,From 3 years - AROPE,96.2,,Children in formal childcare or education 
Early childhood education and care,Luxembourg,2020,From 3 years - AROPE,89.9,bu,Children in formal childcare or education 
Early childhood education and care,Luxembourg,2021,From 3 years - AROPE,95.8,,Children in formal childcare or education 
Early childhood education and care,Luxembourg,2022,From 3 years - AROPE,94.3,u,Children in formal childcare or education 
Early childhood education and care,Luxembourg,2023,From 3 years - AROPE,,u,Children in formal childcare or education 
Early childhood education and care,Luxembourg,2024,From 3 years - AROPE,68.4,u,Children in formal childcare or education 
Early childhood education and care,Malta,2015,From 3 years - AROPE,97.9,,Children in formal childcare or education 
Early childhood education and care,Malta,2016,From 3 years - AROPE,96.1,,Children in formal childcare or education 
Early childhood education and care,Malta,2017,From 3 years - AROPE,90.2,,Children in formal childcare or education 
Early childhood education and care,Malta,2018,From 3 years - AROPE,89.7,u,Children in formal childcare or education 
Early childhood education and care,Malta,2019,From 3 years - AROPE,71.8,u,Children in formal childcare or education 
Early childhood education and care,Malta,2020,From 3 years - AROPE,74.2,u,Children in formal childcare or education 
Early childhood education and care,Malta,2021,From 3 years - AROPE,82,,Children in formal childcare or education 
Early childhood education and care,Malta,2022,From 3 years - AROPE,88.5,,Children in formal childcare or education 
Early childhood education and care,Malta,2023,From 3 years - AROPE,99,u,Children in formal childcare or education 
Early childhood education and care,Malta,2024,From 3 years - AROPE,87.2,u,Children in formal childcare or education 
Early childhood education and care,Netherlands,2015,From 3 years - AROPE,93.5,,Children in formal childcare or education 
Early childhood education and care,Netherlands,2016,From 3 years - AROPE,93.8,,Children in formal childcare or education 
Early childhood education and care,Netherlands,2017,From 3 years - AROPE,95.6,,Children in formal childcare or education 
Early childhood education and care,Netherlands,2018,From 3 years - AROPE,89.6,,Children in formal childcare or education 
Early childhood education and care,Netherlands,2019,From 3 years - AROPE,95,,Children in formal childcare or education 
Early childhood education and care,Netherlands,2020,From 3 years - AROPE,87.7,,Children in formal childcare or education 
Early childhood education and care,Netherlands,2021,From 3 years - AROPE,95.3,,Children in formal childcare or education 
Early childhood education and care,Netherlands,2022,From 3 years - AROPE,89.5,,Children in formal childcare or education 
Early childhood education and care,Netherlands,2023,From 3 years - AROPE,88.3,,Children in formal childcare or education 
Early childhood education and care,Netherlands,2024,From 3 years - AROPE,92.9,,Children in formal childcare or education 
Early childhood education and care,Poland,2015,From 3 years - AROPE,33.4,,Children in formal childcare or education 
Early childhood education and care,Poland,2016,From 3 years - AROPE,51.3,,Children in formal childcare or education 
Early childhood education and care,Poland,2017,From 3 years - AROPE,61.9,,Children in formal childcare or education 
Early childhood education and care,Poland,2018,From 3 years - AROPE,59.9,,Children in formal childcare or education 
Early childhood education and care,Poland,2019,From 3 years - AROPE,59.6,,Children in formal childcare or education 
Early childhood education and care,Poland,2020,From 3 years - AROPE,65.8,,Children in formal childcare or education 
Early childhood education and care,Poland,2021,From 3 years - AROPE,64.1,,Children in formal childcare or education 
Early childhood education and care,Poland,2022,From 3 years - AROPE,60,,Children in formal childcare or education 
Early childhood education and care,Poland,2023,From 3 years - AROPE,55.7,,Children in formal childcare or education 
Early childhood education and care,Poland,2024,From 3 years - AROPE,67.1,,Children in formal childcare or education 
Early childhood education and care,Portugal,2015,From 3 years - AROPE,86.1,,Children in formal childcare or education 
Early childhood education and care,Portugal,2016,From 3 years - AROPE,91.7,,Children in formal childcare or education 
Early childhood education and care,Portugal,2017,From 3 years - AROPE,87.1,,Children in formal childcare or education 
Early childhood education and care,Portugal,2018,From 3 years - AROPE,90.4,,Children in formal childcare or education 
Early childhood education and care,Portugal,2019,From 3 years - AROPE,83.1,,Children in formal childcare or education 
Early childhood education and care,Portugal,2020,From 3 years - AROPE,84.2,,Children in formal childcare or education 
Early childhood education and care,Portugal,2021,From 3 years - AROPE,90.1,,Children in formal childcare or education 
Early childhood education and care,Portugal,2022,From 3 years - AROPE,93.1,,Children in formal childcare or education 
Early childhood education and care,Portugal,2023,From 3 years - AROPE,86.6,,Children in formal childcare or education 
Early childhood education and care,Portugal,2024,From 3 years - AROPE,84.4,,Children in formal childcare or education 
Early childhood education and care,Romania,2015,From 3 years - AROPE,61.6,,Children in formal childcare or education 
Early childhood education and care,Romania,2016,From 3 years - AROPE,64.1,,Children in formal childcare or education 
Early childhood education and care,Romania,2017,From 3 years - AROPE,69.8,,Children in formal childcare or education 
Early childhood education and care,Romania,2018,From 3 years - AROPE,65.6,,Children in formal childcare or education 
Early childhood education and care,Romania,2019,From 3 years - AROPE,72,,Children in formal childcare or education 
Early childhood education and care,Romania,2020,From 3 years - AROPE,54.7,,Children in formal childcare or education 
Early childhood education and care,Romania,2021,From 3 years - AROPE,54.2,,Children in formal childcare or education 
Early childhood education and care,Romania,2022,From 3 years - AROPE,67.9,,Children in formal childcare or education 
Early childhood education and care,Romania,2023,From 3 years - AROPE,64.1,,Children in formal childcare or education 
Early childhood education and care,Romania,2024,From 3 years - AROPE,58.2,,Children in formal childcare or education 
Early childhood education and care,Slovakia,2015,From 3 years - AROPE,62.6,,Children in formal childcare or education 
Early childhood education and care,Slovakia,2016,From 3 years - AROPE,57.5,,Children in formal childcare or education 
Early childhood education and care,Slovakia,2017,From 3 years - AROPE,35.2,,Children in formal childcare or education 
Early childhood education and care,Slovakia,2018,From 3 years - AROPE,70.3,,Children in formal childcare or education 
Early childhood education and care,Slovakia,2019,From 3 years - AROPE,71.7,,Children in formal childcare or education 
Early childhood education and care,Slovakia,2020,From 3 years - AROPE,81.6,,Children in formal childcare or education 
Early childhood education and care,Slovakia,2021,From 3 years - AROPE,73.4,,Children in formal childcare or education 
Early childhood education and care,Slovakia,2022,From 3 years - AROPE,65.9,,Children in formal childcare or education 
Early childhood education and care,Slovakia,2023,From 3 years - AROPE,51.1,,Children in formal childcare or education 
Early childhood education and care,Slovakia,2024,From 3 years - AROPE,53,,Children in formal childcare or education 
Early childhood education and care,Slovenia,2015,From 3 years - AROPE,87.2,,Children in formal childcare or education 
Early childhood education and care,Slovenia,2016,From 3 years - AROPE,86.6,,Children in formal childcare or education 
Early childhood education and care,Slovenia,2017,From 3 years - AROPE,92.4,,Children in formal childcare or education 
Early childhood education and care,Slovenia,2018,From 3 years - AROPE,84.3,,Children in formal childcare or education 
Early childhood education and care,Slovenia,2019,From 3 years - AROPE,87.7,,Children in formal childcare or education 
Early childhood education and care,Slovenia,2020,From 3 years - AROPE,90.7,,Children in formal childcare or education 
Early childhood education and care,Slovenia,2021,From 3 years - AROPE,84.8,,Children in formal childcare or education 
Early childhood education and care,Slovenia,2022,From 3 years - AROPE,89,,Children in formal childcare or education 
Early childhood education and care,Slovenia,2023,From 3 years - AROPE,72.6,,Children in formal childcare or education 
Early childhood education and care,Slovenia,2024,From 3 years - AROPE,91.9,,Children in formal childcare or education 
Early childhood education and care,Spain,2015,From 3 years - AROPE,91.7,,Children in formal childcare or education 
Early childhood education and care,Spain,2016,From 3 years - AROPE,94,,Children in formal childcare or education 
Early childhood education and care,Spain,2017,From 3 years - AROPE,95.2,,Children in formal childcare or education 
Early childhood education and care,Spain,2018,From 3 years - AROPE,92.2,,Children in formal childcare or education 
Early childhood education and care,Spain,2019,From 3 years - AROPE,96.9,,Children in formal childcare or education 
Early childhood education and care,Spain,2020,From 3 years - AROPE,96.4,,Children in formal childcare or education 
Early childhood education and care,Spain,2021,From 3 years - AROPE,95.8,,Children in formal childcare or education 
Early childhood education and care,Spain,2022,From 3 years - AROPE,94,,Children in formal childcare or education 
Early childhood education and care,Spain,2023,From 3 years - AROPE,97.6,,Children in formal childcare or education 
Early childhood education and care,Spain,2024,From 3 years - AROPE,97.4,,Children in formal childcare or education 
Early childhood education and care,Sweden,2015,From 3 years - AROPE,92.4,,Children in formal childcare or education 
Early childhood education and care,Sweden,2016,From 3 years - AROPE,95.1,,Children in formal childcare or education 
Early childhood education and care,Sweden,2017,From 3 years - AROPE,92.4,,Children in formal childcare or education 
Early childhood education and care,Sweden,2018,From 3 years - AROPE,93.2,,Children in formal childcare or education 
Early childhood education and care,Sweden,2019,From 3 years - AROPE,93.8,,Children in formal childcare or education 
Early childhood education and care,Sweden,2020,From 3 years - AROPE,92.2,,Children in formal childcare or education 
Early childhood education and care,Sweden,2021,From 3 years - AROPE,99,,Children in formal childcare or education 
Early childhood education and care,Sweden,2022,From 3 years - AROPE,93.9,,Children in formal childcare or education 
Early childhood education and care,Sweden,2023,From 3 years - AROPE,97.2,,Children in formal childcare or education 
Early childhood education and care,Sweden,2024,From 3 years - AROPE,98.3,,Children in formal childcare or education 
Early childhood education and care,Austria,2015,Under 3 years - Non AROPE,23,,Children in formal childcare or education 
Early childhood education and care,Austria,2016,Under 3 years - Non AROPE,19.7,,Children in formal childcare or education 
Early childhood education and care,Austria,2017,Under 3 years - Non AROPE,21.1,,Children in formal childcare or education 
Early childhood education and care,Austria,2018,Under 3 years - Non AROPE,22.3,,Children in formal childcare or education 
Early childhood education and care,Austria,2019,Under 3 years - Non AROPE,23.3,,Children in formal childcare or education 
Early childhood education and care,Austria,2020,Under 3 years - Non AROPE,23.1,,Children in formal childcare or education 
Early childhood education and care,Austria,2021,Under 3 years - Non AROPE,29.1,,Children in formal childcare or education 
Early childhood education and care,Austria,2022,Under 3 years - Non AROPE,21.3,,Children in formal childcare or education 
Early childhood education and care,Austria,2023,Under 3 years - Non AROPE,25.9,,Children in formal childcare or education 
Early childhood education and care,Austria,2024,Under 3 years - Non AROPE,32.3,,Children in formal childcare or education 
Early childhood education and care,Belgium,2015,Under 3 years - Non AROPE,56.9,,Children in formal childcare or education 
Early childhood education and care,Belgium,2016,Under 3 years - Non AROPE,46.3,,Children in formal childcare or education 
Early childhood education and care,Belgium,2017,Under 3 years - Non AROPE,59.5,,Children in formal childcare or education 
Early childhood education and care,Belgium,2018,Under 3 years - Non AROPE,63.5,,Children in formal childcare or education 
Early childhood education and care,Belgium,2019,Under 3 years - Non AROPE,61.4,b,Children in formal childcare or education 
Early childhood education and care,Belgium,2020,Under 3 years - Non AROPE,63.2,,Children in formal childcare or education 
Early childhood education and care,Belgium,2021,Under 3 years - Non AROPE,56.8,,Children in formal childcare or education 
Early childhood education and care,Belgium,2022,Under 3 years - Non AROPE,59.2,,Children in formal childcare or education 
Early childhood education and care,Belgium,2023,Under 3 years - Non AROPE,58.6,,Children in formal childcare or education 
Early childhood education and care,Belgium,2024,Under 3 years - Non AROPE,59.3,,Children in formal childcare or education 
Early childhood education and care,Bulgaria,2015,Under 3 years - Non AROPE,9.9,,Children in formal childcare or education 
Early childhood education and care,Bulgaria,2016,Under 3 years - Non AROPE,14,,Children in formal childcare or education 
Early childhood education and care,Bulgaria,2017,Under 3 years - Non AROPE,11.1,,Children in formal childcare or education 
Early childhood education and care,Bulgaria,2018,Under 3 years - Non AROPE,18.4,,Children in formal childcare or education 
Early childhood education and care,Bulgaria,2019,Under 3 years - Non AROPE,21.4,,Children in formal childcare or education 
Early childhood education and care,Bulgaria,2020,Under 3 years - Non AROPE,20.2,,Children in formal childcare or education 
Early childhood education and care,Bulgaria,2021,Under 3 years - Non AROPE,16.1,,Children in formal childcare or education 
Early childhood education and care,Bulgaria,2022,Under 3 years - Non AROPE,14.8,,Children in formal childcare or education 
Early childhood education and care,Bulgaria,2023,Under 3 years - Non AROPE,19.7,,Children in formal childcare or education 
Early childhood education and care,Bulgaria,2024,Under 3 years - Non AROPE,24.1,,Children in formal childcare or education 
Early childhood education and care,Croatia,2015,Under 3 years - Non AROPE,13.5,,Children in formal childcare or education 
Early childhood education and care,Croatia,2016,Under 3 years - Non AROPE,17.6,,Children in formal childcare or education 
Early childhood education and care,Croatia,2017,Under 3 years - Non AROPE,19.4,,Children in formal childcare or education 
Early childhood education and care,Croatia,2018,Under 3 years - Non AROPE,21.2,,Children in formal childcare or education 
Early childhood education and care,Croatia,2019,Under 3 years - Non AROPE,17.5,,Children in formal childcare or education 
Early childhood education and care,Croatia,2020,Under 3 years - Non AROPE,20.4,,Children in formal childcare or education 
Early childhood education and care,Croatia,2021,Under 3 years - Non AROPE,36.3,,Children in formal childcare or education 
Early childhood education and care,Croatia,2022,Under 3 years - Non AROPE,26.5,,Children in formal childcare or education 
Early childhood education and care,Croatia,2023,Under 3 years - Non AROPE,31.9,,Children in formal childcare or education 
Early childhood education and care,Croatia,2024,Under 3 years - Non AROPE,34.6,,Children in formal childcare or education 
Early childhood education and care,Cyprus,2015,Under 3 years - Non AROPE,20.7,,Children in formal childcare or education 
Early childhood education and care,Cyprus,2016,Under 3 years - Non AROPE,26,,Children in formal childcare or education 
Early childhood education and care,Cyprus,2017,Under 3 years - Non AROPE,30,,Children in formal childcare or education 
Early childhood education and care,Cyprus,2018,Under 3 years - Non AROPE,33.9,,Children in formal childcare or education 
Early childhood education and care,Cyprus,2019,Under 3 years - Non AROPE,37.2,,Children in formal childcare or education 
Early childhood education and care,Cyprus,2020,Under 3 years - Non AROPE,26.2,,Children in formal childcare or education 
Early childhood education and care,Cyprus,2021,Under 3 years - Non AROPE,28.8,,Children in formal childcare or education 
Early childhood education and care,Cyprus,2022,Under 3 years - Non AROPE,28.1,,Children in formal childcare or education 
Early childhood education and care,Cyprus,2023,Under 3 years - Non AROPE,40.2,,Children in formal childcare or education 
Early childhood education and care,Cyprus,2024,Under 3 years - Non AROPE,42,,Children in formal childcare or education 
Early childhood education and care,Czechia,2015,Under 3 years - Non AROPE,2.7,,Children in formal childcare or education 
Early childhood education and care,Czechia,2016,Under 3 years - Non AROPE,5.1,,Children in formal childcare or education 
Early childhood education and care,Czechia,2017,Under 3 years - Non AROPE,6.5,,Children in formal childcare or education 
Early childhood education and care,Czechia,2018,Under 3 years - Non AROPE,8.5,,Children in formal childcare or education 
Early childhood education and care,Czechia,2019,Under 3 years - Non AROPE,6.5,,Children in formal childcare or education 
Early childhood education and care,Czechia,2020,Under 3 years - Non AROPE,5.4,,Children in formal childcare or education 
Early childhood education and care,Czechia,2021,Under 3 years - Non AROPE,5.2,,Children in formal childcare or education 
Early childhood education and care,Czechia,2022,Under 3 years - Non AROPE,7,,Children in formal childcare or education 
Early childhood education and care,Czechia,2023,Under 3 years - Non AROPE,4.8,,Children in formal childcare or education 
Early childhood education and care,Czechia,2024,Under 3 years - Non AROPE,7.4,,Children in formal childcare or education 
Early childhood education and care,Denmark,2015,Under 3 years - Non AROPE,78.4,,Children in formal childcare or education 
Early childhood education and care,Denmark,2016,Under 3 years - Non AROPE,71.5,,Children in formal childcare or education 
Early childhood education and care,Denmark,2017,Under 3 years - Non AROPE,72.9,,Children in formal childcare or education 
Early childhood education and care,Denmark,2018,Under 3 years - Non AROPE,64.8,,Children in formal childcare or education 
Early childhood education and care,Denmark,2019,Under 3 years - Non AROPE,66,,Children in formal childcare or education 
Early childhood education and care,Denmark,2020,Under 3 years - Non AROPE,64.7,,Children in formal childcare or education 
Early childhood education and care,Denmark,2021,Under 3 years - Non AROPE,69.9,,Children in formal childcare or education 
Early childhood education and care,Denmark,2022,Under 3 years - Non AROPE,72.9,,Children in formal childcare or education 
Early childhood education and care,Denmark,2023,Under 3 years - Non AROPE,69.5,b,Children in formal childcare or education 
Early childhood education and care,Denmark,2024,Under 3 years - Non AROPE,62.1,,Children in formal childcare or education 
Early childhood education and care,EU 27,2015,Under 3 years - Non AROPE,32.9,,Children in formal childcare or education 
Early childhood education and care,EU 27,2016,Under 3 years - Non AROPE,36.9,,Children in formal childcare or education 
Early childhood education and care,EU 27,2017,Under 3 years - Non AROPE,37.8,,Children in formal childcare or education 
Early childhood education and care,EU 27,2018,Under 3 years - Non AROPE,38.2,,Children in formal childcare or education 
Early childhood education and care,EU 27,2019,Under 3 years - Non AROPE,37.3,,Children in formal childcare or education 
Early childhood education and care,EU 27,2020,Under 3 years - Non AROPE,36.2,,Children in formal childcare or education 
Early childhood education and care,EU 27,2021,Under 3 years - Non AROPE,42.8,,Children in formal childcare or education 
Early childhood education and care,EU 27,2022,Under 3 years - Non AROPE,39.7,,Children in formal childcare or education 
Early childhood education and care,EU 27,2023,Under 3 years - Non AROPE,41,,Children in formal childcare or education 
Early childhood education and care,EU 27,2024,Under 3 years - Non AROPE,43.9,,Children in formal childcare or education 
Early childhood education and care,Estonia,2015,Under 3 years - Non AROPE,21.5,,Children in formal childcare or education 
Early childhood education and care,Estonia,2016,Under 3 years - Non AROPE,30.8,,Children in formal childcare or education 
Early childhood education and care,Estonia,2017,Under 3 years - Non AROPE,26.4,,Children in formal childcare or education 
Early childhood education and care,Estonia,2018,Under 3 years - Non AROPE,27.7,,Children in formal childcare or education 
Early childhood education and care,Estonia,2019,Under 3 years - Non AROPE,30.8,,Children in formal childcare or education 
Early childhood education and care,Estonia,2020,Under 3 years - Non AROPE,27.4,,Children in formal childcare or education 
Early childhood education and care,Estonia,2021,Under 3 years - Non AROPE,24.5,,Children in formal childcare or education 
Early childhood education and care,Estonia,2022,Under 3 years - Non AROPE,33.9,,Children in formal childcare or education 
Early childhood education and care,Estonia,2023,Under 3 years - Non AROPE,40.5,,Children in formal childcare or education 
Early childhood education and care,Estonia,2024,Under 3 years - Non AROPE,37,,Children in formal childcare or education 
Early childhood education and care,Finland,2015,Under 3 years - Non AROPE,32.9,,Children in formal childcare or education 
Early childhood education and care,Finland,2016,Under 3 years - Non AROPE,31.8,,Children in formal childcare or education 
Early childhood education and care,Finland,2017,Under 3 years - Non AROPE,33.1,,Children in formal childcare or education 
Early childhood education and care,Finland,2018,Under 3 years - Non AROPE,39.8,,Children in formal childcare or education 
Early childhood education and care,Finland,2019,Under 3 years - Non AROPE,38.1,,Children in formal childcare or education 
Early childhood education and care,Finland,2020,Under 3 years - Non AROPE,40.8,,Children in formal childcare or education 
Early childhood education and care,Finland,2021,Under 3 years - Non AROPE,41,,Children in formal childcare or education 
Early childhood education and care,Finland,2022,Under 3 years - Non AROPE,42.6,,Children in formal childcare or education 
Early childhood education and care,Finland,2023,Under 3 years - Non AROPE,47.6,,Children in formal childcare or education 
Early childhood education and care,Finland,2024,Under 3 years - Non AROPE,49.9,,Children in formal childcare or education 
Early childhood education and care,France,2015,Under 3 years - Non AROPE,47.8,,Children in formal childcare or education 
Early childhood education and care,France,2016,Under 3 years - Non AROPE,55.7,,Children in formal childcare or education 
Early childhood education and care,France,2017,Under 3 years - Non AROPE,58.5,,Children in formal childcare or education 
Early childhood education and care,France,2018,Under 3 years - Non AROPE,57.6,,Children in formal childcare or education 
Early childhood education and care,France,2019,Under 3 years - Non AROPE,59.1,,Children in formal childcare or education 
Early childhood education and care,France,2020,Under 3 years - Non AROPE,66.1,b,Children in formal childcare or education 
Early childhood education and care,France,2021,Under 3 years - Non AROPE,68,,Children in formal childcare or education 
Early childhood education and care,France,2022,Under 3 years - Non AROPE,64.2,,Children in formal childcare or education 
Early childhood education and care,France,2023,Under 3 years - Non AROPE,65.4,,Children in formal childcare or education 
Early childhood education and care,France,2024,Under 3 years - Non AROPE,68.9,p,Children in formal childcare or education 
Early childhood education and care,Germany,2015,Under 3 years - Non AROPE,26.5,,Children in formal childcare or education 
Early childhood education and care,Germany,2016,Under 3 years - Non AROPE,33,,Children in formal childcare or education 
Early childhood education and care,Germany,2017,Under 3 years - Non AROPE,31.6,,Children in formal childcare or education 
Early childhood education and care,Germany,2018,Under 3 years - Non AROPE,32.3,,Children in formal childcare or education 
Early childhood education and care,Germany,2019,Under 3 years - Non AROPE,32.4,,Children in formal childcare or education 
Early childhood education and care,Germany,2020,Under 3 years - Non AROPE,17.8,b,Children in formal childcare or education 
Early childhood education and care,Germany,2021,Under 3 years - Non AROPE,33.5,,Children in formal childcare or education 
Early childhood education and care,Germany,2022,Under 3 years - Non AROPE,27.2,,Children in formal childcare or education 
Early childhood education and care,Germany,2023,Under 3 years - Non AROPE,26.1,,Children in formal childcare or education 
Early childhood education and care,Germany,2024,Under 3 years - Non AROPE,28.6,,Children in formal childcare or education 
Early childhood education and care,Greece,2015,Under 3 years - Non AROPE,11.3,,Children in formal childcare or education 
Early childhood education and care,Greece,2016,Under 3 years - Non AROPE,9.3,,Children in formal childcare or education 
Early childhood education and care,Greece,2017,Under 3 years - Non AROPE,22.2,,Children in formal childcare or education 
Early childhood education and care,Greece,2018,Under 3 years - Non AROPE,38.1,,Children in formal childcare or education 
Early childhood education and care,Greece,2019,Under 3 years - Non AROPE,32.6,,Children in formal childcare or education 
Early childhood education and care,Greece,2020,Under 3 years - Non AROPE,22.3,,Children in formal childcare or education 
Early childhood education and care,Greece,2021,Under 3 years - Non AROPE,39.3,,Children in formal childcare or education 
Early childhood education and care,Greece,2022,Under 3 years - Non AROPE,33.1,,Children in formal childcare or education 
Early childhood education and care,Greece,2023,Under 3 years - Non AROPE,32.8,,Children in formal childcare or education 
Early childhood education and care,Greece,2024,Under 3 years - Non AROPE,30.8,,Children in formal childcare or education 
Early childhood education and care,Hungary,2015,Under 3 years - Non AROPE,17.3,,Children in formal childcare or education 
Early childhood education and care,Hungary,2016,Under 3 years - Non AROPE,20,,Children in formal childcare or education 
Early childhood education and care,Hungary,2017,Under 3 years - Non AROPE,15.4,,Children in formal childcare or education 
Early childhood education and care,Hungary,2018,Under 3 years - Non AROPE,23.2,,Children in formal childcare or education 
Early childhood education and care,Hungary,2019,Under 3 years - Non AROPE,17,,Children in formal childcare or education 
Early childhood education and care,Hungary,2020,Under 3 years - Non AROPE,10.9,,Children in formal childcare or education 
Early childhood education and care,Hungary,2021,Under 3 years - Non AROPE,13.8,,Children in formal childcare or education 
Early childhood education and care,Hungary,2022,Under 3 years - Non AROPE,12.4,,Children in formal childcare or education 
Early childhood education and care,Hungary,2023,Under 3 years - Non AROPE,23.6,,Children in formal childcare or education 
Early childhood education and care,Hungary,2024,Under 3 years - Non AROPE,16.9,,Children in formal childcare or education 
Early childhood education and care,Ireland,2015,Under 3 years - Non AROPE,26.3,,Children in formal childcare or education 
Early childhood education and care,Ireland,2016,Under 3 years - Non AROPE,21.6,,Children in formal childcare or education 
Early childhood education and care,Ireland,2017,Under 3 years - Non AROPE,26.6,,Children in formal childcare or education 
Early childhood education and care,Ireland,2018,Under 3 years - Non AROPE,37,,Children in formal childcare or education 
Early childhood education and care,Ireland,2019,Under 3 years - Non AROPE,37.9,b,Children in formal childcare or education 
Early childhood education and care,Ireland,2020,Under 3 years - Non AROPE,20.5,b,Children in formal childcare or education 
Early childhood education and care,Ireland,2021,Under 3 years - Non AROPE,18,,Children in formal childcare or education 
Early childhood education and care,Ireland,2022,Under 3 years - Non AROPE,21.7,,Children in formal childcare or education 
Early childhood education and care,Ireland,2023,Under 3 years - Non AROPE,25.8,,Children in formal childcare or education 
Early childhood education and care,Ireland,2024,Under 3 years - Non AROPE,28.4,,Children in formal childcare or education 
Early childhood education and care,Italy,2015,Under 3 years - Non AROPE,30.8,,Children in formal childcare or education 
Early childhood education and care,Italy,2016,Under 3 years - Non AROPE,38.1,,Children in formal childcare or education 
Early childhood education and care,Italy,2017,Under 3 years - Non AROPE,31.9,,Children in formal childcare or education 
Early childhood education and care,Italy,2018,Under 3 years - Non AROPE,30.2,,Children in formal childcare or education 
Early childhood education and care,Italy,2019,Under 3 years - Non AROPE,27.1,,Children in formal childcare or education 
Early childhood education and care,Italy,2020,Under 3 years - Non AROPE,,,Children in formal childcare or education 
Early childhood education and care,Italy,2021,Under 3 years - Non AROPE,41.6,,Children in formal childcare or education 
Early childhood education and care,Italy,2022,Under 3 years - Non AROPE,37.3,,Children in formal childcare or education 
Early childhood education and care,Italy,2023,Under 3 years - Non AROPE,34.3,,Children in formal childcare or education 
Early childhood education and care,Italy,2024,Under 3 years - Non AROPE,46,,Children in formal childcare or education 
Early childhood education and care,Latvia,2015,Under 3 years - Non AROPE,21.8,,Children in formal childcare or education 
Early childhood education and care,Latvia,2016,Under 3 years - Non AROPE,28.9,,Children in formal childcare or education 
Early childhood education and care,Latvia,2017,Under 3 years - Non AROPE,28.4,,Children in formal childcare or education 
Early childhood education and care,Latvia,2018,Under 3 years - Non AROPE,26.6,,Children in formal childcare or education 
Early childhood education and care,Latvia,2019,Under 3 years - Non AROPE,28.4,,Children in formal childcare or education 
Early childhood education and care,Latvia,2020,Under 3 years - Non AROPE,24.4,,Children in formal childcare or education 
Early childhood education and care,Latvia,2021,Under 3 years - Non AROPE,32.6,,Children in formal childcare or education 
Early childhood education and care,Latvia,2022,Under 3 years - Non AROPE,33.1,,Children in formal childcare or education 
Early childhood education and care,Latvia,2023,Under 3 years - Non AROPE,32.7,,Children in formal childcare or education 
Early childhood education and care,Latvia,2024,Under 3 years - Non AROPE,24,,Children in formal childcare or education 
Early childhood education and care,Lithuania,2015,Under 3 years - Non AROPE,14.7,,Children in formal childcare or education 
Early childhood education and care,Lithuania,2016,Under 3 years - Non AROPE,18.6,,Children in formal childcare or education 
Early childhood education and care,Lithuania,2017,Under 3 years - Non AROPE,24.5,,Children in formal childcare or education 
Early childhood education and care,Lithuania,2018,Under 3 years - Non AROPE,19.9,,Children in formal childcare or education 
Early childhood education and care,Lithuania,2019,Under 3 years - Non AROPE,32.9,,Children in formal childcare or education 
Early childhood education and care,Lithuania,2020,Under 3 years - Non AROPE,13.7,,Children in formal childcare or education 
Early childhood education and care,Lithuania,2021,Under 3 years - Non AROPE,23.3,,Children in formal childcare or education 
Early childhood education and care,Lithuania,2022,Under 3 years - Non AROPE,22.8,,Children in formal childcare or education 
Early childhood education and care,Lithuania,2023,Under 3 years - Non AROPE,20.1,,Children in formal childcare or education 
Early childhood education and care,Lithuania,2024,Under 3 years - Non AROPE,36.8,,Children in formal childcare or education 
Early childhood education and care,Luxembourg,2015,Under 3 years - Non AROPE,53.6,,Children in formal childcare or education 
Early childhood education and care,Luxembourg,2016,Under 3 years - Non AROPE,52,,Children in formal childcare or education 
Early childhood education and care,Luxembourg,2017,Under 3 years - Non AROPE,64.2,,Children in formal childcare or education 
Early childhood education and care,Luxembourg,2018,Under 3 years - Non AROPE,63.2,,Children in formal childcare or education 
Early childhood education and care,Luxembourg,2019,Under 3 years - Non AROPE,63.8,,Children in formal childcare or education 
Early childhood education and care,Luxembourg,2020,Under 3 years - Non AROPE,68.8,b,Children in formal childcare or education 
Early childhood education and care,Luxembourg,2021,Under 3 years - Non AROPE,62,,Children in formal childcare or education 
Early childhood education and care,Luxembourg,2022,Under 3 years - Non AROPE,56.9,,Children in formal childcare or education 
Early childhood education and care,Luxembourg,2023,Under 3 years - Non AROPE,64,,Children in formal childcare or education 
Early childhood education and care,Luxembourg,2024,Under 3 years - Non AROPE,57.3,,Children in formal childcare or education 
Early childhood education and care,Malta,2015,Under 3 years - Non AROPE,21.5,,Children in formal childcare or education 
Early childhood education and care,Malta,2016,Under 3 years - Non AROPE,35.2,,Children in formal childcare or education 
Early childhood education and care,Malta,2017,Under 3 years - Non AROPE,39.1,,Children in formal childcare or education 
Early childhood education and care,Malta,2018,Under 3 years - Non AROPE,35.1,,Children in formal childcare or education 
Early childhood education and care,Malta,2019,Under 3 years - Non AROPE,42.2,,Children in formal childcare or education 
Early childhood education and care,Malta,2020,Under 3 years - Non AROPE,30.7,,Children in formal childcare or education 
Early childhood education and care,Malta,2021,Under 3 years - Non AROPE,26.7,,Children in formal childcare or education 
Early childhood education and care,Malta,2022,Under 3 years - Non AROPE,46.8,,Children in formal childcare or education 
Early childhood education and care,Malta,2023,Under 3 years - Non AROPE,56.2,,Children in formal childcare or education 
Early childhood education and care,Malta,2024,Under 3 years - Non AROPE,48.5,,Children in formal childcare or education 
Early childhood education and care,Netherlands,2015,Under 3 years - Non AROPE,49.4,,Children in formal childcare or education 
Early childhood education and care,Netherlands,2016,Under 3 years - Non AROPE,59.9,,Children in formal childcare or education 
Early childhood education and care,Netherlands,2017,Under 3 years - Non AROPE,65.9,,Children in formal childcare or education 
Early childhood education and care,Netherlands,2018,Under 3 years - Non AROPE,61,,Children in formal childcare or education 
Early childhood education and care,Netherlands,2019,Under 3 years - Non AROPE,68.7,,Children in formal childcare or education 
Early childhood education and care,Netherlands,2020,Under 3 years - Non AROPE,69.6,,Children in formal childcare or education 
Early childhood education and care,Netherlands,2021,Under 3 years - Non AROPE,79.9,,Children in formal childcare or education 
Early childhood education and care,Netherlands,2022,Under 3 years - Non AROPE,76.6,,Children in formal childcare or education 
Early childhood education and care,Netherlands,2023,Under 3 years - Non AROPE,76.6,,Children in formal childcare or education 
Early childhood education and care,Netherlands,2024,Under 3 years - Non AROPE,81.5,,Children in formal childcare or education 
Early childhood education and care,Poland,2015,Under 3 years - Non AROPE,6.6,,Children in formal childcare or education 
Early childhood education and care,Poland,2016,Under 3 years - Non AROPE,8.1,,Children in formal childcare or education 
Early childhood education and care,Poland,2017,Under 3 years - Non AROPE,12.6,,Children in formal childcare or education 
Early childhood education and care,Poland,2018,Under 3 years - Non AROPE,12.1,,Children in formal childcare or education 
Early childhood education and care,Poland,2019,Under 3 years - Non AROPE,11.2,,Children in formal childcare or education 
Early childhood education and care,Poland,2020,Under 3 years - Non AROPE,11.6,,Children in formal childcare or education 
Early childhood education and care,Poland,2021,Under 3 years - Non AROPE,19.5,,Children in formal childcare or education 
Early childhood education and care,Poland,2022,Under 3 years - Non AROPE,18,,Children in formal childcare or education 
Early childhood education and care,Poland,2023,Under 3 years - Non AROPE,14.4,,Children in formal childcare or education 
Early childhood education and care,Poland,2024,Under 3 years - Non AROPE,17.4,,Children in formal childcare or education 
Early childhood education and care,Portugal,2015,Under 3 years - Non AROPE,47,,Children in formal childcare or education 
Early childhood education and care,Portugal,2016,Under 3 years - Non AROPE,46.2,,Children in formal childcare or education 
Early childhood education and care,Portugal,2017,Under 3 years - Non AROPE,45.3,,Children in formal childcare or education 
Early childhood education and care,Portugal,2018,Under 3 years - Non AROPE,50.6,,Children in formal childcare or education 
Early childhood education and care,Portugal,2019,Under 3 years - Non AROPE,47.9,,Children in formal childcare or education 
Early childhood education and care,Portugal,2020,Under 3 years - Non AROPE,46.5,,Children in formal childcare or education 
Early childhood education and care,Portugal,2021,Under 3 years - Non AROPE,44.6,,Children in formal childcare or education 
Early childhood education and care,Portugal,2022,Under 3 years - Non AROPE,49.7,,Children in formal childcare or education 
Early childhood education and care,Portugal,2023,Under 3 years - Non AROPE,59.5,,Children in formal childcare or education 
Early childhood education and care,Portugal,2024,Under 3 years - Non AROPE,63.1,,Children in formal childcare or education 
Early childhood education and care,Romania,2015,Under 3 years - Non AROPE,10,,Children in formal childcare or education 
Early childhood education and care,Romania,2016,Under 3 years - Non AROPE,19.3,,Children in formal childcare or education 
Early childhood education and care,Romania,2017,Under 3 years - Non AROPE,17.8,,Children in formal childcare or education 
Early childhood education and care,Romania,2018,Under 3 years - Non AROPE,15.8,,Children in formal childcare or education 
Early childhood education and care,Romania,2019,Under 3 years - Non AROPE,17.1,,Children in formal childcare or education 
Early childhood education and care,Romania,2020,Under 3 years - Non AROPE,6.5,,Children in formal childcare or education 
Early childhood education and care,Romania,2021,Under 3 years - Non AROPE,15,,Children in formal childcare or education 
Early childhood education and care,Romania,2022,Under 3 years - Non AROPE,9.1,u,Children in formal childcare or education 
Early childhood education and care,Romania,2023,Under 3 years - Non AROPE,15.8,u,Children in formal childcare or education 
Early childhood education and care,Romania,2024,Under 3 years - Non AROPE,10.7,,Children in formal childcare or education 
Early childhood education and care,Slovakia,2015,Under 3 years - Non AROPE,1.3,,Children in formal childcare or education 
Early childhood education and care,Slovakia,2016,Under 3 years - Non AROPE,0.6,,Children in formal childcare or education 
Early childhood education and care,Slovakia,2017,Under 3 years - Non AROPE,0.7,,Children in formal childcare or education 
Early childhood education and care,Slovakia,2018,Under 3 years - Non AROPE,1.3,,Children in formal childcare or education 
Early childhood education and care,Slovakia,2019,Under 3 years - Non AROPE,7.6,,Children in formal childcare or education 
Early childhood education and care,Slovakia,2020,Under 3 years - Non AROPE,4.9,,Children in formal childcare or education 
Early childhood education and care,Slovakia,2021,Under 3 years - Non AROPE,1,,Children in formal childcare or education 
Early childhood education and care,Slovakia,2022,Under 3 years - Non AROPE,3,,Children in formal childcare or education 
Early childhood education and care,Slovakia,2023,Under 3 years - Non AROPE,1.5,,Children in formal childcare or education 
Early childhood education and care,Slovakia,2024,Under 3 years - Non AROPE,5.3,,Children in formal childcare or education 
Early childhood education and care,Slovenia,2015,Under 3 years - Non AROPE,39.4,,Children in formal childcare or education 
Early childhood education and care,Slovenia,2016,Under 3 years - Non AROPE,41.8,,Children in formal childcare or education 
Early childhood education and care,Slovenia,2017,Under 3 years - Non AROPE,46.2,,Children in formal childcare or education 
Early childhood education and care,Slovenia,2018,Under 3 years - Non AROPE,49.7,,Children in formal childcare or education 
Early childhood education and care,Slovenia,2019,Under 3 years - Non AROPE,49.5,,Children in formal childcare or education 
Early childhood education and care,Slovenia,2020,Under 3 years - Non AROPE,45.8,,Children in formal childcare or education 
Early childhood education and care,Slovenia,2021,Under 3 years - Non AROPE,49.4,,Children in formal childcare or education 
Early childhood education and care,Slovenia,2022,Under 3 years - Non AROPE,53.5,,Children in formal childcare or education 
Early childhood education and care,Slovenia,2023,Under 3 years - Non AROPE,58.3,,Children in formal childcare or education 
Early childhood education and care,Slovenia,2024,Under 3 years - Non AROPE,58.8,,Children in formal childcare or education 
Early childhood education and care,Spain,2015,Under 3 years - Non AROPE,41.7,,Children in formal childcare or education 
Early childhood education and care,Spain,2016,Under 3 years - Non AROPE,44.2,,Children in formal childcare or education 
Early childhood education and care,Spain,2017,Under 3 years - Non AROPE,50,,Children in formal childcare or education 
Early childhood education and care,Spain,2018,Under 3 years - Non AROPE,53.5,,Children in formal childcare or education 
Early childhood education and care,Spain,2019,Under 3 years - Non AROPE,62.6,,Children in formal childcare or education 
Early childhood education and care,Spain,2020,Under 3 years - Non AROPE,50,,Children in formal childcare or education 
Early childhood education and care,Spain,2021,Under 3 years - Non AROPE,59.9,,Children in formal childcare or education 
Early childhood education and care,Spain,2022,Under 3 years - Non AROPE,55.6,,Children in formal childcare or education 
Early childhood education and care,Spain,2023,Under 3 years - Non AROPE,61.5,,Children in formal childcare or education 
Early childhood education and care,Spain,2024,Under 3 years - Non AROPE,61.9,,Children in formal childcare or education 
Early childhood education and care,Sweden,2015,Under 3 years - Non AROPE,54.1,,Children in formal childcare or education 
Early childhood education and care,Sweden,2016,Under 3 years - Non AROPE,52.9,,Children in formal childcare or education 
Early childhood education and care,Sweden,2017,Under 3 years - Non AROPE,54.5,,Children in formal childcare or education 
Early childhood education and care,Sweden,2018,Under 3 years - Non AROPE,55,,Children in formal childcare or education 
Early childhood education and care,Sweden,2019,Under 3 years - Non AROPE,52.1,,Children in formal childcare or education 
Early childhood education and care,Sweden,2020,Under 3 years - Non AROPE,51.5,,Children in formal childcare or education 
Early childhood education and care,Sweden,2021,Under 3 years - Non AROPE,57.6,,Children in formal childcare or education 
Early childhood education and care,Sweden,2022,Under 3 years - Non AROPE,55,,Children in formal childcare or education 
Early childhood education and care,Sweden,2023,Under 3 years - Non AROPE,56.8,,Children in formal childcare or education 
Early childhood education and care,Sweden,2024,Under 3 years - Non AROPE,58.1,,Children in formal childcare or education 
Early childhood education and care,Belgium,2004,Total,6,,Net childcare cost for parents
Early childhood education and care,Belgium,2008,Total,11,,Net childcare cost for parents
Early childhood education and care,Belgium,2012,Total,11,,Net childcare cost for parents
Early childhood education and care,Belgium,2015,Total,11,,Net childcare cost for parents
Early childhood education and care,Belgium,2018,Total,10,,Net childcare cost for parents
Early childhood education and care,Belgium,2019,Total,10,,Net childcare cost for parents
Early childhood education and care,Belgium,2020,Total,10,,Net childcare cost for parents
Early childhood education and care,Belgium,2021,Total,10,,Net childcare cost for parents
Early childhood education and care,Belgium,2022,Total,9,,Net childcare cost for parents
Early childhood education and care,Belgium,2023,Total,10,,Net childcare cost for parents
Early childhood education and care,Czechia,2004,Total,29,,Net childcare cost for parents
Early childhood education and care,Czechia,2008,Total,40,,Net childcare cost for parents
Early childhood education and care,Czechia,2012,Total,47,,Net childcare cost for parents
Early childhood education and care,Czechia,2015,Total,24,,Net childcare cost for parents
Early childhood education and care,Czechia,2018,Total,17,,Net childcare cost for parents
Early childhood education and care,Czechia,2019,Total,15,,Net childcare cost for parents
Early childhood education and care,Czechia,2020,Total,14,,Net childcare cost for parents
Early childhood education and care,Czechia,2021,Total,20,,Net childcare cost for parents
Early childhood education and care,Czechia,2022,Total,20,,Net childcare cost for parents
Early childhood education and care,Czechia,2023,Total,15,,Net childcare cost for parents
Early childhood education and care,Estonia,2012,Total,3,,Net childcare cost for parents
Early childhood education and care,Estonia,2015,Total,6,,Net childcare cost for parents
Early childhood education and care,Estonia,2018,Total,5,,Net childcare cost for parents
Early childhood education and care,Estonia,2019,Total,5,,Net childcare cost for parents
Early childhood education and care,Estonia,2020,Total,2,,Net childcare cost for parents
Early childhood education and care,Estonia,2021,Total,2,,Net childcare cost for parents
Early childhood education and care,Estonia,2022,Total,0,,Net childcare cost for parents
Early childhood education and care,Estonia,2023,Total,0,,Net childcare cost for parents
Early childhood education and care,Estonia,2023,Total,0,,Net childcare cost for parents
Early childhood education and care,France,2004,Total,8,,Net childcare cost for parents
Early childhood education and care,France,2008,Total,6,,Net childcare cost for parents
Early childhood education and care,France,2012,Total,6,,Net childcare cost for parents
Early childhood education and care,France,2015,Total,6,,Net childcare cost for parents
Early childhood education and care,France,2018,Total,7,,Net childcare cost for parents
Early childhood education and care,France,2019,Total,7,,Net childcare cost for parents
Early childhood education and care,France,2020,Total,7,,Net childcare cost for parents
Early childhood education and care,France,2021,Total,7,,Net childcare cost for parents
Early childhood education and care,France,2022,Total,7,,Net childcare cost for parents
Early childhood education and care,France,2023,Total,7,,Net childcare cost for parents
Early childhood education and care,Germany,2018,Total,6,,Net childcare cost for parents
Early childhood education and care,Germany,2019,Total,5,,Net childcare cost for parents
Early childhood education and care,Germany,2020,Total,1,,Net childcare cost for parents
Early childhood education and care,Germany,2021,Total,1,,Net childcare cost for parents
Early childhood education and care,Germany,2022,Total,1,,Net childcare cost for parents
Early childhood education and care,Germany,2023,Total,1,,Net childcare cost for parents
Early childhood education and care,Greece,2004,Total,5,,Net childcare cost for parents
Early childhood education and care,Greece,2008,Total,5,,Net childcare cost for parents
Early childhood education and care,Greece,2012,Total,6,,Net childcare cost for parents
Early childhood education and care,Greece,2015,Total,6,,Net childcare cost for parents
Early childhood education and care,Greece,2018,Total,6,,Net childcare cost for parents
Early childhood education and care,Greece,2019,Total,4,,Net childcare cost for parents
Early childhood education and care,Greece,2020,Total,5,,Net childcare cost for parents
Early childhood education and care,Greece,2021,Total,4,,Net childcare cost for parents
Early childhood education and care,Greece,2022,Total,4,,Net childcare cost for parents
Early childhood education and care,Greece,2023,Total,5,,Net childcare cost for parents
Early childhood education and care,Hungary,2004,Total,8,,Net childcare cost for parents
Early childhood education and care,Hungary,2008,Total,6,,Net childcare cost for parents
Early childhood education and care,Hungary,2012,Total,5,,Net childcare cost for parents
Early childhood education and care,Hungary,2015,Total,7,,Net childcare cost for parents
Early childhood education and care,Hungary,2018,Total,19,,Net childcare cost for parents
Early childhood education and care,Hungary,2019,Total,10,,Net childcare cost for parents
Early childhood education and care,Hungary,2020,Total,10,,Net childcare cost for parents
Early childhood education and care,Hungary,2021,Total,10,,Net childcare cost for parents
Early childhood education and care,Hungary,2022,Total,7,,Net childcare cost for parents
Early childhood education and care,Hungary,2023,Total,5,,Net childcare cost for parents
Early childhood education and care,Ireland,2004,Total,37,,Net childcare cost for parents
Early childhood education and care,Ireland,2008,Total,33,,Net childcare cost for parents
Early childhood education and care,Ireland,2012,Total,30,,Net childcare cost for parents
Early childhood education and care,Ireland,2015,Total,29,,Net childcare cost for parents
Early childhood education and care,Ireland,2018,Total,27,,Net childcare cost for parents
Early childhood education and care,Ireland,2019,Total,25,,Net childcare cost for parents
Early childhood education and care,Ireland,2020,Total,23,,Net childcare cost for parents
Early childhood education and care,Ireland,2021,Total,23,,Net childcare cost for parents
Early childhood education and care,Ireland,2022,Total,25,,Net childcare cost for parents
Early childhood education and care,Ireland,2023,Total,19,,Net childcare cost for parents
Early childhood education and care,Latvia,2012,Total,12,,Net childcare cost for parents
Early childhood education and care,Latvia,2015,Total,12,,Net childcare cost for parents
Early childhood education and care,Latvia,2018,Total,16,,Net childcare cost for parents
Early childhood education and care,Latvia,2019,Total,13,,Net childcare cost for parents
Early childhood education and care,Latvia,2020,Total,0,,Net childcare cost for parents
Early childhood education and care,Latvia,2021,Total,0,,Net childcare cost for parents
Early childhood education and care,Latvia,2022,Total,0,,Net childcare cost for parents
Early childhood education and care,Latvia,2023,Total,0,,Net childcare cost for parents
Early childhood education and care,Latvia,2023,Total,6,,Net childcare cost for parents
Early childhood education and care,Lithuania,2012,Total,12,,Net childcare cost for parents
Early childhood education and care,Lithuania,2015,Total,15,,Net childcare cost for parents
Early childhood education and care,Lithuania,2018,Total,16,,Net childcare cost for parents
Early childhood education and care,Lithuania,2019,Total,14,,Net childcare cost for parents
Early childhood education and care,Lithuania,2020,Total,9,,Net childcare cost for parents
Early childhood education and care,Lithuania,2021,Total,10,,Net childcare cost for parents
Early childhood education and care,Lithuania,2022,Total,9,,Net childcare cost for parents
Early childhood education and care,Lithuania,2023,Total,8,,Net childcare cost for parents
Early childhood education and care,Lithuania,2023,Total,8,,Net childcare cost for parents
Early childhood education and care,Luxembourg,2004,Total,6,,Net childcare cost for parents
Early childhood education and care,Luxembourg,2008,Total,5,,Net childcare cost for parents
Early childhood education and care,Luxembourg,2012,Total,11,,Net childcare cost for parents
Early childhood education and care,Luxembourg,2015,Total,12,,Net childcare cost for parents
Early childhood education and care,Luxembourg,2018,Total,3,,Net childcare cost for parents
Early childhood education and care,Luxembourg,2019,Total,3,,Net childcare cost for parents
Early childhood education and care,Luxembourg,2020,Total,3,,Net childcare cost for parents
Early childhood education and care,Luxembourg,2021,Total,3,,Net childcare cost for parents
Early childhood education and care,Luxembourg,2022,Total,3,,Net childcare cost for parents
Early childhood education and care,Luxembourg,2023,Total,2,,Net childcare cost for parents
Early childhood education and care,Netherlands,2004,Total,10,,Net childcare cost for parents
Early childhood education and care,Netherlands,2008,Total,6,,Net childcare cost for parents
Early childhood education and care,Netherlands,2012,Total,15,,Net childcare cost for parents
Early childhood education and care,Netherlands,2015,Total,16,,Net childcare cost for parents
Early childhood education and care,Netherlands,2018,Total,10,,Net childcare cost for parents
Early childhood education and care,Netherlands,2019,Total,9,,Net childcare cost for parents
Early childhood education and care,Netherlands,2020,Total,9,,Net childcare cost for parents
Early childhood education and care,Netherlands,2021,Total,10,,Net childcare cost for parents
Early childhood education and care,Netherlands,2022,Total,11,,Net childcare cost for parents
Early childhood education and care,Netherlands,2023,Total,11,,Net childcare cost for parents
Early childhood education and care,Poland,2004,Total,21,,Net childcare cost for parents
Early childhood education and care,Poland,2008,Total,21,,Net childcare cost for parents
Early childhood education and care,Poland,2012,Total,20,,Net childcare cost for parents
Early childhood education and care,Poland,2015,Total,21,,Net childcare cost for parents
Early childhood education and care,Poland,2018,Total,15,,Net childcare cost for parents
Early childhood education and care,Poland,2019,Total,6,,Net childcare cost for parents
Early childhood education and care,Poland,2020,Total,9,,Net childcare cost for parents
Early childhood education and care,Poland,2021,Total,9,,Net childcare cost for parents
Early childhood education and care,Poland,2022,Total,8,,Net childcare cost for parents
Early childhood education and care,Poland,2023,Total,9,,Net childcare cost for parents
Early childhood education and care,Portugal,2004,Total,3,,Net childcare cost for parents
Early childhood education and care,Portugal,2008,Total,0,,Net childcare cost for parents
Early childhood education and care,Portugal,2012,Total,6,,Net childcare cost for parents
Early childhood education and care,Portugal,2015,Total,4,,Net childcare cost for parents
Early childhood education and care,Portugal,2018,Total,5,,Net childcare cost for parents
Early childhood education and care,Portugal,2019,Total,4,,Net childcare cost for parents
Early childhood education and care,Portugal,2020,Total,5,,Net childcare cost for parents
Early childhood education and care,Portugal,2021,Total,5,,Net childcare cost for parents
Early childhood education and care,Portugal,2022,Total,5,,Net childcare cost for parents
Early childhood education and care,Portugal,2023,Total,4,,Net childcare cost for parents
Early childhood education and care,Slovak Republic,2004,Total,18,,Net childcare cost for parents
Early childhood education and care,Slovak Republic,2008,Total,28,,Net childcare cost for parents
Early childhood education and care,Slovak Republic,2012,Total,8,,Net childcare cost for parents
Early childhood education and care,Slovak Republic,2015,Total,9,,Net childcare cost for parents
Early childhood education and care,Slovak Republic,2018,Total,9,,Net childcare cost for parents
Early childhood education and care,Slovak Republic,2019,Total,11,,Net childcare cost for parents
Early childhood education and care,Slovak Republic,2020,Total,14,,Net childcare cost for parents
Early childhood education and care,Slovak Republic,2021,Total,13,,Net childcare cost for parents
Early childhood education and care,Slovak Republic,2022,Total,12,,Net childcare cost for parents
Early childhood education and care,Slovak Republic,2023,Total,17,,Net childcare cost for parents
Early childhood education and care,Slovenia,2012,Total,12,,Net childcare cost for parents
Early childhood education and care,Slovenia,2015,Total,12,,Net childcare cost for parents
Early childhood education and care,Slovenia,2018,Total,11,,Net childcare cost for parents
Early childhood education and care,Slovenia,2019,Total,10,,Net childcare cost for parents
Early childhood education and care,Slovenia,2020,Total,10,,Net childcare cost for parents
Early childhood education and care,Slovenia,2021,Total,10,,Net childcare cost for parents
Early childhood education and care,Slovenia,2022,Total,10,,Net childcare cost for parents
Early childhood education and care,Slovenia,2023,Total,8,,Net childcare cost for parents
Early childhood education and care,Slovenia,2023,Total,7,,Net childcare cost for parents
Early childhood education and care,Spain,2004,Total,10,,Net childcare cost for parents
Early childhood education and care,Spain,2008,Total,8,,Net childcare cost for parents
Early childhood education and care,Spain,2012,Total,8,,Net childcare cost for parents
Early childhood education and care,Spain,2015,Total,6,,Net childcare cost for parents
Early childhood education and care,Spain,2018,Total,6,,Net childcare cost for parents
Early childhood education and care,Spain,2019,Total,15,,Net childcare cost for parents
Early childhood education and care,Spain,2020,Total,9,,Net childcare cost for parents
Early childhood education and care,Spain,2021,Total,9,,Net childcare cost for parents
Early childhood education and care,Spain,2022,Total,9,,Net childcare cost for parents
Early childhood education and care,Spain,2023,Total,8,,Net childcare cost for parents
Early childhood education and care,Bulgaria,2012,Total,13,,Net childcare cost for parents
Early childhood education and care,Bulgaria,2015,Total,14,,Net childcare cost for parents
Early childhood education and care,Bulgaria,2018,Total,12,,Net childcare cost for parents
Early childhood education and care,Bulgaria,2019,Total,9,,Net childcare cost for parents
Early childhood education and care,Bulgaria,2020,Total,8,,Net childcare cost for parents
Early childhood education and care,Bulgaria,2021,Total,8,,Net childcare cost for parents
Early childhood education and care,Bulgaria,2022,Total,7,,Net childcare cost for parents
Early childhood education and care,Bulgaria,2023,Total,0,,Net childcare cost for parents
Early childhood education and care,Bulgaria,2023,Total,0,,Net childcare cost for parents
Early childhood education and care,Croatia,2018,Total,4,,Net childcare cost for parents
Early childhood education and care,Croatia,2019,Total,3,,Net childcare cost for parents
Early childhood education and care,Croatia,2020,Total,3,,Net childcare cost for parents
Early childhood education and care,Croatia,2021,Total,3,,Net childcare cost for parents
Early childhood education and care,Croatia,2022,Total,3,,Net childcare cost for parents
Early childhood education and care,Croatia,2023,Total,5,,Net childcare cost for parents
Early childhood education and care,Cyprus,2023,Total,8,,Net childcare cost for parents
Early childhood education and care,Malta,2012,Total,25,,Net childcare cost for parents
Early childhood education and care,Malta,2015,Total,25,,Net childcare cost for parents
Early childhood education and care,Malta,2018,Total,0,,Net childcare cost for parents
Early childhood education and care,Malta,2019,Total,0,,Net childcare cost for parents
Early childhood education and care,Malta,2020,Total,0,,Net childcare cost for parents
Early childhood education and care,Malta,2021,Total,0,,Net childcare cost for parents
Early childhood education and care,Malta,2022,Total,0,,Net childcare cost for parents
Early childhood education and care,Malta,2023,Total,0,,Net childcare cost for parents
Early childhood education and care,Malta,2023,Total,0,,Net childcare cost for parents
Early childhood education and care,Romania,2012,Total,0,,Net childcare cost for parents
Early childhood education and care,Romania,2015,Total,0,,Net childcare cost for parents
Early childhood education and care,Romania,2018,Total,0,,Net childcare cost for parents
Early childhood education and care,Romania,2019,Total,13,,Net childcare cost for parents
Early childhood education and care,Romania,2020,Total,11,,Net childcare cost for parents
Early childhood education and care,Romania,2021,Total,11,,Net childcare cost for parents
Early childhood education and care,Romania,2022,Total,10,,Net childcare cost for parents
Early childhood education and care,Romania,2023,Total,9,,Net childcare cost for parents
Early childhood education and care,Romania,2023,Total,11,,Net childcare cost for parents
Child poverty,Belgium,2015,Total,24.1,,Children (aged less than 18) at risk of poverty or social exclusion
Child poverty,Bulgaria,2015,Total,47.5,,Children (aged less than 18) at risk of poverty or social exclusion
Child poverty,Czechia,2015,Total,17.8,,Children (aged less than 18) at risk of poverty or social exclusion
Child poverty,Denmark,2015,Total,16.2,,Children (aged less than 18) at risk of poverty or social exclusion
Child poverty,Germany,2015,Total,19.3,,Children (aged less than 18) at risk of poverty or social exclusion
Child poverty,Estonia,2015,Total,22.2,,Children (aged less than 18) at risk of poverty or social exclusion
Child poverty,Ireland,2015,Total,29.2,,Children (aged less than 18) at risk of poverty or social exclusion
Child poverty,Greece,2015,Total,37.7,,Children (aged less than 18) at risk of poverty or social exclusion
Child poverty,Spain,2015,Total,34,,Children (aged less than 18) at risk of poverty or social exclusion
Child poverty,France,2015,Total,22.4,,Children (aged less than 18) at risk of poverty or social exclusion
Child poverty,Croatia,2015,Total,25.2,,Children (aged less than 18) at risk of poverty or social exclusion
Child poverty,Italy,2015,Total,34.1,,Children (aged less than 18) at risk of poverty or social exclusion
Child poverty,Cyprus,2015,Total,22.9,,Children (aged less than 18) at risk of poverty or social exclusion
Child poverty,Latvia,2015,Total,30.7,,Children (aged less than 18) at risk of poverty or social exclusion
Child poverty,Lithuania,2015,Total,34.8,,Children (aged less than 18) at risk of poverty or social exclusion
Child poverty,Luxembourg,2015,Total,23.3,,Children (aged less than 18) at risk of poverty or social exclusion
Child poverty,Hungary,2015,Total,40.3,,Children (aged less than 18) at risk of poverty or social exclusion
Child poverty,Malta,2015,Total,27.8,,Children (aged less than 18) at risk of poverty or social exclusion
Child poverty,Netherlands,2015,Total,17.1,,Children (aged less than 18) at risk of poverty or social exclusion
Child poverty,Austria,2015,Total,22.2,,Children (aged less than 18) at risk of poverty or social exclusion
Child poverty,Poland,2015,Total,26.8,,Children (aged less than 18) at risk of poverty or social exclusion
Child poverty,Portugal,2015,Total,31.2,,Children (aged less than 18) at risk of poverty or social exclusion
Child poverty,Romania,2015,Total,53.4,,Children (aged less than 18) at risk of poverty or social exclusion
Child poverty,Slovenia,2015,Total,16.6,,Children (aged less than 18) at risk of poverty or social exclusion
Child poverty,Slovakia,2015,Total,24.7,,Children (aged less than 18) at risk of poverty or social exclusion
Child poverty,Finland,2015,Total,14.5,,Children (aged less than 18) at risk of poverty or social exclusion
Child poverty,Sweden,2015,Total,19.7,,Children (aged less than 18) at risk of poverty or social exclusion
Child poverty,Belgium,2016,Total,23.5,,Children (aged less than 18) at risk of poverty or social exclusion
Child poverty,Bulgaria,2016,Total,47.3,b,Children (aged less than 18) at risk of poverty or social exclusion
Child poverty,Czechia,2016,Total,16.4,,Children (aged less than 18) at risk of poverty or social exclusion
Child poverty,Denmark,2016,Total,14,,Children (aged less than 18) at risk of poverty or social exclusion
Child poverty,Germany,2016,Total,20.6,,Children (aged less than 18) at risk of poverty or social exclusion
Child poverty,Estonia,2016,Total,19.7,,Children (aged less than 18) at risk of poverty or social exclusion
Child poverty,Ireland,2016,Total,26.8,,Children (aged less than 18) at risk of poverty or social exclusion
Child poverty,Greece,2016,Total,37.2,,Children (aged less than 18) at risk of poverty or social exclusion
Child poverty,Spain,2016,Total,33.7,,Children (aged less than 18) at risk of poverty or social exclusion
Child poverty,France,2016,Total,23.8,,Children (aged less than 18) at risk of poverty or social exclusion
Child poverty,Croatia,2016,Total,24.4,,Children (aged less than 18) at risk of poverty or social exclusion
Child poverty,Italy,2016,Total,32.7,,Children (aged less than 18) at risk of poverty or social exclusion
Child poverty,Cyprus,2016,Total,23.2,,Children (aged less than 18) at risk of poverty or social exclusion
Child poverty,Latvia,2016,Total,25.9,,Children (aged less than 18) at risk of poverty or social exclusion
Child poverty,Lithuania,2016,Total,33.2,,Children (aged less than 18) at risk of poverty or social exclusion
Child poverty,Luxembourg,2016,Total,22.2,b,Children (aged less than 18) at risk of poverty or social exclusion
Child poverty,Hungary,2016,Total,38.6,,Children (aged less than 18) at risk of poverty or social exclusion
Child poverty,Malta,2016,Total,23.7,,Children (aged less than 18) at risk of poverty or social exclusion
Child poverty,Netherlands,2016,Total,17.2,b,Children (aged less than 18) at risk of poverty or social exclusion
Child poverty,Austria,2016,Total,20.5,,Children (aged less than 18) at risk of poverty or social exclusion
Child poverty,Poland,2016,Total,23.5,,Children (aged less than 18) at risk of poverty or social exclusion
Child poverty,Portugal,2016,Total,27.5,,Children (aged less than 18) at risk of poverty or social exclusion
Child poverty,Romania,2016,Total,56,,Children (aged less than 18) at risk of poverty or social exclusion
Child poverty,Slovenia,2016,Total,14.5,,Children (aged less than 18) at risk of poverty or social exclusion
Child poverty,Slovakia,2016,Total,24.5,,Children (aged less than 18) at risk of poverty or social exclusion
Child poverty,Finland,2016,Total,14.1,,Children (aged less than 18) at risk of poverty or social exclusion
Child poverty,Sweden,2016,Total,19.7,,Children (aged less than 18) at risk of poverty or social exclusion
Child poverty,Belgium,2017,Total,24.2,,Children (aged less than 18) at risk of poverty or social exclusion
Child poverty,Bulgaria,2017,Total,42.4,,Children (aged less than 18) at risk of poverty or social exclusion
Child poverty,Czechia,2017,Total,14.3,,Children (aged less than 18) at risk of poverty or social exclusion
Child poverty,Denmark,2017,Total,15.1,,Children (aged less than 18) at risk of poverty or social exclusion
Child poverty,Germany,2017,Total,18.6,,Children (aged less than 18) at risk of poverty or social exclusion
Child poverty,Estonia,2017,Total,18.8,,Children (aged less than 18) at risk of poverty or social exclusion
Child poverty,Ireland,2017,Total,26,,Children (aged less than 18) at risk of poverty or social exclusion
Child poverty,Greece,2017,Total,36.5,,Children (aged less than 18) at risk of poverty or social exclusion
Child poverty,Spain,2017,Total,31.9,,Children (aged less than 18) at risk of poverty or social exclusion
Child poverty,France,2017,Total,23.5,,Children (aged less than 18) at risk of poverty or social exclusion
Child poverty,Croatia,2017,Total,24.5,,Children (aged less than 18) at risk of poverty or social exclusion
Child poverty,Italy,2017,Total,30.8,,Children (aged less than 18) at risk of poverty or social exclusion
Child poverty,Cyprus,2017,Total,21.7,,Children (aged less than 18) at risk of poverty or social exclusion
Child poverty,Latvia,2017,Total,25,,Children (aged less than 18) at risk of poverty or social exclusion
Child poverty,Lithuania,2017,Total,31.3,,Children (aged less than 18) at risk of poverty or social exclusion
Child poverty,Luxembourg,2017,Total,21.5,,Children (aged less than 18) at risk of poverty or social exclusion
Child poverty,Hungary,2017,Total,33.5,,Children (aged less than 18) at risk of poverty or social exclusion
Child poverty,Malta,2017,Total,23.6,,Children (aged less than 18) at risk of poverty or social exclusion
Child poverty,Netherlands,2017,Total,16.4,,Children (aged less than 18) at risk of poverty or social exclusion
Child poverty,Austria,2017,Total,22.7,,Children (aged less than 18) at risk of poverty or social exclusion
Child poverty,Poland,2017,Total,17.8,,Children (aged less than 18) at risk of poverty or social exclusion
Child poverty,Portugal,2017,Total,24.6,,Children (aged less than 18) at risk of poverty or social exclusion
Child poverty,Romania,2017,Total,48.7,,Children (aged less than 18) at risk of poverty or social exclusion
Child poverty,Slovenia,2017,Total,15.6,,Children (aged less than 18) at risk of poverty or social exclusion
Child poverty,Slovakia,2017,Total,22.7,,Children (aged less than 18) at risk of poverty or social exclusion
Child poverty,Finland,2017,Total,15,,Children (aged less than 18) at risk of poverty or social exclusion
Child poverty,Sweden,2017,Total,19.4,,Children (aged less than 18) at risk of poverty or social exclusion
Child poverty,Belgium,2018,Total,23.5,,Children (aged less than 18) at risk of poverty or social exclusion
Child poverty,Bulgaria,2018,Total,33.5,,Children (aged less than 18) at risk of poverty or social exclusion
Child poverty,Czechia,2018,Total,13,,Children (aged less than 18) at risk of poverty or social exclusion
Child poverty,Denmark,2018,Total,15.4,,Children (aged less than 18) at risk of poverty or social exclusion
Child poverty,Germany,2018,Total,17.5,,Children (aged less than 18) at risk of poverty or social exclusion
Child poverty,Estonia,2018,Total,17,,Children (aged less than 18) at risk of poverty or social exclusion
Child poverty,Ireland,2018,Total,24.7,,Children (aged less than 18) at risk of poverty or social exclusion
Child poverty,Greece,2018,Total,34.1,,Children (aged less than 18) at risk of poverty or social exclusion
Child poverty,Spain,2018,Total,30.5,,Children (aged less than 18) at risk of poverty or social exclusion
Child poverty,France,2018,Total,24,,Children (aged less than 18) at risk of poverty or social exclusion
Child poverty,Croatia,2018,Total,22.2,,Children (aged less than 18) at risk of poverty or social exclusion
Child poverty,Italy,2018,Total,29.6,,Children (aged less than 18) at risk of poverty or social exclusion
Child poverty,Cyprus,2018,Total,20.5,,Children (aged less than 18) at risk of poverty or social exclusion
Child poverty,Latvia,2018,Total,23.6,,Children (aged less than 18) at risk of poverty or social exclusion
Child poverty,Lithuania,2018,Total,28.8,,Children (aged less than 18) at risk of poverty or social exclusion
Child poverty,Luxembourg,2018,Total,23.4,,Children (aged less than 18) at risk of poverty or social exclusion
Child poverty,Hungary,2018,Total,26.4,,Children (aged less than 18) at risk of poverty or social exclusion
Child poverty,Malta,2018,Total,23.3,,Children (aged less than 18) at risk of poverty or social exclusion
Child poverty,Netherlands,2018,Total,15.1,,Children (aged less than 18) at risk of poverty or social exclusion
Child poverty,Austria,2018,Total,21.6,,Children (aged less than 18) at risk of poverty or social exclusion
Child poverty,Poland,2018,Total,16.9,,Children (aged less than 18) at risk of poverty or social exclusion
Child poverty,Portugal,2018,Total,22.4,,Children (aged less than 18) at risk of poverty or social exclusion
Child poverty,Romania,2018,Total,44.2,,Children (aged less than 18) at risk of poverty or social exclusion
Child poverty,Slovenia,2018,Total,13.1,,Children (aged less than 18) at risk of poverty or social exclusion
Child poverty,Slovakia,2018,Total,23.3,,Children (aged less than 18) at risk of poverty or social exclusion
Child poverty,Finland,2018,Total,15.9,,Children (aged less than 18) at risk of poverty or social exclusion
Child poverty,Sweden,2018,Total,20.5,,Children (aged less than 18) at risk of poverty or social exclusion
Child poverty,Belgium,2019,Total,23,b,Children (aged less than 18) at risk of poverty or social exclusion
Child poverty,Bulgaria,2019,Total,35.8,,Children (aged less than 18) at risk of poverty or social exclusion
Child poverty,Czechia,2019,Total,13,,Children (aged less than 18) at risk of poverty or social exclusion
Child poverty,Denmark,2019,Total,13.8,,Children (aged less than 18) at risk of poverty or social exclusion
Child poverty,Germany,2019,Total,20.4,be,Children (aged less than 18) at risk of poverty or social exclusion
Child poverty,Estonia,2019,Total,19.7,,Children (aged less than 18) at risk of poverty or social exclusion
Child poverty,Ireland,2019,Total,23.9,,Children (aged less than 18) at risk of poverty or social exclusion
Child poverty,Greece,2019,Total,31.2,,Children (aged less than 18) at risk of poverty or social exclusion
Child poverty,Spain,2019,Total,31,,Children (aged less than 18) at risk of poverty or social exclusion
Child poverty,France,2019,Total,24.1,,Children (aged less than 18) at risk of poverty or social exclusion
Child poverty,Croatia,2019,Total,19.1,,Children (aged less than 18) at risk of poverty or social exclusion
Child poverty,Italy,2019,Total,27.1,,Children (aged less than 18) at risk of poverty or social exclusion
Child poverty,Cyprus,2019,Total,20.3,,Children (aged less than 18) at risk of poverty or social exclusion
Child poverty,Latvia,2019,Total,18.7,,Children (aged less than 18) at risk of poverty or social exclusion
Child poverty,Lithuania,2019,Total,25.8,,Children (aged less than 18) at risk of poverty or social exclusion
Child poverty,Luxembourg,2019,Total,25.4,,Children (aged less than 18) at risk of poverty or social exclusion
Child poverty,Hungary,2019,Total,24.1,,Children (aged less than 18) at risk of poverty or social exclusion
Child poverty,Malta,2019,Total,23.7,,Children (aged less than 18) at risk of poverty or social exclusion
Child poverty,Netherlands,2019,Total,15.4,,Children (aged less than 18) at risk of poverty or social exclusion
Child poverty,Austria,2019,Total,20.1,,Children (aged less than 18) at risk of poverty or social exclusion
Child poverty,Poland,2019,Total,16.2,,Children (aged less than 18) at risk of poverty or social exclusion
Child poverty,Portugal,2019,Total,21.9,,Children (aged less than 18) at risk of poverty or social exclusion
Child poverty,Romania,2019,Total,39.1,,Children (aged less than 18) at risk of poverty or social exclusion
Child poverty,Slovenia,2019,Total,11.6,,Children (aged less than 18) at risk of poverty or social exclusion
Child poverty,Slovakia,2019,Total,21,,Children (aged less than 18) at risk of poverty or social exclusion
Child poverty,Finland,2019,Total,13.8,b,Children (aged less than 18) at risk of poverty or social exclusion
Child poverty,Sweden,2019,Total,23,,Children (aged less than 18) at risk of poverty or social exclusion
Child poverty,Belgium,2020,Total,22,,Children (aged less than 18) at risk of poverty or social exclusion
Child poverty,Bulgaria,2020,Total,35.5,,Children (aged less than 18) at risk of poverty or social exclusion
Child poverty,Czechia,2020,Total,12.9,,Children (aged less than 18) at risk of poverty or social exclusion
Child poverty,Denmark,2020,Total,13.4,b,Children (aged less than 18) at risk of poverty or social exclusion
Child poverty,Germany,2020,Total,22.3,,Children (aged less than 18) at risk of poverty or social exclusion
Child poverty,Estonia,2020,Total,17.4,,Children (aged less than 18) at risk of poverty or social exclusion
Child poverty,Ireland,2020,Total,23.5,b,Children (aged less than 18) at risk of poverty or social exclusion
Child poverty,Greece,2020,Total,30.8,,Children (aged less than 18) at risk of poverty or social exclusion
Child poverty,Spain,2020,Total,31.6,,Children (aged less than 18) at risk of poverty or social exclusion
Child poverty,France,2020,Total,23.9,b,Children (aged less than 18) at risk of poverty or social exclusion
Child poverty,Croatia,2020,Total,18.4,,Children (aged less than 18) at risk of poverty or social exclusion
Child poverty,Italy,2020,Total,28.9,,Children (aged less than 18) at risk of poverty or social exclusion
Child poverty,Cyprus,2020,Total,19,,Children (aged less than 18) at risk of poverty or social exclusion
Child poverty,Latvia,2020,Total,19.7,,Children (aged less than 18) at risk of poverty or social exclusion
Child poverty,Lithuania,2020,Total,23.1,,Children (aged less than 18) at risk of poverty or social exclusion
Child poverty,Luxembourg,2020,Total,24.2,b,Children (aged less than 18) at risk of poverty or social exclusion
Child poverty,Hungary,2020,Total,21.7,,Children (aged less than 18) at risk of poverty or social exclusion
Child poverty,Malta,2020,Total,22.3,,Children (aged less than 18) at risk of poverty or social exclusion
Child poverty,Netherlands,2020,Total,15.8,,Children (aged less than 18) at risk of poverty or social exclusion
Child poverty,Austria,2020,Total,21.9,,Children (aged less than 18) at risk of poverty or social exclusion
Child poverty,Poland,2020,Total,16.1,,Children (aged less than 18) at risk of poverty or social exclusion
Child poverty,Portugal,2020,Total,21.9,,Children (aged less than 18) at risk of poverty or social exclusion
Child poverty,Romania,2020,Total,40.7,,Children (aged less than 18) at risk of poverty or social exclusion
Child poverty,Slovenia,2020,Total,12.1,,Children (aged less than 18) at risk of poverty or social exclusion
Child poverty,Slovakia,2020,Total,18.4,,Children (aged less than 18) at risk of poverty or social exclusion
Child poverty,Finland,2020,Total,14.5,,Children (aged less than 18) at risk of poverty or social exclusion
Child poverty,Sweden,2020,Total,20.2,,Children (aged less than 18) at risk of poverty or social exclusion
Child poverty,Belgium,2021,Total,20.5,,Children (aged less than 18) at risk of poverty or social exclusion
Child poverty,Bulgaria,2021,Total,33,,Children (aged less than 18) at risk of poverty or social exclusion
Child poverty,Czechia,2021,Total,13.7,,Children (aged less than 18) at risk of poverty or social exclusion
Child poverty,Denmark,2021,Total,14,,Children (aged less than 18) at risk of poverty or social exclusion
Child poverty,Germany,2021,Total,23.7,,Children (aged less than 18) at risk of poverty or social exclusion
Child poverty,Estonia,2021,Total,17.4,,Children (aged less than 18) at risk of poverty or social exclusion
Child poverty,Ireland,2021,Total,22.8,,Children (aged less than 18) at risk of poverty or social exclusion
Child poverty,Greece,2021,Total,32,,Children (aged less than 18) at risk of poverty or social exclusion
Child poverty,Spain,2021,Total,33.4,,Children (aged less than 18) at risk of poverty or social exclusion
Child poverty,France,2021,Total,22.8,,Children (aged less than 18) at risk of poverty or social exclusion
Child poverty,Croatia,2021,Total,18.6,,Children (aged less than 18) at risk of poverty or social exclusion
Child poverty,Italy,2021,Total,29.7,,Children (aged less than 18) at risk of poverty or social exclusion
Child poverty,Cyprus,2021,Total,19.2,,Children (aged less than 18) at risk of poverty or social exclusion
Child poverty,Latvia,2021,Total,20.1,,Children (aged less than 18) at risk of poverty or social exclusion
Child poverty,Lithuania,2021,Total,21.6,,Children (aged less than 18) at risk of poverty or social exclusion
Child poverty,Luxembourg,2021,Total,29.4,b,Children (aged less than 18) at risk of poverty or social exclusion
Child poverty,Hungary,2021,Total,23.3,,Children (aged less than 18) at risk of poverty or social exclusion
Child poverty,Malta,2021,Total,23.2,,Children (aged less than 18) at risk of poverty or social exclusion
Child poverty,Netherlands,2021,Total,14.9,,Children (aged less than 18) at risk of poverty or social exclusion
Child poverty,Austria,2021,Total,22.8,,Children (aged less than 18) at risk of poverty or social exclusion
Child poverty,Poland,2021,Total,16.5,,Children (aged less than 18) at risk of poverty or social exclusion
Child poverty,Portugal,2021,Total,22.9,,Children (aged less than 18) at risk of poverty or social exclusion
Child poverty,Romania,2021,Total,41.5,,Children (aged less than 18) at risk of poverty or social exclusion
Child poverty,Slovenia,2021,Total,11,,Children (aged less than 18) at risk of poverty or social exclusion
Child poverty,Slovakia,2021,Total,19.7,,Children (aged less than 18) at risk of poverty or social exclusion
Child poverty,Finland,2021,Total,13.2,,Children (aged less than 18) at risk of poverty or social exclusion
Child poverty,Sweden,2021,Total,19.7,,Children (aged less than 18) at risk of poverty or social exclusion
Child poverty,Belgium,2022,Total,19.6,,Children (aged less than 18) at risk of poverty or social exclusion
Child poverty,Bulgaria,2022,Total,33.9,,Children (aged less than 18) at risk of poverty or social exclusion
Child poverty,Czechia,2022,Total,13.4,,Children (aged less than 18) at risk of poverty or social exclusion
Child poverty,Denmark,2022,Total,13.8,,Children (aged less than 18) at risk of poverty or social exclusion
Child poverty,Germany,2022,Total,24,,Children (aged less than 18) at risk of poverty or social exclusion
Child poverty,Estonia,2022,Total,16.6,,Children (aged less than 18) at risk of poverty or social exclusion
Child poverty,Ireland,2022,Total,22.7,,Children (aged less than 18) at risk of poverty or social exclusion
Child poverty,Greece,2022,Total,28.1,,Children (aged less than 18) at risk of poverty or social exclusion
Child poverty,Spain,2022,Total,32.2,,Children (aged less than 18) at risk of poverty or social exclusion
Child poverty,France,2022,Total,27.5,b,Children (aged less than 18) at risk of poverty or social exclusion
Child poverty,Croatia,2022,Total,18.1,,Children (aged less than 18) at risk of poverty or social exclusion
Child poverty,Italy,2022,Total,28.5,,Children (aged less than 18) at risk of poverty or social exclusion
Child poverty,Cyprus,2022,Total,18.1,,Children (aged less than 18) at risk of poverty or social exclusion
Child poverty,Latvia,2022,Total,19.8,,Children (aged less than 18) at risk of poverty or social exclusion
Child poverty,Lithuania,2022,Total,22.4,,Children (aged less than 18) at risk of poverty or social exclusion
Child poverty,Luxembourg,2022,Total,24,b,Children (aged less than 18) at risk of poverty or social exclusion
Child poverty,Hungary,2022,Total,18.1,,Children (aged less than 18) at risk of poverty or social exclusion
Child poverty,Malta,2022,Total,23.1,,Children (aged less than 18) at risk of poverty or social exclusion
Child poverty,Netherlands,2022,Total,13.9,,Children (aged less than 18) at risk of poverty or social exclusion
Child poverty,Austria,2022,Total,21.6,,Children (aged less than 18) at risk of poverty or social exclusion
Child poverty,Poland,2022,Total,16.7,,Children (aged less than 18) at risk of poverty or social exclusion
Child poverty,Portugal,2022,Total,20.7,,Children (aged less than 18) at risk of poverty or social exclusion
Child poverty,Romania,2022,Total,41.5,,Children (aged less than 18) at risk of poverty or social exclusion
Child poverty,Slovenia,2022,Total,10.3,,Children (aged less than 18) at risk of poverty or social exclusion
Child poverty,Slovakia,2022,Total,24.7,,Children (aged less than 18) at risk of poverty or social exclusion
Child poverty,Finland,2022,Total,14.9,b,Children (aged less than 18) at risk of poverty or social exclusion
Child poverty,Sweden,2022,Total,19.9,,Children (aged less than 18) at risk of poverty or social exclusion
Child poverty,Belgium,2023,Total,19,,Children (aged less than 18) at risk of poverty or social exclusion
Child poverty,Bulgaria,2023,Total,33.9,,Children (aged less than 18) at risk of poverty or social exclusion
Child poverty,Czechia,2023,Total,:,,Children (aged less than 18) at risk of poverty or social exclusion
Child poverty,Denmark,2023,Total,:,,Children (aged less than 18) at risk of poverty or social exclusion
Child poverty,Germany,2023,Total,:,,Children (aged less than 18) at risk of poverty or social exclusion
Child poverty,Estonia,2023,Total,18.3,,Children (aged less than 18) at risk of poverty or social exclusion
Child poverty,Ireland,2023,Total,:,,Children (aged less than 18) at risk of poverty or social exclusion
Child poverty,Greece,2023,Total,:,,Children (aged less than 18) at risk of poverty or social exclusion
Child poverty,Spain,2023,Total,:,,Children (aged less than 18) at risk of poverty or social exclusion
Child poverty,France,2023,Total,:,,Children (aged less than 18) at risk of poverty or social exclusion
Child poverty,Croatia,2023,Total,:,,Children (aged less than 18) at risk of poverty or social exclusion
Child poverty,Italy,2023,Total,:,,Children (aged less than 18) at risk of poverty or social exclusion
Child poverty,Cyprus,2023,Total,:,,Children (aged less than 18) at risk of poverty or social exclusion
Child poverty,Latvia,2023,Total,20.3,,Children (aged less than 18) at risk of poverty or social exclusion
Child poverty,Lithuania,2023,Total,:,,Children (aged less than 18) at risk of poverty or social exclusion
Child poverty,Luxembourg,2023,Total,:,,Children (aged less than 18) at risk of poverty or social exclusion
Child poverty,Hungary,2023,Total,:,,Children (aged less than 18) at risk of poverty or social exclusion
Child poverty,Malta,2023,Total,:,,Children (aged less than 18) at risk of poverty or social exclusion
Child poverty,Netherlands,2023,Total,:,,Children (aged less than 18) at risk of poverty or social exclusion
Child poverty,Austria,2023,Total,:,,Children (aged less than 18) at risk of poverty or social exclusion
Child poverty,Poland,2023,Total,:,,Children (aged less than 18) at risk of poverty or social exclusion
Child poverty,Portugal,2023,Total,:,,Children (aged less than 18) at risk of poverty or social exclusion
Child poverty,Romania,2023,Total,:,,Children (aged less than 18) at risk of poverty or social exclusion
Child poverty,Slovenia,2023,Total,:,,Children (aged less than 18) at risk of poverty or social exclusion
Child poverty,Slovakia,2023,Total,:,,Children (aged less than 18) at risk of poverty or social exclusion
Child poverty,Finland,2023,Total,:,,Children (aged less than 18) at risk of poverty or social exclusion
Child poverty,Sweden,2023,Total,:,,Children (aged less than 18) at risk of poverty or social exclusion
Child poverty,EU27,2010,Total,21.1,e,At-risk-of poverty rate for children
Child poverty,Belgium,2010,Total,18.3,,At-risk-of poverty rate for children
Child poverty,Bulgaria,2010,Total,26.7,,At-risk-of poverty rate for children
Child poverty,Czechia,2010,Total,14.3,,At-risk-of poverty rate for children
Child poverty,Denmark,2010,Total,10.9,,At-risk-of poverty rate for children
Child poverty,Germany,2010,Total,17.5,,At-risk-of poverty rate for children
Child poverty,Estonia,2010,Total,17.3,,At-risk-of poverty rate for children
Child poverty,Ireland,2010,Total,18.9,,At-risk-of poverty rate for children
Child poverty,Greece,2010,Total,23,,At-risk-of poverty rate for children
Child poverty,Spain,2010,Total,29.3,,At-risk-of poverty rate for children
Child poverty,France,2010,Total,18.1,,At-risk-of poverty rate for children
Child poverty,Croatia,2010,Total,19.6,,At-risk-of poverty rate for children
Child poverty,Italy,2010,Total,25.2,,At-risk-of poverty rate for children
Child poverty,Cyprus,2010,Total,12.6,,At-risk-of poverty rate for children
Child poverty,Latvia,2010,Total,26.3,,At-risk-of poverty rate for children
Child poverty,Lithuania,2010,Total,24.8,,At-risk-of poverty rate for children
Child poverty,Luxembourg,2010,Total,21.4,,At-risk-of poverty rate for children
Child poverty,Hungary,2010,Total,20.3,,At-risk-of poverty rate for children
Child poverty,Malta,2010,Total,22.1,,At-risk-of poverty rate for children
Child poverty,Netherlands,2010,Total,13.7,,At-risk-of poverty rate for children
Child poverty,Austria,2010,Total,19,,At-risk-of poverty rate for children
Child poverty,Poland,2010,Total,22.5,,At-risk-of poverty rate for children
Child poverty,Portugal,2010,Total,22.4,,At-risk-of poverty rate for children
Child poverty,Romania,2010,Total,32.1,,At-risk-of poverty rate for children
Child poverty,Slovenia,2010,Total,12.6,,At-risk-of poverty rate for children
Child poverty,Slovakia,2010,Total,18.8,,At-risk-of poverty rate for children
Child poverty,Finland,2010,Total,11.4,,At-risk-of poverty rate for children
Child poverty,Sweden,2010,Total,17.1,,At-risk-of poverty rate for children
Child poverty,EU27,2011,Total,21.1,e,At-risk-of poverty rate for children
Child poverty,Belgium,2011,Total,18.7,,At-risk-of poverty rate for children
Child poverty,Bulgaria,2011,Total,28.4,,At-risk-of poverty rate for children
Child poverty,Czechia,2011,Total,15.2,,At-risk-of poverty rate for children
Child poverty,Denmark,2011,Total,10.3,,At-risk-of poverty rate for children
Child poverty,Germany,2011,Total,15.6,,At-risk-of poverty rate for children
Child poverty,Estonia,2011,Total,19.5,,At-risk-of poverty rate for children
Child poverty,Ireland,2011,Total,17.1,,At-risk-of poverty rate for children
Child poverty,Greece,2011,Total,23.7,,At-risk-of poverty rate for children
Child poverty,Spain,2011,Total,27.5,,At-risk-of poverty rate for children
Child poverty,France,2011,Total,18.8,,At-risk-of poverty rate for children
Child poverty,Croatia,2011,Total,21.1,,At-risk-of poverty rate for children
Child poverty,Italy,2011,Total,25.9,,At-risk-of poverty rate for children
Child poverty,Cyprus,2011,Total,12.8,,At-risk-of poverty rate for children
Child poverty,Latvia,2011,Total,24.7,,At-risk-of poverty rate for children
Child poverty,Lithuania,2011,Total,25.2,,At-risk-of poverty rate for children
Child poverty,Luxembourg,2011,Total,20.3,,At-risk-of poverty rate for children
Child poverty,Hungary,2011,Total,23.7,,At-risk-of poverty rate for children
Child poverty,Malta,2011,Total,23,,At-risk-of poverty rate for children
Child poverty,Netherlands,2011,Total,15.5,,At-risk-of poverty rate for children
Child poverty,Austria,2011,Total,17.8,,At-risk-of poverty rate for children
Child poverty,Poland,2011,Total,22,,At-risk-of poverty rate for children
Child poverty,Portugal,2011,Total,22.4,,At-risk-of poverty rate for children
Child poverty,Romania,2011,Total,33,,At-risk-of poverty rate for children
Child poverty,Slovenia,2011,Total,14.7,,At-risk-of poverty rate for children
Child poverty,Slovakia,2011,Total,21.2,,At-risk-of poverty rate for children
Child poverty,Finland,2011,Total,11.8,,At-risk-of poverty rate for children
Child poverty,Sweden,2011,Total,17.9,,At-risk-of poverty rate for children
Child poverty,EU27,2012,Total,21,e,At-risk-of poverty rate for children
Child poverty,Belgium,2012,Total,17.3,,At-risk-of poverty rate for children
Child poverty,Bulgaria,2012,Total,28.2,,At-risk-of poverty rate for children
Child poverty,Czechia,2012,Total,13.9,,At-risk-of poverty rate for children
Child poverty,Denmark,2012,Total,10.4,,At-risk-of poverty rate for children
Child poverty,Germany,2012,Total,15.2,,At-risk-of poverty rate for children
Child poverty,Estonia,2012,Total,17,,At-risk-of poverty rate for children
Child poverty,Ireland,2012,Total,18.9,,At-risk-of poverty rate for children
Child poverty,Greece,2012,Total,26.9,,At-risk-of poverty rate for children
Child poverty,Spain,2012,Total,27.9,,At-risk-of poverty rate for children
Child poverty,France,2012,Total,19,,At-risk-of poverty rate for children
Child poverty,Croatia,2012,Total,23.3,,At-risk-of poverty rate for children
Child poverty,Italy,2012,Total,26.2,,At-risk-of poverty rate for children
Child poverty,Cyprus,2012,Total,13.9,,At-risk-of poverty rate for children
Child poverty,Latvia,2012,Total,24.4,,At-risk-of poverty rate for children
Child poverty,Lithuania,2012,Total,20.8,,At-risk-of poverty rate for children
Child poverty,Luxembourg,2012,Total,22.6,,At-risk-of poverty rate for children
Child poverty,Hungary,2012,Total,22.9,,At-risk-of poverty rate for children
Child poverty,Malta,2012,Total,23.1,,At-risk-of poverty rate for children
Child poverty,Netherlands,2012,Total,13.2,,At-risk-of poverty rate for children
Child poverty,Austria,2012,Total,17.5,,At-risk-of poverty rate for children
Child poverty,Poland,2012,Total,21.5,,At-risk-of poverty rate for children
Child poverty,Portugal,2012,Total,21.8,,At-risk-of poverty rate for children
Child poverty,Romania,2012,Total,33.3,,At-risk-of poverty rate for children
Child poverty,Slovenia,2012,Total,13.5,,At-risk-of poverty rate for children
Child poverty,Slovakia,2012,Total,21.9,,At-risk-of poverty rate for children
Child poverty,Finland,2012,Total,11.1,,At-risk-of poverty rate for children
Child poverty,Sweden,2012,Total,17.7,,At-risk-of poverty rate for children
Child poverty,EU27,2013,Total,20.7,,At-risk-of poverty rate for children
Child poverty,Belgium,2013,Total,17.2,,At-risk-of poverty rate for children
Child poverty,Bulgaria,2013,Total,28.4,,At-risk-of poverty rate for children
Child poverty,Czechia,2013,Total,11.3,,At-risk-of poverty rate for children
Child poverty,Denmark,2013,Total,9.1,,At-risk-of poverty rate for children
Child poverty,Germany,2013,Total,14.7,,At-risk-of poverty rate for children
Child poverty,Estonia,2013,Total,18.1,,At-risk-of poverty rate for children
Child poverty,Ireland,2013,Total,18.2,,At-risk-of poverty rate for children
Child poverty,Greece,2013,Total,28.8,,At-risk-of poverty rate for children
Child poverty,Spain,2013,Total,27.5,,At-risk-of poverty rate for children
Child poverty,France,2013,Total,17.6,,At-risk-of poverty rate for children
Child poverty,Croatia,2013,Total,21.8,,At-risk-of poverty rate for children
Child poverty,Italy,2013,Total,25.2,,At-risk-of poverty rate for children
Child poverty,Cyprus,2013,Total,15.5,,At-risk-of poverty rate for children
Child poverty,Latvia,2013,Total,23.4,,At-risk-of poverty rate for children
Child poverty,Lithuania,2013,Total,26.9,,At-risk-of poverty rate for children
Child poverty,Luxembourg,2013,Total,23.9,,At-risk-of poverty rate for children
Child poverty,Hungary,2013,Total,23.8,,At-risk-of poverty rate for children
Child poverty,Malta,2013,Total,24.5,,At-risk-of poverty rate for children
Child poverty,Netherlands,2013,Total,12.6,,At-risk-of poverty rate for children
Child poverty,Austria,2013,Total,18.6,,At-risk-of poverty rate for children
Child poverty,Poland,2013,Total,23.2,,At-risk-of poverty rate for children
Child poverty,Portugal,2013,Total,24.4,,At-risk-of poverty rate for children
Child poverty,Romania,2013,Total,34.7,,At-risk-of poverty rate for children
Child poverty,Slovenia,2013,Total,14.7,,At-risk-of poverty rate for children
Child poverty,Slovakia,2013,Total,20.3,,At-risk-of poverty rate for children
Child poverty,Finland,2013,Total,9.3,,At-risk-of poverty rate for children
Child poverty,Sweden,2013,Total,19,,At-risk-of poverty rate for children
Child poverty,EU27,2014,Total,21.4,,At-risk-of poverty rate for children
Child poverty,Belgium,2014,Total,18.8,,At-risk-of poverty rate for children
Child poverty,Bulgaria,2014,Total,31.7,,At-risk-of poverty rate for children
Child poverty,Czechia,2014,Total,14.7,,At-risk-of poverty rate for children
Child poverty,Denmark,2014,Total,9.2,,At-risk-of poverty rate for children
Child poverty,Germany,2014,Total,15.1,,At-risk-of poverty rate for children
Child poverty,Estonia,2014,Total,19.7,,At-risk-of poverty rate for children
Child poverty,Ireland,2014,Total,18.6,,At-risk-of poverty rate for children
Child poverty,Greece,2014,Total,25.5,,At-risk-of poverty rate for children
Child poverty,Spain,2014,Total,30.5,,At-risk-of poverty rate for children
Child poverty,France,2014,Total,17.7,,At-risk-of poverty rate for children
Child poverty,Croatia,2014,Total,21.1,,At-risk-of poverty rate for children
Child poverty,Italy,2014,Total,25.1,,At-risk-of poverty rate for children
Child poverty,Cyprus,2014,Total,12.8,,At-risk-of poverty rate for children
Child poverty,Latvia,2014,Total,24.3,,At-risk-of poverty rate for children
Child poverty,Lithuania,2014,Total,23.5,,At-risk-of poverty rate for children
Child poverty,Luxembourg,2014,Total,25.4,,At-risk-of poverty rate for children
Child poverty,Hungary,2014,Total,25,,At-risk-of poverty rate for children
Child poverty,Malta,2014,Total,24.6,,At-risk-of poverty rate for children
Child poverty,Netherlands,2014,Total,13.7,,At-risk-of poverty rate for children
Child poverty,Austria,2014,Total,18.2,,At-risk-of poverty rate for children
Child poverty,Poland,2014,Total,22.3,,At-risk-of poverty rate for children
Child poverty,Portugal,2014,Total,25.6,,At-risk-of poverty rate for children
Child poverty,Romania,2014,Total,39.3,,At-risk-of poverty rate for children
Child poverty,Slovenia,2014,Total,14.8,,At-risk-of poverty rate for children
Child poverty,Slovakia,2014,Total,19.2,,At-risk-of poverty rate for children
Child poverty,Finland,2014,Total,10.9,,At-risk-of poverty rate for children
Child poverty,Sweden,2014,Total,18.2,,At-risk-of poverty rate for children
Child poverty,EU27,2015,Total,21.4,,At-risk-of poverty rate for children
Child poverty,Belgium,2015,Total,18,,At-risk-of poverty rate for children
Child poverty,Bulgaria,2015,Total,25.4,,At-risk-of poverty rate for children
Child poverty,Czechia,2015,Total,14.7,,At-risk-of poverty rate for children
Child poverty,Denmark,2015,Total,10.4,,At-risk-of poverty rate for children
Child poverty,Germany,2015,Total,14.6,,At-risk-of poverty rate for children
Child poverty,Estonia,2015,Total,20,,At-risk-of poverty rate for children
Child poverty,Ireland,2015,Total,17.7,,At-risk-of poverty rate for children
Child poverty,Greece,2015,Total,26.6,,At-risk-of poverty rate for children
Child poverty,Spain,2015,Total,29.6,,At-risk-of poverty rate for children
Child poverty,France,2015,Total,18.7,,At-risk-of poverty rate for children
Child poverty,Croatia,2015,Total,20.9,,At-risk-of poverty rate for children
Child poverty,Italy,2015,Total,26.8,,At-risk-of poverty rate for children
Child poverty,Cyprus,2015,Total,16.7,,At-risk-of poverty rate for children
Child poverty,Latvia,2015,Total,23.2,,At-risk-of poverty rate for children
Child poverty,Lithuania,2015,Total,28.9,,At-risk-of poverty rate for children
Child poverty,Luxembourg,2015,Total,21.5,,At-risk-of poverty rate for children
Child poverty,Hungary,2015,Total,22.7,,At-risk-of poverty rate for children
Child poverty,Malta,2015,Total,23.4,,At-risk-of poverty rate for children
Child poverty,Netherlands,2015,Total,14,,At-risk-of poverty rate for children
Child poverty,Austria,2015,Total,17.8,,At-risk-of poverty rate for children
Child poverty,Poland,2015,Total,22.4,,At-risk-of poverty rate for children
Child poverty,Portugal,2015,Total,24.8,,At-risk-of poverty rate for children
Child poverty,Romania,2015,Total,38.1,,At-risk-of poverty rate for children
Child poverty,Slovenia,2015,Total,14.2,,At-risk-of poverty rate for children
Child poverty,Slovakia,2015,Total,20.1,,At-risk-of poverty rate for children
Child poverty,Finland,2015,Total,10,,At-risk-of poverty rate for children
Child poverty,Sweden,2015,Total,18.1,,At-risk-of poverty rate for children
Child poverty,EU27,2016,Total,21.4,,At-risk-of poverty rate for children
Child poverty,Belgium,2016,Total,17.6,,At-risk-of poverty rate for children
Child poverty,Bulgaria,2016,Total,31.9,b,At-risk-of poverty rate for children
Child poverty,Czechia,2016,Total,14.1,,At-risk-of poverty rate for children
Child poverty,Denmark,2016,Total,9.4,,At-risk-of poverty rate for children
Child poverty,Germany,2016,Total,15.4,,At-risk-of poverty rate for children
Child poverty,Estonia,2016,Total,18.6,,At-risk-of poverty rate for children
Child poverty,Ireland,2016,Total,18.8,,At-risk-of poverty rate for children
Child poverty,Greece,2016,Total,26.3,,At-risk-of poverty rate for children
Child poverty,Spain,2016,Total,29.7,,At-risk-of poverty rate for children
Child poverty,France,2016,Total,19.1,,At-risk-of poverty rate for children
Child poverty,Croatia,2016,Total,20.4,,At-risk-of poverty rate for children
Child poverty,Italy,2016,Total,26.7,,At-risk-of poverty rate for children
Child poverty,Cyprus,2016,Total,17.1,,At-risk-of poverty rate for children
Child poverty,Latvia,2016,Total,18.6,,At-risk-of poverty rate for children
Child poverty,Lithuania,2016,Total,25.6,,At-risk-of poverty rate for children
Child poverty,Luxembourg,2016,Total,21,b,At-risk-of poverty rate for children
Child poverty,Hungary,2016,Total,19.9,,At-risk-of poverty rate for children
Child poverty,Malta,2016,Total,20.9,,At-risk-of poverty rate for children
Child poverty,Netherlands,2016,Total,14.8,b,At-risk-of poverty rate for children
Child poverty,Austria,2016,Total,16.5,,At-risk-of poverty rate for children
Child poverty,Poland,2016,Total,21.1,,At-risk-of poverty rate for children
Child poverty,Portugal,2016,Total,22.4,,At-risk-of poverty rate for children
Child poverty,Romania,2016,Total,37.2,,At-risk-of poverty rate for children
Child poverty,Slovenia,2016,Total,11.9,,At-risk-of poverty rate for children
Child poverty,Slovakia,2016,Total,20.8,,At-risk-of poverty rate for children
Child poverty,Finland,2016,Total,9.3,,At-risk-of poverty rate for children
Child poverty,Sweden,2016,Total,18.7,,At-risk-of poverty rate for children
Child poverty,EU27,2017,Total,20,,At-risk-of poverty rate for children
Child poverty,Belgium,2017,Total,18.4,,At-risk-of poverty rate for children
Child poverty,Bulgaria,2017,Total,29.2,,At-risk-of poverty rate for children
Child poverty,Czechia,2017,Total,11.6,,At-risk-of poverty rate for children
Child poverty,Denmark,2017,Total,10,,At-risk-of poverty rate for children
Child poverty,Germany,2017,Total,15.2,,At-risk-of poverty rate for children
Child poverty,Estonia,2017,Total,16.5,,At-risk-of poverty rate for children
Child poverty,Ireland,2017,Total,17,,At-risk-of poverty rate for children
Child poverty,Greece,2017,Total,24.5,,At-risk-of poverty rate for children
Child poverty,Spain,2017,Total,28.3,,At-risk-of poverty rate for children
Child poverty,France,2017,Total,19,,At-risk-of poverty rate for children
Child poverty,Croatia,2017,Total,21.4,,At-risk-of poverty rate for children
Child poverty,Italy,2017,Total,26.4,,At-risk-of poverty rate for children
Child poverty,Cyprus,2017,Total,16.5,,At-risk-of poverty rate for children
Child poverty,Latvia,2017,Total,18.4,,At-risk-of poverty rate for children
Child poverty,Lithuania,2017,Total,25.7,,At-risk-of poverty rate for children
Child poverty,Luxembourg,2017,Total,20.3,,At-risk-of poverty rate for children
Child poverty,Hungary,2017,Total,14.8,,At-risk-of poverty rate for children
Child poverty,Malta,2017,Total,21.2,,At-risk-of poverty rate for children
Child poverty,Netherlands,2017,Total,14.4,,At-risk-of poverty rate for children
Child poverty,Austria,2017,Total,19.1,,At-risk-of poverty rate for children
Child poverty,Poland,2017,Total,14,,At-risk-of poverty rate for children
Child poverty,Portugal,2017,Total,20.7,,At-risk-of poverty rate for children
Child poverty,Romania,2017,Total,32.2,,At-risk-of poverty rate for children
Child poverty,Slovenia,2017,Total,12.8,,At-risk-of poverty rate for children
Child poverty,Slovakia,2017,Total,19.9,,At-risk-of poverty rate for children
Child poverty,Finland,2017,Total,10.2,,At-risk-of poverty rate for children
Child poverty,Sweden,2017,Total,18.6,,At-risk-of poverty rate for children
Child poverty,EU27,2018,Total,19.6,,At-risk-of poverty rate for children
Child poverty,Belgium,2018,Total,20.1,,At-risk-of poverty rate for children
Child poverty,Bulgaria,2018,Total,26.6,,At-risk-of poverty rate for children
Child poverty,Czechia,2018,Total,11,,At-risk-of poverty rate for children
Child poverty,Denmark,2018,Total,11,,At-risk-of poverty rate for children
Child poverty,Germany,2018,Total,14.5,,At-risk-of poverty rate for children
Child poverty,Estonia,2018,Total,15.2,,At-risk-of poverty rate for children
Child poverty,Ireland,2018,Total,15.8,,At-risk-of poverty rate for children
Child poverty,Greece,2018,Total,22.7,,At-risk-of poverty rate for children
Child poverty,Spain,2018,Total,26.8,,At-risk-of poverty rate for children
Child poverty,France,2018,Total,19.9,,At-risk-of poverty rate for children
Child poverty,Croatia,2018,Total,19.7,,At-risk-of poverty rate for children
Child poverty,Italy,2018,Total,26.2,,At-risk-of poverty rate for children
Child poverty,Cyprus,2018,Total,17.3,,At-risk-of poverty rate for children
Child poverty,Latvia,2018,Total,17.5,,At-risk-of poverty rate for children
Child poverty,Lithuania,2018,Total,23.9,,At-risk-of poverty rate for children
Child poverty,Luxembourg,2018,Total,22.6,,At-risk-of poverty rate for children
Child poverty,Hungary,2018,Total,13.8,,At-risk-of poverty rate for children
Child poverty,Malta,2018,Total,21.4,,At-risk-of poverty rate for children
Child poverty,Netherlands,2018,Total,13.1,,At-risk-of poverty rate for children
Child poverty,Austria,2018,Total,19.2,,At-risk-of poverty rate for children
Child poverty,Poland,2018,Total,13,,At-risk-of poverty rate for children
Child poverty,Portugal,2018,Total,19,,At-risk-of poverty rate for children
Child poverty,Romania,2018,Total,32,,At-risk-of poverty rate for children
Child poverty,Slovenia,2018,Total,11.7,,At-risk-of poverty rate for children
Child poverty,Slovakia,2018,Total,20.5,,At-risk-of poverty rate for children
Child poverty,Finland,2018,Total,11.1,,At-risk-of poverty rate for children
Child poverty,Sweden,2018,Total,19.3,,At-risk-of poverty rate for children
Child poverty,EU27,2019,Total,18.5,,At-risk-of poverty rate for children
Child poverty,Belgium,2019,Total,18.9,b,At-risk-of poverty rate for children
Child poverty,Bulgaria,2019,Total,27.5,,At-risk-of poverty rate for children
Child poverty,Czechia,2019,Total,11.2,,At-risk-of poverty rate for children
Child poverty,Denmark,2019,Total,10.3,,At-risk-of poverty rate for children
Child poverty,Germany,2019,Total,12.1,,At-risk-of poverty rate for children
Child poverty,Estonia,2019,Total,17.2,,At-risk-of poverty rate for children
Child poverty,Ireland,2019,Total,14.1,,At-risk-of poverty rate for children
Child poverty,Greece,2019,Total,21.1,,At-risk-of poverty rate for children
Child poverty,Spain,2019,Total,27.4,,At-risk-of poverty rate for children
Child poverty,France,2019,Total,18.2,,At-risk-of poverty rate for children
Child poverty,Croatia,2019,Total,17.1,,At-risk-of poverty rate for children
Child poverty,Italy,2019,Total,24.5,,At-risk-of poverty rate for children
Child poverty,Cyprus,2019,Total,16.7,,At-risk-of poverty rate for children
Child poverty,Latvia,2019,Total,14.5,,At-risk-of poverty rate for children
Child poverty,Lithuania,2019,Total,22.7,,At-risk-of poverty rate for children
Child poverty,Luxembourg,2019,Total,24.8,,At-risk-of poverty rate for children
Child poverty,Hungary,2019,Total,11.5,,At-risk-of poverty rate for children
Child poverty,Malta,2019,Total,20.6,,At-risk-of poverty rate for children
Child poverty,Netherlands,2019,Total,13.6,,At-risk-of poverty rate for children
Child poverty,Austria,2019,Total,14.9,,At-risk-of poverty rate for children
Child poverty,Poland,2019,Total,13.4,,At-risk-of poverty rate for children
Child poverty,Portugal,2019,Total,18.5,,At-risk-of poverty rate for children
Child poverty,Romania,2019,Total,30.8,,At-risk-of poverty rate for children
Child poverty,Slovenia,2019,Total,10.5,,At-risk-of poverty rate for children
Child poverty,Slovakia,2019,Total,19,,At-risk-of poverty rate for children
Child poverty,Finland,2019,Total,10.3,,At-risk-of poverty rate for children
Child poverty,Sweden,2019,Total,21.5,,At-risk-of poverty rate for children
Child poverty,EU27,2020,Total,19.2,b,At-risk-of poverty rate for children
Child poverty,Belgium,2020,Total,15.6,,At-risk-of poverty rate for children
Child poverty,Bulgaria,2020,Total,28.3,,At-risk-of poverty rate for children
Child poverty,Czechia,2020,Total,11.1,,At-risk-of poverty rate for children
Child poverty,Denmark,2020,Total,10,b,At-risk-of poverty rate for children
Child poverty,Germany,2020,Total,15.4,b,At-risk-of poverty rate for children
Child poverty,Estonia,2020,Total,15.2,,At-risk-of poverty rate for children
Child poverty,Ireland,2020,Total,15.6,b,At-risk-of poverty rate for children
Child poverty,Greece,2020,Total,20.9,,At-risk-of poverty rate for children
Child poverty,Spain,2020,Total,27.4,,At-risk-of poverty rate for children
Child poverty,France,2020,Total,19.4,b,At-risk-of poverty rate for children
Child poverty,Croatia,2020,Total,16.8,,At-risk-of poverty rate for children
Child poverty,Italy,2020,Total,25.1,,At-risk-of poverty rate for children
Child poverty,Cyprus,2020,Total,16.1,,At-risk-of poverty rate for children
Child poverty,Latvia,2020,Total,15.8,,At-risk-of poverty rate for children
Child poverty,Lithuania,2020,Total,20,,At-risk-of poverty rate for children
Child poverty,Luxembourg,2020,Total,23.1,b,At-risk-of poverty rate for children
Child poverty,Hungary,2020,Total,9.5,,At-risk-of poverty rate for children
Child poverty,Malta,2020,Total,20.4,,At-risk-of poverty rate for children
Child poverty,Netherlands,2020,Total,14.1,,At-risk-of poverty rate for children
Child poverty,Austria,2020,Total,18.4,,At-risk-of poverty rate for children
Child poverty,Poland,2020,Total,13.5,,At-risk-of poverty rate for children
Child poverty,Portugal,2020,Total,19.1,,At-risk-of poverty rate for children
Child poverty,Romania,2020,Total,30.1,,At-risk-of poverty rate for children
Child poverty,Slovenia,2020,Total,10.5,,At-risk-of poverty rate for children
Child poverty,Slovakia,2020,Total,17,,At-risk-of poverty rate for children
Child poverty,Finland,2020,Total,11.6,,At-risk-of poverty rate for children
Child poverty,Sweden,2020,Total,18.7,,At-risk-of poverty rate for children
Child poverty,EU27,2021,Total,19.5,,At-risk-of poverty rate for children
Child poverty,Belgium,2021,Total,15.1,,At-risk-of poverty rate for children
Child poverty,Bulgaria,2021,Total,24.2,,At-risk-of poverty rate for children
Child poverty,Czechia,2021,Total,11.4,,At-risk-of poverty rate for children
Child poverty,Denmark,2021,Total,9.6,,At-risk-of poverty rate for children
Child poverty,Germany,2021,Total,16.4,,At-risk-of poverty rate for children
Child poverty,Estonia,2021,Total,15.5,,At-risk-of poverty rate for children
Child poverty,Ireland,2021,Total,13.7,,At-risk-of poverty rate for children
Child poverty,Greece,2021,Total,23.7,,At-risk-of poverty rate for children
Child poverty,Spain,2021,Total,28.9,,At-risk-of poverty rate for children
Child poverty,France,2021,Total,18.5,,At-risk-of poverty rate for children
Child poverty,Croatia,2021,Total,17.1,,At-risk-of poverty rate for children
Child poverty,Italy,2021,Total,26,,At-risk-of poverty rate for children
Child poverty,Cyprus,2021,Total,15.8,,At-risk-of poverty rate for children
Child poverty,Latvia,2021,Total,16.9,,At-risk-of poverty rate for children
Child poverty,Lithuania,2021,Total,17.2,,At-risk-of poverty rate for children
Child poverty,Luxembourg,2021,Total,27.8,b,At-risk-of poverty rate for children
Child poverty,Hungary,2021,Total,11.9,,At-risk-of poverty rate for children
Child poverty,Malta,2021,Total,19.6,,At-risk-of poverty rate for children
Child poverty,Netherlands,2021,Total,13.8,,At-risk-of poverty rate for children
Child poverty,Austria,2021,Total,19.9,,At-risk-of poverty rate for children
Child poverty,Poland,2021,Total,14.6,,At-risk-of poverty rate for children
Child poverty,Portugal,2021,Total,20.4,,At-risk-of poverty rate for children
Child poverty,Romania,2021,Total,29.7,,At-risk-of poverty rate for children
Child poverty,Slovenia,2021,Total,10.2,,At-risk-of poverty rate for children
Child poverty,Slovakia,2021,Total,17.6,,At-risk-of poverty rate for children
Child poverty,Finland,2021,Total,9.1,,At-risk-of poverty rate for children
Child poverty,Sweden,2021,Total,18.1,,At-risk-of poverty rate for children
Child poverty,EU27,2022,Total,19.3,,At-risk-of poverty rate for children
Child poverty,Belgium,2022,Total,14.1,,At-risk-of poverty rate for children
Child poverty,Bulgaria,2022,Total,25.9,,At-risk-of poverty rate for children
Child poverty,Czechia,2022,Total,11.8,,At-risk-of poverty rate for children
Child poverty,Denmark,2022,Total,10.1,,At-risk-of poverty rate for children
Child poverty,Germany,2022,Total,14.8,,At-risk-of poverty rate for children
Child poverty,Estonia,2022,Total,13.6,,At-risk-of poverty rate for children
Child poverty,Ireland,2022,Total,15.1,,At-risk-of poverty rate for children
Child poverty,Greece,2022,Total,22.4,,At-risk-of poverty rate for children
Child poverty,Spain,2022,Total,27.8,,At-risk-of poverty rate for children
Child poverty,France,2022,Total,21.7,b,At-risk-of poverty rate for children
Child poverty,Croatia,2022,Total,16,,At-risk-of poverty rate for children
Child poverty,Italy,2022,Total,25.4,,At-risk-of poverty rate for children
Child poverty,Cyprus,2022,Total,14.9,,At-risk-of poverty rate for children
Child poverty,Latvia,2022,Total,16.2,,At-risk-of poverty rate for children
Child poverty,Lithuania,2022,Total,17.8,,At-risk-of poverty rate for children
Child poverty,Luxembourg,2022,Total,22.5,b,At-risk-of poverty rate for children
Child poverty,Hungary,2022,Total,10.1,,At-risk-of poverty rate for children
Child poverty,Malta,2022,Total,19.3,,At-risk-of poverty rate for children
Child poverty,Netherlands,2022,Total,12.7,,At-risk-of poverty rate for children
Child poverty,Austria,2022,Total,19.2,,At-risk-of poverty rate for children
Child poverty,Poland,2022,Total,14.3,,At-risk-of poverty rate for children
Child poverty,Portugal,2022,Total,18.5,,At-risk-of poverty rate for children
Child poverty,Romania,2022,Total,27,,At-risk-of poverty rate for children
Child poverty,Slovenia,2022,Total,9.3,,At-risk-of poverty rate for children
Child poverty,Slovakia,2022,Total,22.1,,At-risk-of poverty rate for children
Child poverty,Finland,2022,Total,9.5,,At-risk-of poverty rate for children
Child poverty,Sweden,2022,Total,17.2,,At-risk-of poverty rate for children
Child poverty,EU27,2023,Total,:,,At-risk-of poverty rate for children
Child poverty,Belgium,2023,Total,13.2,,At-risk-of poverty rate for children
Child poverty,Bulgaria,2023,Total,26.9,,At-risk-of poverty rate for children
Child poverty,Czechia,2023,Total,:,,At-risk-of poverty rate for children
Child poverty,Denmark,2023,Total,:,,At-risk-of poverty rate for children
Child poverty,Germany,2023,Total,:,,At-risk-of poverty rate for children
Child poverty,Estonia,2023,Total,16,,At-risk-of poverty rate for children
Child poverty,Ireland,2023,Total,:,,At-risk-of poverty rate for children
Child poverty,Greece,2023,Total,:,,At-risk-of poverty rate for children
Child poverty,Spain,2023,Total,:,,At-risk-of poverty rate for children
Child poverty,France,2023,Total,:,,At-risk-of poverty rate for children
Child poverty,Croatia,2023,Total,:,,At-risk-of poverty rate for children
Child poverty,Italy,2023,Total,:,,At-risk-of poverty rate for children
Child poverty,Cyprus,2023,Total,:,,At-risk-of poverty rate for children
Child poverty,Latvia,2023,Total,16.1,,At-risk-of poverty rate for children
Child poverty,Lithuania,2023,Total,:,,At-risk-of poverty rate for children
Child poverty,Luxembourg,2023,Total,:,,At-risk-of poverty rate for children
Child poverty,Hungary,2023,Total,:,,At-risk-of poverty rate for children
Child poverty,Malta,2023,Total,:,,At-risk-of poverty rate for children
Child poverty,Netherlands,2023,Total,:,,At-risk-of poverty rate for children
Child poverty,Austria,2023,Total,:,,At-risk-of poverty rate for children
Child poverty,Poland,2023,Total,:,,At-risk-of poverty rate for children
Child poverty,Portugal,2023,Total,:,,At-risk-of poverty rate for children
Child poverty,Romania,2023,Total,:,,At-risk-of poverty rate for children
Child poverty,Slovenia,2023,Total,:,,At-risk-of poverty rate for children
Child poverty,Slovakia,2023,Total,:,,At-risk-of poverty rate for children
Child poverty,Finland,2023,Total,:,,At-risk-of poverty rate for children
Child poverty,Sweden,2023,Total,:,,At-risk-of poverty rate for children
Child poverty,EU27,2015,Total,11.8,,Severe material and social deprivation rate for children
Child poverty,Belgium,2015,Total,9.9,,Severe material and social deprivation rate for children
Child poverty,Bulgaria,2015,Total,41.7,,Severe material and social deprivation rate for children
Child poverty,Czechia,2015,Total,6.4,,Severe material and social deprivation rate for children
Child poverty,Denmark,2015,Total,3.4,,Severe material and social deprivation rate for children
Child poverty,Germany,2015,Total,6.7,,Severe material and social deprivation rate for children
Child poverty,Estonia,2015,Total,2.9,,Severe material and social deprivation rate for children
Child poverty,Ireland,2015,Total,12.5,,Severe material and social deprivation rate for children
Child poverty,Greece,2015,Total,23.9,,Severe material and social deprivation rate for children
Child poverty,Spain,2015,Total,10.5,,Severe material and social deprivation rate for children
Child poverty,France,2015,Total,8.5,,Severe material and social deprivation rate for children
Child poverty,Croatia,2015,Total,8.1,,Severe material and social deprivation rate for children
Child poverty,Italy,2015,Total,15.8,,Severe material and social deprivation rate for children
Child poverty,Cyprus,2015,Total,10.4,,Severe material and social deprivation rate for children
Child poverty,Latvia,2015,Total,15.9,,Severe material and social deprivation rate for children
Child poverty,Lithuania,2015,Total,17.6,,Severe material and social deprivation rate for children
Child poverty,Luxembourg,2015,Total,3.8,,Severe material and social deprivation rate for children
Child poverty,Hungary,2015,Total,32.5,,Severe material and social deprivation rate for children
Child poverty,Malta,2015,Total,11.6,,Severe material and social deprivation rate for children
Child poverty,Netherlands,2015,Total,3,,Severe material and social deprivation rate for children
Child poverty,Austria,2015,Total,3.7,,Severe material and social deprivation rate for children
Child poverty,Poland,2015,Total,8.8,,Severe material and social deprivation rate for children
Child poverty,Portugal,2015,Total,14.2,,Severe material and social deprivation rate for children
Child poverty,Romania,2015,Total,40.2,,Severe material and social deprivation rate for children
Child poverty,Slovenia,2015,Total,4.4,,Severe material and social deprivation rate for children
Child poverty,Slovakia,2015,Total,12.3,,Severe material and social deprivation rate for children
Child poverty,Finland,2015,Total,0.9,,Severe material and social deprivation rate for children
Child poverty,Sweden,2015,Total,1.2,,Severe material and social deprivation rate for children
Child poverty,EU27,2016,Total,11.1,,Severe material and social deprivation rate for children
Child poverty,Belgium,2016,Total,11.1,,Severe material and social deprivation rate for children
Child poverty,Bulgaria,2016,Total,40.2,,Severe material and social deprivation rate for children
Child poverty,Czechia,2016,Total,4.3,,Severe material and social deprivation rate for children
Child poverty,Denmark,2016,Total,2.4,,Severe material and social deprivation rate for children
Child poverty,Germany,2016,Total,6.2,,Severe material and social deprivation rate for children
Child poverty,Estonia,2016,Total,1.6,,Severe material and social deprivation rate for children
Child poverty,Ireland,2016,Total,11.3,,Severe material and social deprivation rate for children
Child poverty,Greece,2016,Total,24.2,,Severe material and social deprivation rate for children
Child poverty,Spain,2016,Total,11.6,,Severe material and social deprivation rate for children
Child poverty,France,2016,Total,9.1,,Severe material and social deprivation rate for children
Child poverty,Croatia,2016,Total,6.5,,Severe material and social deprivation rate for children
Child poverty,Italy,2016,Total,12.6,,Severe material and social deprivation rate for children
Child poverty,Cyprus,2016,Total,9.5,,Severe material and social deprivation rate for children
Child poverty,Latvia,2016,Total,13.4,,Severe material and social deprivation rate for children
Child poverty,Lithuania,2016,Total,16.5,,Severe material and social deprivation rate for children
Child poverty,Luxembourg,2016,Total,2.6,,Severe material and social deprivation rate for children
Child poverty,Hungary,2016,Total,29.4,,Severe material and social deprivation rate for children
Child poverty,Malta,2016,Total,7.2,,Severe material and social deprivation rate for children
Child poverty,Netherlands,2016,Total,2.4,,Severe material and social deprivation rate for children
Child poverty,Austria,2016,Total,4.7,,Severe material and social deprivation rate for children
Child poverty,Poland,2016,Total,5.1,,Severe material and social deprivation rate for children
Child poverty,Portugal,2016,Total,11.8,,Severe material and social deprivation rate for children
Child poverty,Romania,2016,Total,43.5,,Severe material and social deprivation rate for children
Child poverty,Slovenia,2016,Total,3.6,,Severe material and social deprivation rate for children
Child poverty,Slovakia,2016,Total,10.5,,Severe material and social deprivation rate for children
Child poverty,Finland,2016,Total,0.7,,Severe material and social deprivation rate for children
Child poverty,Sweden,2016,Total,0.6,,Severe material and social deprivation rate for children
Child poverty,EU27,2017,Total,9.3,,Severe material and social deprivation rate for children
Child poverty,Belgium,2017,Total,9.7,,Severe material and social deprivation rate for children
Child poverty,Bulgaria,2017,Total,35.8,,Severe material and social deprivation rate for children
Child poverty,Czechia,2017,Total,4,,Severe material and social deprivation rate for children
Child poverty,Denmark,2017,Total,5.2,,Severe material and social deprivation rate for children
Child poverty,Germany,2017,Total,4.3,,Severe material and social deprivation rate for children
Child poverty,Estonia,2017,Total,3.3,,Severe material and social deprivation rate for children
Child poverty,Ireland,2017,Total,9.1,,Severe material and social deprivation rate for children
Child poverty,Greece,2017,Total,23.8,,Severe material and social deprivation rate for children
Child poverty,Spain,2017,Total,10.6,,Severe material and social deprivation rate for children
Child poverty,France,2017,Total,8.6,,Severe material and social deprivation rate for children
Child poverty,Croatia,2017,Total,6.2,,Severe material and social deprivation rate for children
Child poverty,Italy,2017,Total,7.4,,Severe material and social deprivation rate for children
Child poverty,Cyprus,2017,Total,8,,Severe material and social deprivation rate for children
Child poverty,Latvia,2017,Total,11.8,,Severe material and social deprivation rate for children
Child poverty,Lithuania,2017,Total,14.8,,Severe material and social deprivation rate for children
Child poverty,Luxembourg,2017,Total,2.3,,Severe material and social deprivation rate for children
Child poverty,Hungary,2017,Total,22.5,,Severe material and social deprivation rate for children
Child poverty,Malta,2017,Total,7.4,,Severe material and social deprivation rate for children
Child poverty,Netherlands,2017,Total,2.6,,Severe material and social deprivation rate for children
Child poverty,Austria,2017,Total,4.7,,Severe material and social deprivation rate for children
Child poverty,Poland,2017,Total,4.6,,Severe material and social deprivation rate for children
Child poverty,Portugal,2017,Total,8.6,,Severe material and social deprivation rate for children
Child poverty,Romania,2017,Total,37,,Severe material and social deprivation rate for children
Child poverty,Slovenia,2017,Total,3.4,,Severe material and social deprivation rate for children
Child poverty,Slovakia,2017,Total,9.3,,Severe material and social deprivation rate for children
Child poverty,Finland,2017,Total,1.6,,Severe material and social deprivation rate for children
Child poverty,Sweden,2017,Total,1.2,,Severe material and social deprivation rate for children
Child poverty,EU27,2018,Total,8.2,,Severe material and social deprivation rate for children
Child poverty,Belgium,2018,Total,9.2,,Severe material and social deprivation rate for children
Child poverty,Bulgaria,2018,Total,20.5,,Severe material and social deprivation rate for children
Child poverty,Czechia,2018,Total,2.9,,Severe material and social deprivation rate for children
Child poverty,Denmark,2018,Total,4.9,,Severe material and social deprivation rate for children
Child poverty,Germany,2018,Total,3.8,,Severe material and social deprivation rate for children
Child poverty,Estonia,2018,Total,2.4,,Severe material and social deprivation rate for children
Child poverty,Ireland,2018,Total,9,,Severe material and social deprivation rate for children
Child poverty,Greece,2018,Total,19.9,,Severe material and social deprivation rate for children
Child poverty,Spain,2018,Total,10.1,,Severe material and social deprivation rate for children
Child poverty,France,2018,Total,8.5,,Severe material and social deprivation rate for children
Child poverty,Croatia,2018,Total,5.6,,Severe material and social deprivation rate for children
Child poverty,Italy,2018,Total,7.1,,Severe material and social deprivation rate for children
Child poverty,Cyprus,2018,Total,5.9,,Severe material and social deprivation rate for children
Child poverty,Latvia,2018,Total,10.4,,Severe material and social deprivation rate for children
Child poverty,Lithuania,2018,Total,11.4,,Severe material and social deprivation rate for children
Child poverty,Luxembourg,2018,Total,1.9,,Severe material and social deprivation rate for children
Child poverty,Hungary,2018,Total,18.4,,Severe material and social deprivation rate for children
Child poverty,Malta,2018,Total,7.6,,Severe material and social deprivation rate for children
Child poverty,Netherlands,2018,Total,2.4,,Severe material and social deprivation rate for children
Child poverty,Austria,2018,Total,4.1,,Severe material and social deprivation rate for children
Child poverty,Poland,2018,Total,3.5,,Severe material and social deprivation rate for children
Child poverty,Portugal,2018,Total,7.1,,Severe material and social deprivation rate for children
Child poverty,Romania,2018,Total,31.5,,Severe material and social deprivation rate for children
Child poverty,Slovenia,2018,Total,2.1,,Severe material and social deprivation rate for children
Child poverty,Slovakia,2018,Total,7.9,,Severe material and social deprivation rate for children
Child poverty,Finland,2018,Total,2.2,,Severe material and social deprivation rate for children
Child poverty,Sweden,2018,Total,1.9,,Severe material and social deprivation rate for children
Child poverty,EU27,2019,Total,7.5,,Severe material and social deprivation rate for children
Child poverty,Belgium,2019,Total,8.4,,Severe material and social deprivation rate for children
Child poverty,Bulgaria,2019,Total,22.8,,Severe material and social deprivation rate for children
Child poverty,Czechia,2019,Total,2.7,,Severe material and social deprivation rate for children
Child poverty,Denmark,2019,Total,5.1,,Severe material and social deprivation rate for children
Child poverty,Germany,2019,Total,3.3,,Severe material and social deprivation rate for children
Child poverty,Estonia,2019,Total,2.1,,Severe material and social deprivation rate for children
Child poverty,Ireland,2019,Total,9.7,,Severe material and social deprivation rate for children
Child poverty,Greece,2019,Total,18.2,,Severe material and social deprivation rate for children
Child poverty,Spain,2019,Total,10.4,,Severe material and social deprivation rate for children
Child poverty,France,2019,Total,9.2,,Severe material and social deprivation rate for children
Child poverty,Croatia,2019,Total,3.2,,Severe material and social deprivation rate for children
Child poverty,Italy,2019,Total,5.8,,Severe material and social deprivation rate for children
Child poverty,Cyprus,2019,Total,5.8,,Severe material and social deprivation rate for children
Child poverty,Latvia,2019,Total,6.7,,Severe material and social deprivation rate for children
Child poverty,Lithuania,2019,Total,7.7,,Severe material and social deprivation rate for children
Child poverty,Luxembourg,2019,Total,1.7,,Severe material and social deprivation rate for children
Child poverty,Hungary,2019,Total,15.4,,Severe material and social deprivation rate for children
Child poverty,Malta,2019,Total,6.4,,Severe material and social deprivation rate for children
Child poverty,Netherlands,2019,Total,2.4,,Severe material and social deprivation rate for children
Child poverty,Austria,2019,Total,4.4,,Severe material and social deprivation rate for children
Child poverty,Poland,2019,Total,2.6,,Severe material and social deprivation rate for children
Child poverty,Portugal,2019,Total,5.8,,Severe material and social deprivation rate for children
Child poverty,Romania,2019,Total,25.8,,Severe material and social deprivation rate for children
Child poverty,Slovenia,2019,Total,1.2,,Severe material and social deprivation rate for children
Child poverty,Slovakia,2019,Total,7.4,,Severe material and social deprivation rate for children
Child poverty,Finland,2019,Total,1.8,,Severe material and social deprivation rate for children
Child poverty,Sweden,2019,Total,2.5,,Severe material and social deprivation rate for children
Child poverty,EU27,2020,Total,8.3,,Severe material and social deprivation rate for children
Child poverty,Belgium,2020,Total,8.1,,Severe material and social deprivation rate for children
Child poverty,Bulgaria,2020,Total,24.8,,Severe material and social deprivation rate for children
Child poverty,Czechia,2020,Total,2.7,,Severe material and social deprivation rate for children
Child poverty,Denmark,2020,Total,4.7,,Severe material and social deprivation rate for children
Child poverty,Germany,2020,Total,5.9,b,Severe material and social deprivation rate for children
Child poverty,Estonia,2020,Total,2,,Severe material and social deprivation rate for children
Child poverty,Ireland,2020,Total,7.2,b,Severe material and social deprivation rate for children
Child poverty,Greece,2020,Total,19,,Severe material and social deprivation rate for children
Child poverty,Spain,2020,Total,10.5,,Severe material and social deprivation rate for children
Child poverty,France,2020,Total,9.3,b,Severe material and social deprivation rate for children
Child poverty,Croatia,2020,Total,2.7,,Severe material and social deprivation rate for children
Child poverty,Italy,2020,Total,7.1,,Severe material and social deprivation rate for children
Child poverty,Cyprus,2020,Total,6.4,,Severe material and social deprivation rate for children
Child poverty,Latvia,2020,Total,6.7,,Severe material and social deprivation rate for children
Child poverty,Lithuania,2020,Total,8.4,,Severe material and social deprivation rate for children
Child poverty,Luxembourg,2020,Total,2.8,b,Severe material and social deprivation rate for children
Child poverty,Hungary,2020,Total,16.6,,Severe material and social deprivation rate for children
Child poverty,Malta,2020,Total,6.7,,Severe material and social deprivation rate for children
Child poverty,Netherlands,2020,Total,2,,Severe material and social deprivation rate for children
Child poverty,Austria,2020,Total,5.5,,Severe material and social deprivation rate for children
Child poverty,Poland,2020,Total,2.5,,Severe material and social deprivation rate for children
Child poverty,Portugal,2020,Total,5.4,,Severe material and social deprivation rate for children
Child poverty,Romania,2020,Total,29.7,,Severe material and social deprivation rate for children
Child poverty,Slovenia,2020,Total,2,,Severe material and social deprivation rate for children
Child poverty,Slovakia,2020,Total,4.9,,Severe material and social deprivation rate for children
Child poverty,Finland,2020,Total,1.6,,Severe material and social deprivation rate for children
Child poverty,Sweden,2020,Total,3.3,,Severe material and social deprivation rate for children
Child poverty,EU27,2021,Total,7.5,,Severe material and social deprivation rate for children
Child poverty,Belgium,2021,Total,8.6,,Severe material and social deprivation rate for children
Child poverty,Bulgaria,2021,Total,20,,Severe material and social deprivation rate for children
Child poverty,Czechia,2021,Total,2.8,,Severe material and social deprivation rate for children
Child poverty,Denmark,2021,Total,3.3,,Severe material and social deprivation rate for children
Child poverty,Germany,2021,Total,5.5,,Severe material and social deprivation rate for children
Child poverty,Estonia,2021,Total,1.7,,Severe material and social deprivation rate for children
Child poverty,Ireland,2021,Total,7.1,,Severe material and social deprivation rate for children
Child poverty,Greece,2021,Total,16.1,,Severe material and social deprivation rate for children
Child poverty,Spain,2021,Total,10.8,,Severe material and social deprivation rate for children
Child poverty,France,2021,Total,6.9,,Severe material and social deprivation rate for children
Child poverty,Croatia,2021,Total,2.6,,Severe material and social deprivation rate for children
Child poverty,Italy,2021,Total,7.1,,Severe material and social deprivation rate for children
Child poverty,Cyprus,2021,Total,4.2,,Severe material and social deprivation rate for children
Child poverty,Latvia,2021,Total,4.7,,Severe material and social deprivation rate for children
Child poverty,Lithuania,2021,Total,6.7,,Severe material and social deprivation rate for children
Child poverty,Luxembourg,2021,Total,3.7,b,Severe material and social deprivation rate for children
Child poverty,Hungary,2021,Total,15.2,,Severe material and social deprivation rate for children
Child poverty,Malta,2021,Total,7.2,,Severe material and social deprivation rate for children
Child poverty,Netherlands,2021,Total,1.7,,Severe material and social deprivation rate for children
Child poverty,Austria,2021,Total,2.7,,Severe material and social deprivation rate for children
Child poverty,Poland,2021,Total,2.5,,Severe material and social deprivation rate for children
Child poverty,Portugal,2021,Total,4.9,,Severe material and social deprivation rate for children
Child poverty,Romania,2021,Total,28.2,,Severe material and social deprivation rate for children
Child poverty,Slovenia,2021,Total,1.1,,Severe material and social deprivation rate for children
Child poverty,Slovakia,2021,Total,7.4,,Severe material and social deprivation rate for children
Child poverty,Finland,2021,Total,0.7,,Severe material and social deprivation rate for children
Child poverty,Sweden,2021,Total,1.7,,Severe material and social deprivation rate for children
Child poverty,EU27,2022,Total,8.4,,Severe material and social deprivation rate for children
Child poverty,Belgium,2022,Total,7.7,,Severe material and social deprivation rate for children
Child poverty,Bulgaria,2022,Total,19.2,,Severe material and social deprivation rate for children
Child poverty,Czechia,2022,Total,3.2,,Severe material and social deprivation rate for children
Child poverty,Denmark,2022,Total,2.8,,Severe material and social deprivation rate for children
Child poverty,Germany,2022,Total,8.4,,Severe material and social deprivation rate for children
Child poverty,Estonia,2022,Total,2.6,,Severe material and social deprivation rate for children
Child poverty,Ireland,2022,Total,7.4,,Severe material and social deprivation rate for children
Child poverty,Greece,2022,Total,15.5,,Severe material and social deprivation rate for children
Child poverty,Spain,2022,Total,10.3,,Severe material and social deprivation rate for children
Child poverty,France,2022,Total,10.7,b,Severe material and social deprivation rate for children
Child poverty,Croatia,2022,Total,3.5,,Severe material and social deprivation rate for children
Child poverty,Italy,2022,Total,4.7,,Severe material and social deprivation rate for children
Child poverty,Cyprus,2022,Total,4.4,,Severe material and social deprivation rate for children
Child poverty,Latvia,2022,Total,5.9,,Severe material and social deprivation rate for children
Child poverty,Lithuania,2022,Total,5.2,,Severe material and social deprivation rate for children
Child poverty,Luxembourg,2022,Total,3.1,b,Severe material and social deprivation rate for children
Child poverty,Hungary,2022,Total,12,,Severe material and social deprivation rate for children
Child poverty,Malta,2022,Total,6.5,,Severe material and social deprivation rate for children
Child poverty,Netherlands,2022,Total,2.4,,Severe material and social deprivation rate for children
Child poverty,Austria,2022,Total,2.2,,Severe material and social deprivation rate for children
Child poverty,Poland,2022,Total,2.3,,Severe material and social deprivation rate for children
Child poverty,Portugal,2022,Total,4.9,,Severe material and social deprivation rate for children
Child poverty,Romania,2022,Total,30.8,,Severe material and social deprivation rate for children
Child poverty,Slovenia,2022,Total,1.8,,Severe material and social deprivation rate for children
Child poverty,Slovakia,2022,Total,10.8,,Severe material and social deprivation rate for children
Child poverty,Finland,2022,Total,1.7,,Severe material and social deprivation rate for children
Child poverty,Sweden,2022,Total,3,,Severe material and social deprivation rate for children
Child poverty,EU27,2023,Total,:,,Severe material and social deprivation rate for children
Child poverty,Belgium,2023,Total,7.6,,Severe material and social deprivation rate for children
Child poverty,Bulgaria,2023,Total,19,,Severe material and social deprivation rate for children
Child poverty,Czechia,2023,Total,:,,Severe material and social deprivation rate for children
Child poverty,Denmark,2023,Total,:,,Severe material and social deprivation rate for children
Child poverty,Germany,2023,Total,:,,Severe material and social deprivation rate for children
Child poverty,Estonia,2023,Total,3.3,,Severe material and social deprivation rate for children
Child poverty,Ireland,2023,Total,:,,Severe material and social deprivation rate for children
Child poverty,Greece,2023,Total,:,,Severe material and social deprivation rate for children
Child poverty,Spain,2023,Total,:,,Severe material and social deprivation rate for children
Child poverty,France,2023,Total,:,,Severe material and social deprivation rate for children
Child poverty,Croatia,2023,Total,:,,Severe material and social deprivation rate for children
Child poverty,Italy,2023,Total,:,,Severe material and social deprivation rate for children
Child poverty,Cyprus,2023,Total,:,,Severe material and social deprivation rate for children
Child poverty,Latvia,2023,Total,5.3,,Severe material and social deprivation rate for children
Child poverty,Lithuania,2023,Total,:,,Severe material and social deprivation rate for children
Child poverty,Luxembourg,2023,Total,:,,Severe material and social deprivation rate for children
Child poverty,Hungary,2023,Total,:,,Severe material and social deprivation rate for children
Child poverty,Malta,2023,Total,:,,Severe material and social deprivation rate for children
Child poverty,Netherlands,2023,Total,:,,Severe material and social deprivation rate for children
Child poverty,Austria,2023,Total,:,,Severe material and social deprivation rate for children
Child poverty,Poland,2023,Total,:,,Severe material and social deprivation rate for children
Child poverty,Portugal,2023,Total,:,,Severe material and social deprivation rate for children
Child poverty,Romania,2023,Total,:,,Severe material and social deprivation rate for children
Child poverty,Slovenia,2023,Total,:,,Severe material and social deprivation rate for children
Child poverty,Slovakia,2023,Total,:,,Severe material and social deprivation rate for children
Child poverty,Finland,2023,Total,:,,Severe material and social deprivation rate for children
Child poverty,Sweden,2023,Total,:,,Severe material and social deprivation rate for children
Child poverty,EU27,2015,Total,8.4,,Children living in households with very low work intensity
Child poverty,Belgium,2015,Total,13.7,,Children living in households with very low work intensity
Child poverty,Bulgaria,2015,Total,14.1,,Children living in households with very low work intensity
Child poverty,Czechia,2015,Total,8.3,,Children living in households with very low work intensity
Child poverty,Denmark,2015,Total,7.3,,Children living in households with very low work intensity
Child poverty,Germany,2015,Total,6.9,,Children living in households with very low work intensity
Child poverty,Estonia,2015,Total,5.1,,Children living in households with very low work intensity
Child poverty,Ireland,2015,Total,19.2,,Children living in households with very low work intensity
Child poverty,Greece,2015,Total,10.6,,Children living in households with very low work intensity
Child poverty,Spain,2015,Total,11.9,,Children living in households with very low work intensity
Child poverty,France,2015,Total,7.5,,Children living in households with very low work intensity
Child poverty,Croatia,2015,Total,12.6,,Children living in households with very low work intensity
Child poverty,Italy,2015,Total,8.5,,Children living in households with very low work intensity
Child poverty,Cyprus,2015,Total,9.1,,Children living in households with very low work intensity
Child poverty,Latvia,2015,Total,7.6,,Children living in households with very low work intensity
Child poverty,Lithuania,2015,Total,8.7,,Children living in households with very low work intensity
Child poverty,Luxembourg,2015,Total,2.7,,Children living in households with very low work intensity
Child poverty,Hungary,2015,Total,11,,Children living in households with very low work intensity
Child poverty,Malta,2015,Total,10.6,,Children living in households with very low work intensity
Child poverty,Netherlands,2015,Total,6.4,,Children living in households with very low work intensity
Child poverty,Austria,2015,Total,7.4,,Children living in households with very low work intensity
Child poverty,Poland,2015,Total,5,,Children living in households with very low work intensity
Child poverty,Portugal,2015,Total,8.7,,Children living in households with very low work intensity
Child poverty,Romania,2015,Total,7.6,,Children living in households with very low work intensity
Child poverty,Slovenia,2015,Total,3.8,,Children living in households with very low work intensity
Child poverty,Slovakia,2015,Total,8.1,,Children living in households with very low work intensity
Child poverty,Finland,2015,Total,7.2,,Children living in households with very low work intensity
Child poverty,Sweden,2015,Total,8.4,,Children living in households with very low work intensity
Child poverty,EU27,2016,Total,8.6,,Children living in households with very low work intensity
Child poverty,Belgium,2016,Total,13.2,,Children living in households with very low work intensity
Child poverty,Bulgaria,2016,Total,14.9,,Children living in households with very low work intensity
Child poverty,Czechia,2016,Total,8.3,,Children living in households with very low work intensity
Child poverty,Denmark,2016,Total,6.5,,Children living in households with very low work intensity
Child poverty,Germany,2016,Total,8.2,,Children living in households with very low work intensity
Child poverty,Estonia,2016,Total,3.7,,Children living in households with very low work intensity
Child poverty,Ireland,2016,Total,19.2,,Children living in households with very low work intensity
Child poverty,Greece,2016,Total,10.8,,Children living in households with very low work intensity
Child poverty,Spain,2016,Total,11.5,,Children living in households with very low work intensity
Child poverty,France,2016,Total,7.6,,Children living in households with very low work intensity
Child poverty,Croatia,2016,Total,10.8,,Children living in households with very low work intensity
Child poverty,Italy,2016,Total,9,,Children living in households with very low work intensity
Child poverty,Cyprus,2016,Total,8.8,,Children living in households with very low work intensity
Child poverty,Latvia,2016,Total,6.3,,Children living in households with very low work intensity
Child poverty,Lithuania,2016,Total,9.8,,Children living in households with very low work intensity
Child poverty,Luxembourg,2016,Total,3.5,,Children living in households with very low work intensity
Child poverty,Hungary,2016,Total,9,,Children living in households with very low work intensity
Child poverty,Malta,2016,Total,7.6,,Children living in households with very low work intensity
Child poverty,Netherlands,2016,Total,7.8,,Children living in households with very low work intensity
Child poverty,Austria,2016,Total,6.6,,Children living in households with very low work intensity
Child poverty,Poland,2016,Total,5,,Children living in households with very low work intensity
Child poverty,Portugal,2016,Total,6.4,,Children living in households with very low work intensity
Child poverty,Romania,2016,Total,8.1,,Children living in households with very low work intensity
Child poverty,Slovenia,2016,Total,3.4,,Children living in households with very low work intensity
Child poverty,Slovakia,2016,Total,8.6,,Children living in households with very low work intensity
Child poverty,Finland,2016,Total,8.2,,Children living in households with very low work intensity
Child poverty,Sweden,2016,Total,8.1,,Children living in households with very low work intensity
Child poverty,EU27,2017,Total,7.6,,Children living in households with very low work intensity
Child poverty,Belgium,2017,Total,13.2,,Children living in households with very low work intensity
Child poverty,Bulgaria,2017,Total,13.8,,Children living in households with very low work intensity
Child poverty,Czechia,2017,Total,6.2,,Children living in households with very low work intensity
Child poverty,Denmark,2017,Total,6.6,,Children living in households with very low work intensity
Child poverty,Germany,2017,Total,6.8,,Children living in households with very low work intensity
Child poverty,Estonia,2017,Total,3.9,,Children living in households with very low work intensity
Child poverty,Ireland,2017,Total,17.4,,Children living in households with very low work intensity
Child poverty,Greece,2017,Total,9.5,,Children living in households with very low work intensity
Child poverty,Spain,2017,Total,9.7,,Children living in households with very low work intensity
Child poverty,France,2017,Total,7.5,,Children living in households with very low work intensity
Child poverty,Croatia,2017,Total,10.8,,Children living in households with very low work intensity
Child poverty,Italy,2017,Total,7.8,,Children living in households with very low work intensity
Child poverty,Cyprus,2017,Total,7.5,,Children living in households with very low work intensity
Child poverty,Latvia,2017,Total,6.5,,Children living in households with very low work intensity
Child poverty,Lithuania,2017,Total,9.5,,Children living in households with very low work intensity
Child poverty,Luxembourg,2017,Total,3.9,,Children living in households with very low work intensity
Child poverty,Hungary,2017,Total,7.4,,Children living in households with very low work intensity
Child poverty,Malta,2017,Total,7.8,,Children living in households with very low work intensity
Child poverty,Netherlands,2017,Total,6.6,,Children living in households with very low work intensity
Child poverty,Austria,2017,Total,7.8,,Children living in households with very low work intensity
Child poverty,Poland,2017,Total,4.1,,Children living in households with very low work intensity
Child poverty,Portugal,2017,Total,6,,Children living in households with very low work intensity
Child poverty,Romania,2017,Total,5.8,,Children living in households with very low work intensity
Child poverty,Slovenia,2017,Total,3.3,,Children living in households with very low work intensity
Child poverty,Slovakia,2017,Total,7.3,,Children living in households with very low work intensity
Child poverty,Finland,2017,Total,8.6,,Children living in households with very low work intensity
Child poverty,Sweden,2017,Total,8,,Children living in households with very low work intensity
Child poverty,EU27,2018,Total,7,,Children living in households with very low work intensity
Child poverty,Belgium,2018,Total,12.2,,Children living in households with very low work intensity
Child poverty,Bulgaria,2018,Total,10.6,,Children living in households with very low work intensity
Child poverty,Czechia,2018,Total,4.6,,Children living in households with very low work intensity
Child poverty,Denmark,2018,Total,7.2,,Children living in households with very low work intensity
Child poverty,Germany,2018,Total,6,,Children living in households with very low work intensity
Child poverty,Estonia,2018,Total,3.8,,Children living in households with very low work intensity
Child poverty,Ireland,2018,Total,14.7,,Children living in households with very low work intensity
Child poverty,Greece,2018,Total,9,,Children living in households with very low work intensity
Child poverty,Spain,2018,Total,7.3,,Children living in households with very low work intensity
Child poverty,France,2018,Total,7.5,,Children living in households with very low work intensity
Child poverty,Croatia,2018,Total,8.8,,Children living in households with very low work intensity
Child poverty,Italy,2018,Total,7.1,,Children living in households with very low work intensity
Child poverty,Cyprus,2018,Total,8.6,,Children living in households with very low work intensity
Child poverty,Latvia,2018,Total,6,,Children living in households with very low work intensity
Child poverty,Lithuania,2018,Total,10.4,,Children living in households with very low work intensity
Child poverty,Luxembourg,2018,Total,3.9,,Children living in households with very low work intensity
Child poverty,Hungary,2018,Total,4.7,,Children living in households with very low work intensity
Child poverty,Malta,2018,Total,6.3,,Children living in households with very low work intensity
Child poverty,Netherlands,2018,Total,5.8,,Children living in households with very low work intensity
Child poverty,Austria,2018,Total,6.2,,Children living in households with very low work intensity
Child poverty,Poland,2018,Total,4.3,,Children living in households with very low work intensity
Child poverty,Portugal,2018,Total,5.5,,Children living in households with very low work intensity
Child poverty,Romania,2018,Total,7.1,,Children living in households with very low work intensity
Child poverty,Slovenia,2018,Total,2.3,,Children living in households with very low work intensity
Child poverty,Slovakia,2018,Total,6.3,,Children living in households with very low work intensity
Child poverty,Finland,2018,Total,8.6,,Children living in households with very low work intensity
Child poverty,Sweden,2018,Total,9.2,,Children living in households with very low work intensity
Child poverty,EU27,2019,Total,6.4,,Children living in households with very low work intensity
Child poverty,Belgium,2019,Total,10.5,,Children living in households with very low work intensity
Child poverty,Bulgaria,2019,Total,11.3,,Children living in households with very low work intensity
Child poverty,Czechia,2019,Total,3.7,,Children living in households with very low work intensity
Child poverty,Denmark,2019,Total,5,,Children living in households with very low work intensity
Child poverty,Germany,2019,Total,5.1,,Children living in households with very low work intensity
Child poverty,Estonia,2019,Total,3.6,,Children living in households with very low work intensity
Child poverty,Ireland,2019,Total,14.8,,Children living in households with very low work intensity
Child poverty,Greece,2019,Total,7.9,,Children living in households with very low work intensity
Child poverty,Spain,2019,Total,8.1,,Children living in households with very low work intensity
Child poverty,France,2019,Total,7.1,,Children living in households with very low work intensity
Child poverty,Croatia,2019,Total,6.6,,Children living in households with very low work intensity
Child poverty,Italy,2019,Total,6.2,,Children living in households with very low work intensity
Child poverty,Cyprus,2019,Total,5.4,,Children living in households with very low work intensity
Child poverty,Latvia,2019,Total,5.6,,Children living in households with very low work intensity
Child poverty,Lithuania,2019,Total,7.5,,Children living in households with very low work intensity
Child poverty,Luxembourg,2019,Total,4.7,,Children living in households with very low work intensity
Child poverty,Hungary,2019,Total,4.6,,Children living in households with very low work intensity
Child poverty,Malta,2019,Total,5.3,,Children living in households with very low work intensity
Child poverty,Netherlands,2019,Total,6.6,,Children living in households with very low work intensity
Child poverty,Austria,2019,Total,7.7,,Children living in households with very low work intensity
Child poverty,Poland,2019,Total,3.6,,Children living in households with very low work intensity
Child poverty,Portugal,2019,Total,5.2,,Children living in households with very low work intensity
Child poverty,Romania,2019,Total,5,,Children living in households with very low work intensity
Child poverty,Slovenia,2019,Total,2.6,,Children living in households with very low work intensity
Child poverty,Slovakia,2019,Total,6.8,,Children living in households with very low work intensity
Child poverty,Finland,2019,Total,6.8,b,Children living in households with very low work intensity
Child poverty,Sweden,2019,Total,9.2,,Children living in households with very low work intensity
Child poverty,EU27,2020,Total,7.6,,Children living in households with very low work intensity
Child poverty,Belgium,2020,Total,10.8,,Children living in households with very low work intensity
Child poverty,Bulgaria,2020,Total,10.7,,Children living in households with very low work intensity
Child poverty,Czechia,2020,Total,4.1,,Children living in households with very low work intensity
Child poverty,Denmark,2020,Total,5.8,,Children living in households with very low work intensity
Child poverty,Germany,2020,Total,9.4,b,Children living in households with very low work intensity
Child poverty,Estonia,2020,Total,3.1,,Children living in households with very low work intensity
Child poverty,Ireland,2020,Total,12.4,b,Children living in households with very low work intensity
Child poverty,Greece,2020,Total,7.7,,Children living in households with very low work intensity
Child poverty,Spain,2020,Total,7.1,,Children living in households with very low work intensity
Child poverty,France,2020,Total,9.7,b,Children living in households with very low work intensity
Child poverty,Croatia,2020,Total,6.7,,Children living in households with very low work intensity
Child poverty,Italy,2020,Total,7.4,,Children living in households with very low work intensity
Child poverty,Cyprus,2020,Total,3.9,,Children living in households with very low work intensity
Child poverty,Latvia,2020,Total,7,,Children living in households with very low work intensity
Child poverty,Lithuania,2020,Total,6.7,,Children living in households with very low work intensity
Child poverty,Luxembourg,2020,Total,5.4,b,Children living in households with very low work intensity
Child poverty,Hungary,2020,Total,5.3,,Children living in households with very low work intensity
Child poverty,Malta,2020,Total,6.1,,Children living in households with very low work intensity
Child poverty,Netherlands,2020,Total,7.2,,Children living in households with very low work intensity
Child poverty,Austria,2020,Total,6.5,,Children living in households with very low work intensity
Child poverty,Poland,2020,Total,3.2,,Children living in households with very low work intensity
Child poverty,Portugal,2020,Total,3.8,,Children living in households with very low work intensity
Child poverty,Romania,2020,Total,5.7,,Children living in households with very low work intensity
Child poverty,Slovenia,2020,Total,2.2,,Children living in households with very low work intensity
Child poverty,Slovakia,2020,Total,3.9,,Children living in households with very low work intensity
Child poverty,Finland,2020,Total,7.6,,Children living in households with very low work intensity
Child poverty,Sweden,2020,Total,8.8,,Children living in households with very low work intensity
Child poverty,EU27,2021,Total,8.3,,Children living in households with very low work intensity
Child poverty,Belgium,2021,Total,9.7,,Children living in households with very low work intensity
Child poverty,Bulgaria,2021,Total,10.6,,Children living in households with very low work intensity
Child poverty,Czechia,2021,Total,6.4,,Children living in households with very low work intensity
Child poverty,Denmark,2021,Total,5.7,,Children living in households with very low work intensity
Child poverty,Germany,2021,Total,10.8,,Children living in households with very low work intensity
Child poverty,Estonia,2021,Total,3.9,,Children living in households with very low work intensity
Child poverty,Ireland,2021,Total,13.6,,Children living in households with very low work intensity
Child poverty,Greece,2021,Total,7.5,,Children living in households with very low work intensity
Child poverty,Spain,2021,Total,9.1,,Children living in households with very low work intensity
Child poverty,France,2021,Total,11.5,,Children living in households with very low work intensity
Child poverty,Croatia,2021,Total,6.2,,Children living in households with very low work intensity
Child poverty,Italy,2021,Total,8.2,,Children living in households with very low work intensity
Child poverty,Cyprus,2021,Total,4.8,,Children living in households with very low work intensity
Child poverty,Latvia,2021,Total,6,,Children living in households with very low work intensity
Child poverty,Lithuania,2021,Total,8.1,,Children living in households with very low work intensity
Child poverty,Luxembourg,2021,Total,4.1,b,Children living in households with very low work intensity
Child poverty,Hungary,2021,Total,6,,Children living in households with very low work intensity
Child poverty,Malta,2021,Total,6.5,,Children living in households with very low work intensity
Child poverty,Netherlands,2021,Total,7,,Children living in households with very low work intensity
Child poverty,Austria,2021,Total,6.9,,Children living in households with very low work intensity
Child poverty,Poland,2021,Total,2.9,,Children living in households with very low work intensity
Child poverty,Portugal,2021,Total,4.1,,Children living in households with very low work intensity
Child poverty,Romania,2021,Total,3.2,,Children living in households with very low work intensity
Child poverty,Slovenia,2021,Total,1.7,,Children living in households with very low work intensity
Child poverty,Slovakia,2021,Total,4.7,,Children living in households with very low work intensity
Child poverty,Finland,2021,Total,6.8,,Children living in households with very low work intensity
Child poverty,Sweden,2021,Total,8.5,,Children living in households with very low work intensity
Child poverty,EU27,2022,Total,7.6,,Children living in households with very low work intensity
Child poverty,Belgium,2022,Total,9.7,,Children living in households with very low work intensity
Child poverty,Bulgaria,2022,Total,10.6,,Children living in households with very low work intensity
Child poverty,Czechia,2022,Total,5.4,,Children living in households with very low work intensity
Child poverty,Denmark,2022,Total,4.6,,Children living in households with very low work intensity
Child poverty,Germany,2022,Total,10.8,,Children living in households with very low work intensity
Child poverty,Estonia,2022,Total,3.6,,Children living in households with very low work intensity
Child poverty,Ireland,2022,Total,10.9,,Children living in households with very low work intensity
Child poverty,Greece,2022,Total,4.7,,Children living in households with very low work intensity
Child poverty,Spain,2022,Total,6.5,,Children living in households with very low work intensity
Child poverty,France,2022,Total,10.7,b,Children living in households with very low work intensity
Child poverty,Croatia,2022,Total,5.7,,Children living in households with very low work intensity
Child poverty,Italy,2022,Total,6.2,,Children living in households with very low work intensity
Child poverty,Cyprus,2022,Total,2.5,,Children living in households with very low work intensity
Child poverty,Latvia,2022,Total,6.4,,Children living in households with very low work intensity
Child poverty,Lithuania,2022,Total,8.6,,Children living in households with very low work intensity
Child poverty,Luxembourg,2022,Total,2,b,Children living in households with very low work intensity
Child poverty,Hungary,2022,Total,5.2,,Children living in households with very low work intensity
Child poverty,Malta,2022,Total,4.4,,Children living in households with very low work intensity
Child poverty,Netherlands,2022,Total,6.7,,Children living in households with very low work intensity
Child poverty,Austria,2022,Total,4.7,,Children living in households with very low work intensity
Child poverty,Poland,2022,Total,3.1,,Children living in households with very low work intensity
Child poverty,Portugal,2022,Total,5.3,,Children living in households with very low work intensity
Child poverty,Romania,2022,Total,4.7,,Children living in households with very low work intensity
Child poverty,Slovenia,2022,Total,2.4,,Children living in households with very low work intensity
Child poverty,Slovakia,2022,Total,4.8,,Children living in households with very low work intensity
Child poverty,Finland,2022,Total,8.5,b,Children living in households with very low work intensity
Child poverty,Sweden,2022,Total,7.4,,Children living in households with very low work intensity
Child poverty,EU27,2023,Total,:,,Children living in households with very low work intensity
Child poverty,Belgium,2023,Total,8.8,,Children living in households with very low work intensity
Child poverty,Bulgaria,2023,Total,8.3,,Children living in households with very low work intensity
Child poverty,Czechia,2023,Total,:,,Children living in households with very low work intensity
Child poverty,Denmark,2023,Total,:,,Children living in households with very low work intensity
Child poverty,Germany,2023,Total,:,,Children living in households with very low work intensity
Child poverty,Estonia,2023,Total,4.3,,Children living in households with very low work intensity
Child poverty,Ireland,2023,Total,:,,Children living in households with very low work intensity
Child poverty,Greece,2023,Total,:,,Children living in households with very low work intensity
Child poverty,Spain,2023,Total,:,,Children living in households with very low work intensity
Child poverty,France,2023,Total,:,,Children living in households with very low work intensity
Child poverty,Croatia,2023,Total,:,,Children living in households with very low work intensity
Child poverty,Italy,2023,Total,:,,Children living in households with very low work intensity
Child poverty,Cyprus,2023,Total,:,,Children living in households with very low work intensity
Child poverty,Latvia,2023,Total,6.2,,Children living in households with very low work intensity
Child poverty,Lithuania,2023,Total,:,,Children living in households with very low work intensity
Child poverty,Luxembourg,2023,Total,:,,Children living in households with very low work intensity
Child poverty,Hungary,2023,Total,:,,Children living in households with very low work intensity
Child poverty,Malta,2023,Total,:,,Children living in households with very low work intensity
Child poverty,Netherlands,2023,Total,:,,Children living in households with very low work intensity
Child poverty,Austria,2023,Total,:,,Children living in households with very low work intensity
Child poverty,Poland,2023,Total,:,,Children living in households with very low work intensity
Child poverty,Portugal,2023,Total,:,,Children living in households with very low work intensity
Child poverty,Romania,2023,Total,:,,Children living in households with very low work intensity
Child poverty,Slovenia,2023,Total,:,,Children living in households with very low work intensity
Child poverty,Slovakia,2023,Total,:,,Children living in households with very low work intensity
Child poverty,Finland,2023,Total,:,,Children living in households with very low work intensity
Child poverty,Sweden,2023,Total,:,,Children living in households with very low work intensity
Child poverty,EU27,2015,Total,27.5,e,Relative median at-risk-of-poverty risk gap
Child poverty,Belgium,2015,Total,18,,Relative median at-risk-of-poverty risk gap
Child poverty,Bulgaria,2015,Total,37.8,,Relative median at-risk-of-poverty risk gap
Child poverty,Czechia,2015,Total,24.9,,Relative median at-risk-of-poverty risk gap
Child poverty,Denmark,2015,Total,25.1,,Relative median at-risk-of-poverty risk gap
Child poverty,Germany,2015,Total,18.2,,Relative median at-risk-of-poverty risk gap
Child poverty,Estonia,2015,Total,31,,Relative median at-risk-of-poverty risk gap
Child poverty,Ireland,2015,Total,17,,Relative median at-risk-of-poverty risk gap
Child poverty,Greece,2015,Total,34.5,,Relative median at-risk-of-poverty risk gap
Child poverty,Spain,2015,Total,40,,Relative median at-risk-of-poverty risk gap
Child poverty,France,2015,Total,15.3,,Relative median at-risk-of-poverty risk gap
Child poverty,Croatia,2015,Total,26.8,,Relative median at-risk-of-poverty risk gap
Child poverty,Italy,2015,Total,33.2,,Relative median at-risk-of-poverty risk gap
Child poverty,Cyprus,2015,Total,22.2,,Relative median at-risk-of-poverty risk gap
Child poverty,Latvia,2015,Total,34.2,,Relative median at-risk-of-poverty risk gap
Child poverty,Lithuania,2015,Total,27.7,,Relative median at-risk-of-poverty risk gap
Child poverty,Luxembourg,2015,Total,16.7,,Relative median at-risk-of-poverty risk gap
Child poverty,Hungary,2015,Total,22.5,,Relative median at-risk-of-poverty risk gap
Child poverty,Malta,2015,Total,21,,Relative median at-risk-of-poverty risk gap
Child poverty,Netherlands,2015,Total,14.3,,Relative median at-risk-of-poverty risk gap
Child poverty,Austria,2015,Total,20.5,,Relative median at-risk-of-poverty risk gap
Child poverty,Poland,2015,Total,22.8,,Relative median at-risk-of-poverty risk gap
Child poverty,Portugal,2015,Total,31.4,,Relative median at-risk-of-poverty risk gap
Child poverty,Romania,2015,Total,43.1,,Relative median at-risk-of-poverty risk gap
Child poverty,Slovenia,2015,Total,20.8,,Relative median at-risk-of-poverty risk gap
Child poverty,Slovakia,2015,Total,29.9,,Relative median at-risk-of-poverty risk gap
Child poverty,Finland,2015,Total,11.3,,Relative median at-risk-of-poverty risk gap
Child poverty,Sweden,2015,Total,20.5,,Relative median at-risk-of-poverty risk gap
Child poverty,EU27,2016,Total,27,e,Relative median at-risk-of-poverty risk gap
Child poverty,Belgium,2016,Total,18.6,,Relative median at-risk-of-poverty risk gap
Child poverty,Bulgaria,2016,Total,42.9,b,Relative median at-risk-of-poverty risk gap
Child poverty,Czechia,2016,Total,25.9,,Relative median at-risk-of-poverty risk gap
Child poverty,Denmark,2016,Total,21.5,,Relative median at-risk-of-poverty risk gap
Child poverty,Germany,2016,Total,16.8,,Relative median at-risk-of-poverty risk gap
Child poverty,Estonia,2016,Total,24.6,,Relative median at-risk-of-poverty risk gap
Child poverty,Ireland,2016,Total,19.4,,Relative median at-risk-of-poverty risk gap
Child poverty,Greece,2016,Total,33.3,,Relative median at-risk-of-poverty risk gap
Child poverty,Spain,2016,Total,35.9,,Relative median at-risk-of-poverty risk gap
Child poverty,France,2016,Total,16.8,,Relative median at-risk-of-poverty risk gap
Child poverty,Croatia,2016,Total,26.1,,Relative median at-risk-of-poverty risk gap
Child poverty,Italy,2016,Total,32.9,,Relative median at-risk-of-poverty risk gap
Child poverty,Cyprus,2016,Total,17.2,,Relative median at-risk-of-poverty risk gap
Child poverty,Latvia,2016,Total,25.4,,Relative median at-risk-of-poverty risk gap
Child poverty,Lithuania,2016,Total,29.6,,Relative median at-risk-of-poverty risk gap
Child poverty,Luxembourg,2016,Total,19.7,b,Relative median at-risk-of-poverty risk gap
Child poverty,Hungary,2016,Total,17.5,,Relative median at-risk-of-poverty risk gap
Child poverty,Malta,2016,Total,16.8,,Relative median at-risk-of-poverty risk gap
Child poverty,Netherlands,2016,Total,17.1,b,Relative median at-risk-of-poverty risk gap
Child poverty,Austria,2016,Total,19.9,,Relative median at-risk-of-poverty risk gap
Child poverty,Poland,2016,Total,25.6,,Relative median at-risk-of-poverty risk gap
Child poverty,Portugal,2016,Total,28.7,,Relative median at-risk-of-poverty risk gap
Child poverty,Romania,2016,Total,40.7,,Relative median at-risk-of-poverty risk gap
Child poverty,Slovenia,2016,Total,18.9,,Relative median at-risk-of-poverty risk gap
Child poverty,Slovakia,2016,Total,31.6,,Relative median at-risk-of-poverty risk gap
Child poverty,Finland,2016,Total,13.6,,Relative median at-risk-of-poverty risk gap
Child poverty,Sweden,2016,Total,26.8,,Relative median at-risk-of-poverty risk gap
Child poverty,EU27,2017,Total,25.5,e,Relative median at-risk-of-poverty risk gap
Child poverty,Belgium,2017,Total,18.7,,Relative median at-risk-of-poverty risk gap
Child poverty,Bulgaria,2017,Total,42.8,,Relative median at-risk-of-poverty risk gap
Child poverty,Czechia,2017,Total,22.5,,Relative median at-risk-of-poverty risk gap
Child poverty,Denmark,2017,Total,20.7,,Relative median at-risk-of-poverty risk gap
Child poverty,Germany,2017,Total,14.6,,Relative median at-risk-of-poverty risk gap
Child poverty,Estonia,2017,Total,24,,Relative median at-risk-of-poverty risk gap
Child poverty,Ireland,2017,Total,19.4,,Relative median at-risk-of-poverty risk gap
Child poverty,Greece,2017,Total,29.6,,Relative median at-risk-of-poverty risk gap
Child poverty,Spain,2017,Total,36.5,,Relative median at-risk-of-poverty risk gap
Child poverty,France,2017,Total,16.9,,Relative median at-risk-of-poverty risk gap
Child poverty,Croatia,2017,Total,24.9,,Relative median at-risk-of-poverty risk gap
Child poverty,Italy,2017,Total,28,,Relative median at-risk-of-poverty risk gap
Child poverty,Cyprus,2017,Total,15,,Relative median at-risk-of-poverty risk gap
Child poverty,Latvia,2017,Total,28.3,,Relative median at-risk-of-poverty risk gap
Child poverty,Lithuania,2017,Total,30.4,,Relative median at-risk-of-poverty risk gap
Child poverty,Luxembourg,2017,Total,23.4,,Relative median at-risk-of-poverty risk gap
Child poverty,Hungary,2017,Total,14.2,,Relative median at-risk-of-poverty risk gap
Child poverty,Malta,2017,Total,20.8,,Relative median at-risk-of-poverty risk gap
Child poverty,Netherlands,2017,Total,17.6,,Relative median at-risk-of-poverty risk gap
Child poverty,Austria,2017,Total,19.9,,Relative median at-risk-of-poverty risk gap
Child poverty,Poland,2017,Total,24.8,,Relative median at-risk-of-poverty risk gap
Child poverty,Portugal,2017,Total,30.2,,Relative median at-risk-of-poverty risk gap
Child poverty,Romania,2017,Total,40.3,,Relative median at-risk-of-poverty risk gap
Child poverty,Slovenia,2017,Total,16.3,,Relative median at-risk-of-poverty risk gap
Child poverty,Slovakia,2017,Total,30.3,,Relative median at-risk-of-poverty risk gap
Child poverty,Finland,2017,Total,11.6,,Relative median at-risk-of-poverty risk gap
Child poverty,Sweden,2017,Total,24.1,,Relative median at-risk-of-poverty risk gap
Child poverty,EU27,2018,Total,25.5,e,Relative median at-risk-of-poverty risk gap
Child poverty,Belgium,2018,Total,20.4,,Relative median at-risk-of-poverty risk gap
Child poverty,Bulgaria,2018,Total,39.7,,Relative median at-risk-of-poverty risk gap
Child poverty,Czechia,2018,Total,19,,Relative median at-risk-of-poverty risk gap
Child poverty,Denmark,2018,Total,16.4,,Relative median at-risk-of-poverty risk gap
Child poverty,Germany,2018,Total,17.8,,Relative median at-risk-of-poverty risk gap
Child poverty,Estonia,2018,Total,23.5,,Relative median at-risk-of-poverty risk gap
Child poverty,Ireland,2018,Total,14.1,,Relative median at-risk-of-poverty risk gap
Child poverty,Greece,2018,Total,30.2,,Relative median at-risk-of-poverty risk gap
Child poverty,Spain,2018,Total,31.6,,Relative median at-risk-of-poverty risk gap
Child poverty,France,2018,Total,16.4,,Relative median at-risk-of-poverty risk gap
Child poverty,Croatia,2018,Total,29.5,,Relative median at-risk-of-poverty risk gap
Child poverty,Italy,2018,Total,32,,Relative median at-risk-of-poverty risk gap
Child poverty,Cyprus,2018,Total,21.7,,Relative median at-risk-of-poverty risk gap
Child poverty,Latvia,2018,Total,30.7,,Relative median at-risk-of-poverty risk gap
Child poverty,Lithuania,2018,Total,32.3,,Relative median at-risk-of-poverty risk gap
Child poverty,Luxembourg,2018,Total,21.2,,Relative median at-risk-of-poverty risk gap
Child poverty,Hungary,2018,Total,36.9,,Relative median at-risk-of-poverty risk gap
Child poverty,Malta,2018,Total,21.9,,Relative median at-risk-of-poverty risk gap
Child poverty,Netherlands,2018,Total,20.9,,Relative median at-risk-of-poverty risk gap
Child poverty,Austria,2018,Total,21.8,,Relative median at-risk-of-poverty risk gap
Child poverty,Poland,2018,Total,20.1,,Relative median at-risk-of-poverty risk gap
Child poverty,Portugal,2018,Total,26.1,,Relative median at-risk-of-poverty risk gap
Child poverty,Romania,2018,Total,40.1,,Relative median at-risk-of-poverty risk gap
Child poverty,Slovenia,2018,Total,13.3,,Relative median at-risk-of-poverty risk gap
Child poverty,Slovakia,2018,Total,26.1,,Relative median at-risk-of-poverty risk gap
Child poverty,Finland,2018,Total,12,,Relative median at-risk-of-poverty risk gap
Child poverty,Sweden,2018,Total,21.7,,Relative median at-risk-of-poverty risk gap
Child poverty,EU27,2019,Total,25.4,e,Relative median at-risk-of-poverty risk gap
Child poverty,Belgium,2019,Total,15.4,b,Relative median at-risk-of-poverty risk gap
Child poverty,Bulgaria,2019,Total,38.7,,Relative median at-risk-of-poverty risk gap
Child poverty,Czechia,2019,Total,15,,Relative median at-risk-of-poverty risk gap
Child poverty,Denmark,2019,Total,11.6,,Relative median at-risk-of-poverty risk gap
Child poverty,Germany,2019,Total,15.8,,Relative median at-risk-of-poverty risk gap
Child poverty,Estonia,2019,Total,20.6,,Relative median at-risk-of-poverty risk gap
Child poverty,Ireland,2019,Total,16.9,,Relative median at-risk-of-poverty risk gap
Child poverty,Greece,2019,Total,25.8,,Relative median at-risk-of-poverty risk gap
Child poverty,Spain,2019,Total,31.9,,Relative median at-risk-of-poverty risk gap
Child poverty,France,2019,Total,17,,Relative median at-risk-of-poverty risk gap
Child poverty,Croatia,2019,Total,24.5,,Relative median at-risk-of-poverty risk gap
Child poverty,Italy,2019,Total,33.5,,Relative median at-risk-of-poverty risk gap
Child poverty,Cyprus,2019,Total,16.1,,Relative median at-risk-of-poverty risk gap
Child poverty,Latvia,2019,Total,25.7,,Relative median at-risk-of-poverty risk gap
Child poverty,Lithuania,2019,Total,25.3,,Relative median at-risk-of-poverty risk gap
Child poverty,Luxembourg,2019,Total,23.6,,Relative median at-risk-of-poverty risk gap
Child poverty,Hungary,2019,Total,32.2,,Relative median at-risk-of-poverty risk gap
Child poverty,Malta,2019,Total,20.6,,Relative median at-risk-of-poverty risk gap
Child poverty,Netherlands,2019,Total,15.2,,Relative median at-risk-of-poverty risk gap
Child poverty,Austria,2019,Total,25.2,,Relative median at-risk-of-poverty risk gap
Child poverty,Poland,2019,Total,20.2,,Relative median at-risk-of-poverty risk gap
Child poverty,Portugal,2019,Total,24.8,,Relative median at-risk-of-poverty risk gap
Child poverty,Romania,2019,Total,42.6,,Relative median at-risk-of-poverty risk gap
Child poverty,Slovenia,2019,Total,16.6,,Relative median at-risk-of-poverty risk gap
Child poverty,Slovakia,2019,Total,27.9,,Relative median at-risk-of-poverty risk gap
Child poverty,Finland,2019,Total,11.7,,Relative median at-risk-of-poverty risk gap
Child poverty,Sweden,2019,Total,22.7,,Relative median at-risk-of-poverty risk gap
Child poverty,EU27,2020,Total,26.5,,Relative median at-risk-of-poverty risk gap
Child poverty,Belgium,2020,Total,15.6,,Relative median at-risk-of-poverty risk gap
Child poverty,Bulgaria,2020,Total,38.9,,Relative median at-risk-of-poverty risk gap
Child poverty,Czechia,2020,Total,17.4,,Relative median at-risk-of-poverty risk gap
Child poverty,Denmark,2020,Total,15.7,b,Relative median at-risk-of-poverty risk gap
Child poverty,Germany,2020,Total,23.6,b,Relative median at-risk-of-poverty risk gap
Child poverty,Estonia,2020,Total,23.4,,Relative median at-risk-of-poverty risk gap
Child poverty,Ireland,2020,Total,13.8,b,Relative median at-risk-of-poverty risk gap
Child poverty,Greece,2020,Total,28.7,,Relative median at-risk-of-poverty risk gap
Child poverty,Spain,2020,Total,34.6,,Relative median at-risk-of-poverty risk gap
Child poverty,France,2020,Total,20.2,b,Relative median at-risk-of-poverty risk gap
Child poverty,Croatia,2020,Total,27.1,,Relative median at-risk-of-poverty risk gap
Child poverty,Italy,2020,Total,30.3,,Relative median at-risk-of-poverty risk gap
Child poverty,Cyprus,2020,Total,18.7,,Relative median at-risk-of-poverty risk gap
Child poverty,Latvia,2020,Total,26.6,,Relative median at-risk-of-poverty risk gap
Child poverty,Lithuania,2020,Total,23.2,,Relative median at-risk-of-poverty risk gap
Child poverty,Luxembourg,2020,Total,17.5,b,Relative median at-risk-of-poverty risk gap
Child poverty,Hungary,2020,Total,47.6,,Relative median at-risk-of-poverty risk gap
Child poverty,Malta,2020,Total,20.3,,Relative median at-risk-of-poverty risk gap
Child poverty,Netherlands,2020,Total,17.7,,Relative median at-risk-of-poverty risk gap
Child poverty,Austria,2020,Total,24.7,,Relative median at-risk-of-poverty risk gap
Child poverty,Poland,2020,Total,20.4,,Relative median at-risk-of-poverty risk gap
Child poverty,Portugal,2020,Total,26.1,,Relative median at-risk-of-poverty risk gap
Child poverty,Romania,2020,Total,37.5,,Relative median at-risk-of-poverty risk gap
Child poverty,Slovenia,2020,Total,14.2,,Relative median at-risk-of-poverty risk gap
Child poverty,Slovakia,2020,Total,29.2,,Relative median at-risk-of-poverty risk gap
Child poverty,Finland,2020,Total,9.5,,Relative median at-risk-of-poverty risk gap
Child poverty,Sweden,2020,Total,19.9,,Relative median at-risk-of-poverty risk gap
Child poverty,EU27,2021,Total,25.7,,Relative median at-risk-of-poverty risk gap
Child poverty,Belgium,2021,Total,14.2,,Relative median at-risk-of-poverty risk gap
Child poverty,Bulgaria,2021,Total,33.7,,Relative median at-risk-of-poverty risk gap
Child poverty,Czechia,2021,Total,23,,Relative median at-risk-of-poverty risk gap
Child poverty,Denmark,2021,Total,19.4,,Relative median at-risk-of-poverty risk gap
Child poverty,Germany,2021,Total,20.1,,Relative median at-risk-of-poverty risk gap
Child poverty,Estonia,2021,Total,25.1,,Relative median at-risk-of-poverty risk gap
Child poverty,Ireland,2021,Total,16.6,,Relative median at-risk-of-poverty risk gap
Child poverty,Greece,2021,Total,27.1,,Relative median at-risk-of-poverty risk gap
Child poverty,Spain,2021,Total,34.5,,Relative median at-risk-of-poverty risk gap
Child poverty,France,2021,Total,18.4,,Relative median at-risk-of-poverty risk gap
Child poverty,Croatia,2021,Total,25.3,,Relative median at-risk-of-poverty risk gap
Child poverty,Italy,2021,Total,29.3,,Relative median at-risk-of-poverty risk gap
Child poverty,Cyprus,2021,Total,16.7,,Relative median at-risk-of-poverty risk gap
Child poverty,Latvia,2021,Total,23.6,,Relative median at-risk-of-poverty risk gap
Child poverty,Lithuania,2021,Total,20.6,,Relative median at-risk-of-poverty risk gap
Child poverty,Luxembourg,2021,Total,19.3,b,Relative median at-risk-of-poverty risk gap
Child poverty,Hungary,2021,Total,36,,Relative median at-risk-of-poverty risk gap
Child poverty,Malta,2021,Total,24.8,,Relative median at-risk-of-poverty risk gap
Child poverty,Netherlands,2021,Total,26,,Relative median at-risk-of-poverty risk gap
Child poverty,Austria,2021,Total,24.5,,Relative median at-risk-of-poverty risk gap
Child poverty,Poland,2021,Total,16.8,,Relative median at-risk-of-poverty risk gap
Child poverty,Portugal,2021,Total,31.6,,Relative median at-risk-of-poverty risk gap
Child poverty,Romania,2021,Total,39.2,,Relative median at-risk-of-poverty risk gap
Child poverty,Slovenia,2021,Total,17,,Relative median at-risk-of-poverty risk gap
Child poverty,Slovakia,2021,Total,28.7,,Relative median at-risk-of-poverty risk gap
Child poverty,Finland,2021,Total,9.2,,Relative median at-risk-of-poverty risk gap
Child poverty,Sweden,2021,Total,21.3,,Relative median at-risk-of-poverty risk gap
Child poverty,EU27,2022,Total,24.4,,Relative median at-risk-of-poverty risk gap
Child poverty,Belgium,2022,Total,21.2,,Relative median at-risk-of-poverty risk gap
Child poverty,Bulgaria,2022,Total,42.8,,Relative median at-risk-of-poverty risk gap
Child poverty,Czechia,2022,Total,22.9,,Relative median at-risk-of-poverty risk gap
Child poverty,Denmark,2022,Total,17,,Relative median at-risk-of-poverty risk gap
Child poverty,Germany,2022,Total,16.8,,Relative median at-risk-of-poverty risk gap
Child poverty,Estonia,2022,Total,23.2,,Relative median at-risk-of-poverty risk gap
Child poverty,Ireland,2022,Total,21.5,,Relative median at-risk-of-poverty risk gap
Child poverty,Greece,2022,Total,24.9,,Relative median at-risk-of-poverty risk gap
Child poverty,Spain,2022,Total,31.8,,Relative median at-risk-of-poverty risk gap
Child poverty,France,2022,Total,19.8,b,Relative median at-risk-of-poverty risk gap
Child poverty,Croatia,2022,Total,23.6,,Relative median at-risk-of-poverty risk gap
Child poverty,Italy,2022,Total,27.9,,Relative median at-risk-of-poverty risk gap
Child poverty,Cyprus,2022,Total,18.1,,Relative median at-risk-of-poverty risk gap
Child poverty,Latvia,2022,Total,25.7,,Relative median at-risk-of-poverty risk gap
Child poverty,Lithuania,2022,Total,21.1,,Relative median at-risk-of-poverty risk gap
Child poverty,Luxembourg,2022,Total,18.4,b,Relative median at-risk-of-poverty risk gap
Child poverty,Hungary,2022,Total,14.5,,Relative median at-risk-of-poverty risk gap
Child poverty,Malta,2022,Total,21,,Relative median at-risk-of-poverty risk gap
Child poverty,Netherlands,2022,Total,26,,Relative median at-risk-of-poverty risk gap
Child poverty,Austria,2022,Total,25.9,,Relative median at-risk-of-poverty risk gap
Child poverty,Poland,2022,Total,20.9,,Relative median at-risk-of-poverty risk gap
Child poverty,Portugal,2022,Total,26.1,,Relative median at-risk-of-poverty risk gap
Child poverty,Romania,2022,Total,33.1,,Relative median at-risk-of-poverty risk gap
Child poverty,Slovenia,2022,Total,17.1,,Relative median at-risk-of-poverty risk gap
Child poverty,Slovakia,2022,Total,25,,Relative median at-risk-of-poverty risk gap
Child poverty,Finland,2022,Total,12.3,,Relative median at-risk-of-poverty risk gap
Child poverty,Sweden,2022,Total,21.4,,Relative median at-risk-of-poverty risk gap
Child poverty,EU27,2023,Total,:,,Relative median at-risk-of-poverty risk gap
Child poverty,Belgium,2023,Total,15.4,,Relative median at-risk-of-poverty risk gap
Child poverty,Bulgaria,2023,Total,31.9,,Relative median at-risk-of-poverty risk gap
Child poverty,Czechia,2023,Total,:,,Relative median at-risk-of-poverty risk gap
Child poverty,Denmark,2023,Total,:,,Relative median at-risk-of-poverty risk gap
Child poverty,Germany,2023,Total,:,,Relative median at-risk-of-poverty risk gap
Child poverty,Estonia,2023,Total,25.3,,Relative median at-risk-of-poverty risk gap
Child poverty,Ireland,2023,Total,:,,Relative median at-risk-of-poverty risk gap
Child poverty,Greece,2023,Total,:,,Relative median at-risk-of-poverty risk gap
Child poverty,Spain,2023,Total,:,,Relative median at-risk-of-poverty risk gap
Child poverty,France,2023,Total,:,,Relative median at-risk-of-poverty risk gap
Child poverty,Croatia,2023,Total,:,,Relative median at-risk-of-poverty risk gap
Child poverty,Italy,2023,Total,:,,Relative median at-risk-of-poverty risk gap
Child poverty,Cyprus,2023,Total,:,,Relative median at-risk-of-poverty risk gap
Child poverty,Latvia,2023,Total,25.3,,Relative median at-risk-of-poverty risk gap
Child poverty,Lithuania,2023,Total,:,,Relative median at-risk-of-poverty risk gap
Child poverty,Luxembourg,2023,Total,:,,Relative median at-risk-of-poverty risk gap
Child poverty,Hungary,2023,Total,:,,Relative median at-risk-of-poverty risk gap
Child poverty,Malta,2023,Total,:,,Relative median at-risk-of-poverty risk gap
Child poverty,Netherlands,2023,Total,:,,Relative median at-risk-of-poverty risk gap
Child poverty,Austria,2023,Total,:,,Relative median at-risk-of-poverty risk gap
Child poverty,Poland,2023,Total,:,,Relative median at-risk-of-poverty risk gap
Child poverty,Portugal,2023,Total,:,,Relative median at-risk-of-poverty risk gap
Child poverty,Romania,2023,Total,:,,Relative median at-risk-of-poverty risk gap
Child poverty,Slovenia,2023,Total,:,,Relative median at-risk-of-poverty risk gap
Child poverty,Slovakia,2023,Total,:,,Relative median at-risk-of-poverty risk gap
Child poverty,Finland,2023,Total,:,,Relative median at-risk-of-poverty risk gap
Child poverty,Sweden,2023,Total,:,,Relative median at-risk-of-poverty risk gap
Child poverty,EU27,2017,Moderate,3.2,e,Children with limitation in activities due to health problems
Child poverty,Belgium,2017,Moderate,3.5,,Children with limitation in activities due to health problems
Child poverty,Bulgaria,2017,Moderate,1.6,,Children with limitation in activities due to health problems
Child poverty,Czechia,2017,Moderate,5.4,,Children with limitation in activities due to health problems
Child poverty,Denmark,2017,Moderate,:,u,Children with limitation in activities due to health problems
Child poverty,Germany,2017,Moderate,3.8,,Children with limitation in activities due to health problems
Child poverty,Estonia,2017,Moderate,7.4,,Children with limitation in activities due to health problems
Child poverty,Ireland,2017,Moderate,3.3,,Children with limitation in activities due to health problems
Child poverty,Greece,2017,Moderate,1.3,,Children with limitation in activities due to health problems
Child poverty,Spain,2017,Moderate,2.1,,Children with limitation in activities due to health problems
Child poverty,France,2017,Moderate,3.7,,Children with limitation in activities due to health problems
Child poverty,Croatia,2017,Moderate,2,,Children with limitation in activities due to health problems
Child poverty,Italy,2017,Moderate,0.5,,Children with limitation in activities due to health problems
Child poverty,Cyprus,2017,Moderate,0.9,,Children with limitation in activities due to health problems
Child poverty,Latvia,2017,Moderate,11.4,,Children with limitation in activities due to health problems
Child poverty,Lithuania,2017,Moderate,7.9,,Children with limitation in activities due to health problems
Child poverty,Luxembourg,2017,Moderate,3.1,,Children with limitation in activities due to health problems
Child poverty,Hungary,2017,Moderate,3.6,,Children with limitation in activities due to health problems
Child poverty,Malta,2017,Moderate,1.7,,Children with limitation in activities due to health problems
Child poverty,Netherlands,2017,Moderate,:,u,Children with limitation in activities due to health problems
Child poverty,Austria,2017,Moderate,4.5,,Children with limitation in activities due to health problems
Child poverty,Poland,2017,Moderate,2.6,,Children with limitation in activities due to health problems
Child poverty,Portugal,2017,Moderate,4.6,,Children with limitation in activities due to health problems
Child poverty,Romania,2017,Moderate,7.4,,Children with limitation in activities due to health problems
Child poverty,Slovenia,2017,Moderate,:,u,Children with limitation in activities due to health problems
Child poverty,Slovakia,2017,Moderate,1.5,,Children with limitation in activities due to health problems
Child poverty,Finland,2017,Moderate,:,u,Children with limitation in activities due to health problems
Child poverty,Sweden,2017,Moderate,:,u,Children with limitation in activities due to health problems
Child poverty,EU27,2017,Severe,0.8,e,Children with limitation in activities due to health problems
Child poverty,Belgium,2017,Severe,1.5,,Children with limitation in activities due to health problems
Child poverty,Bulgaria,2017,Severe,0.6,,Children with limitation in activities due to health problems
Child poverty,Czechia,2017,Severe,1.1,,Children with limitation in activities due to health problems
Child poverty,Denmark,2017,Severe,:,u,Children with limitation in activities due to health problems
Child poverty,Germany,2017,Severe,0.8,,Children with limitation in activities due to health problems
Child poverty,Estonia,2017,Severe,1,,Children with limitation in activities due to health problems
Child poverty,Ireland,2017,Severe,1.6,,Children with limitation in activities due to health problems
Child poverty,Greece,2017,Severe,0.7,,Children with limitation in activities due to health problems
Child poverty,Spain,2017,Severe,0.7,,Children with limitation in activities due to health problems
Child poverty,France,2017,Severe,1.1,,Children with limitation in activities due to health problems
Child poverty,Croatia,2017,Severe,0.8,,Children with limitation in activities due to health problems
Child poverty,Italy,2017,Severe,0.3,,Children with limitation in activities due to health problems
Child poverty,Cyprus,2017,Severe,0.8,,Children with limitation in activities due to health problems
Child poverty,Latvia,2017,Severe,1,,Children with limitation in activities due to health problems
Child poverty,Lithuania,2017,Severe,0.8,,Children with limitation in activities due to health problems
Child poverty,Luxembourg,2017,Severe,1.9,,Children with limitation in activities due to health problems
Child poverty,Hungary,2017,Severe,1,,Children with limitation in activities due to health problems
Child poverty,Malta,2017,Severe,0.8,,Children with limitation in activities due to health problems
Child poverty,Netherlands,2017,Severe,:,u,Children with limitation in activities due to health problems
Child poverty,Austria,2017,Severe,1.5,,Children with limitation in activities due to health problems
Child poverty,Poland,2017,Severe,1,,Children with limitation in activities due to health problems
Child poverty,Portugal,2017,Severe,0.6,,Children with limitation in activities due to health problems
Child poverty,Romania,2017,Severe,0.2,,Children with limitation in activities due to health problems
Child poverty,Slovenia,2017,Severe,:,u,Children with limitation in activities due to health problems
Child poverty,Slovakia,2017,Severe,1,,Children with limitation in activities due to health problems
Child poverty,Finland,2017,Severe,:,u,Children with limitation in activities due to health problems
Child poverty,Sweden,2017,Severe,:,u,Children with limitation in activities due to health problems
Child poverty,EU27,2017,Total,4,,Children with limitation in activities due to health problems
Child poverty,Belgium,2017,Total,5,,Children with limitation in activities due to health problems
Child poverty,Bulgaria,2017,Total,2.2,,Children with limitation in activities due to health problems
Child poverty,Czechia,2017,Total,6.5,,Children with limitation in activities due to health problems
Child poverty,Denmark,2017,Total,:,,Children with limitation in activities due to health problems
Child poverty,Germany,2017,Total,4.6,,Children with limitation in activities due to health problems
Child poverty,Estonia,2017,Total,8.4,,Children with limitation in activities due to health problems
Child poverty,Ireland,2017,Total,4.9,,Children with limitation in activities due to health problems
Child poverty,Greece,2017,Total,2,,Children with limitation in activities due to health problems
Child poverty,Spain,2017,Total,2.8,,Children with limitation in activities due to health problems
Child poverty,France,2017,Total,4.8,,Children with limitation in activities due to health problems
Child poverty,Croatia,2017,Total,2.8,,Children with limitation in activities due to health problems
Child poverty,Italy,2017,Total,0.8,,Children with limitation in activities due to health problems
Child poverty,Cyprus,2017,Total,1.7,,Children with limitation in activities due to health problems
Child poverty,Latvia,2017,Total,12.4,,Children with limitation in activities due to health problems
Child poverty,Lithuania,2017,Total,8.7,,Children with limitation in activities due to health problems
Child poverty,Luxembourg,2017,Total,5,,Children with limitation in activities due to health problems
Child poverty,Hungary,2017,Total,4.6,,Children with limitation in activities due to health problems
Child poverty,Malta,2017,Total,2.5,,Children with limitation in activities due to health problems
Child poverty,Netherlands,2017,Total,:,,Children with limitation in activities due to health problems
Child poverty,Austria,2017,Total,6,,Children with limitation in activities due to health problems
Child poverty,Poland,2017,Total,3.6,,Children with limitation in activities due to health problems
Child poverty,Portugal,2017,Total,5.2,,Children with limitation in activities due to health problems
Child poverty,Romania,2017,Total,7.6,,Children with limitation in activities due to health problems
Child poverty,Slovenia,2017,Total,:,,Children with limitation in activities due to health problems
Child poverty,Slovakia,2017,Total,2.5,,Children with limitation in activities due to health problems
Child poverty,Finland,2017,Total,:,,Children with limitation in activities due to health problems
Child poverty,Sweden,2017,Total,:,,Children with limitation in activities due to health problems
Child poverty,EU27,2021,Moderate,3.4,,Children with limitation in activities due to health problems
Child poverty,Belgium,2021,Moderate,4.6,,Children with limitation in activities due to health problems
Child poverty,Bulgaria,2021,Moderate,3.4,,Children with limitation in activities due to health problems
Child poverty,Czechia,2021,Moderate,2.8,,Children with limitation in activities due to health problems
Child poverty,Denmark,2021,Moderate,7.5,,Children with limitation in activities due to health problems
Child poverty,Germany,2021,Moderate,3,,Children with limitation in activities due to health problems
Child poverty,Estonia,2021,Moderate,6,,Children with limitation in activities due to health problems
Child poverty,Ireland,2021,Moderate,3.7,,Children with limitation in activities due to health problems
Child poverty,Greece,2021,Moderate,0.5,,Children with limitation in activities due to health problems
Child poverty,Spain,2021,Moderate,6.6,,Children with limitation in activities due to health problems
Child poverty,France,2021,Moderate,2.9,,Children with limitation in activities due to health problems
Child poverty,Croatia,2021,Moderate,2.2,,Children with limitation in activities due to health problems
Child poverty,Italy,2021,Moderate,1.6,,Children with limitation in activities due to health problems
Child poverty,Cyprus,2021,Moderate,0.9,,Children with limitation in activities due to health problems
Child poverty,Latvia,2021,Moderate,2.4,,Children with limitation in activities due to health problems
Child poverty,Lithuania,2021,Moderate,3.9,,Children with limitation in activities due to health problems
Child poverty,Luxembourg,2021,Moderate,2.6,,Children with limitation in activities due to health problems
Child poverty,Hungary,2021,Moderate,2.3,,Children with limitation in activities due to health problems
Child poverty,Malta,2021,Moderate,1.5,,Children with limitation in activities due to health problems
Child poverty,Netherlands,2021,Moderate,3.9,,Children with limitation in activities due to health problems
Child poverty,Austria,2021,Moderate,2.7,,Children with limitation in activities due to health problems
Child poverty,Poland,2021,Moderate,3.2,,Children with limitation in activities due to health problems
Child poverty,Portugal,2021,Moderate,4.2,,Children with limitation in activities due to health problems
Child poverty,Romania,2021,Moderate,1.7,,Children with limitation in activities due to health problems
Child poverty,Slovenia,2021,Moderate,1.5,,Children with limitation in activities due to health problems
Child poverty,Slovakia,2021,Moderate,2.8,,Children with limitation in activities due to health problems
Child poverty,Finland,2021,Moderate,7.9,,Children with limitation in activities due to health problems
Child poverty,Sweden,2021,Moderate,5.6,,Children with limitation in activities due to health problems
Child poverty,EU27,2021,Severe,1,,Children with limitation in activities due to health problems
Child poverty,Belgium,2021,Severe,2,,Children with limitation in activities due to health problems
Child poverty,Bulgaria,2021,Severe,0.4,,Children with limitation in activities due to health problems
Child poverty,Czechia,2021,Severe,0.9,,Children with limitation in activities due to health problems
Child poverty,Denmark,2021,Severe,0.9,,Children with limitation in activities due to health problems
Child poverty,Germany,2021,Severe,1,,Children with limitation in activities due to health problems
Child poverty,Estonia,2021,Severe,1.4,,Children with limitation in activities due to health problems
Child poverty,Ireland,2021,Severe,1.6,,Children with limitation in activities due to health problems
Child poverty,Greece,2021,Severe,1.8,,Children with limitation in activities due to health problems
Child poverty,Spain,2021,Severe,0.6,,Children with limitation in activities due to health problems
Child poverty,France,2021,Severe,1.4,,Children with limitation in activities due to health problems
Child poverty,Croatia,2021,Severe,0.6,,Children with limitation in activities due to health problems
Child poverty,Italy,2021,Severe,0.9,,Children with limitation in activities due to health problems
Child poverty,Cyprus,2021,Severe,1.1,,Children with limitation in activities due to health problems
Child poverty,Latvia,2021,Severe,0.4,,Children with limitation in activities due to health problems
Child poverty,Lithuania,2021,Severe,0.8,,Children with limitation in activities due to health problems
Child poverty,Luxembourg,2021,Severe,0.2,,Children with limitation in activities due to health problems
Child poverty,Hungary,2021,Severe,0.9,,Children with limitation in activities due to health problems
Child poverty,Malta,2021,Severe,0.5,,Children with limitation in activities due to health problems
Child poverty,Netherlands,2021,Severe,0.6,,Children with limitation in activities due to health problems
Child poverty,Austria,2021,Severe,0.6,,Children with limitation in activities due to health problems
Child poverty,Poland,2021,Severe,1.1,,Children with limitation in activities due to health problems
Child poverty,Portugal,2021,Severe,0.4,,Children with limitation in activities due to health problems
Child poverty,Romania,2021,Severe,0.5,,Children with limitation in activities due to health problems
Child poverty,Slovenia,2021,Severe,0.8,,Children with limitation in activities due to health problems
Child poverty,Slovakia,2021,Severe,0.8,,Children with limitation in activities due to health problems
Child poverty,Finland,2021,Severe,1.4,,Children with limitation in activities due to health problems
Child poverty,Sweden,2021,Severe,1.3,,Children with limitation in activities due to health problems
Child poverty,EU27,2021,Total,4.4,,Children with limitation in activities due to health problems
Child poverty,Belgium,2021,Total,6.6,,Children with limitation in activities due to health problems
Child poverty,Bulgaria,2021,Total,3.8,,Children with limitation in activities due to health problems
Child poverty,Czechia,2021,Total,3.7,,Children with limitation in activities due to health problems
Child poverty,Denmark,2021,Total,8.4,,Children with limitation in activities due to health problems
Child poverty,Germany,2021,Total,4,,Children with limitation in activities due to health problems
Child poverty,Estonia,2021,Total,7.4,,Children with limitation in activities due to health problems
Child poverty,Ireland,2021,Total,5.3,,Children with limitation in activities due to health problems
Child poverty,Greece,2021,Total,2.3,,Children with limitation in activities due to health problems
Child poverty,Spain,2021,Total,7.2,,Children with limitation in activities due to health problems
Child poverty,France,2021,Total,4.3,,Children with limitation in activities due to health problems
Child poverty,Croatia,2021,Total,2.8,,Children with limitation in activities due to health problems
Child poverty,Italy,2021,Total,2.5,,Children with limitation in activities due to health problems
Child poverty,Cyprus,2021,Total,2,,Children with limitation in activities due to health problems
Child poverty,Latvia,2021,Total,2.8,,Children with limitation in activities due to health problems
Child poverty,Lithuania,2021,Total,4.7,,Children with limitation in activities due to health problems
Child poverty,Luxembourg,2021,Total,2.8,,Children with limitation in activities due to health problems
Child poverty,Hungary,2021,Total,3.2,,Children with limitation in activities due to health problems
Child poverty,Malta,2021,Total,2,,Children with limitation in activities due to health problems
Child poverty,Netherlands,2021,Total,4.5,,Children with limitation in activities due to health problems
Child poverty,Austria,2021,Total,3.3,,Children with limitation in activities due to health problems
Child poverty,Poland,2021,Total,4.3,,Children with limitation in activities due to health problems
Child poverty,Portugal,2021,Total,4.6,,Children with limitation in activities due to health problems
Child poverty,Romania,2021,Total,2.2,,Children with limitation in activities due to health problems
Child poverty,Slovenia,2021,Total,2.3,,Children with limitation in activities due to health problems
Child poverty,Slovakia,2021,Total,3.6,,Children with limitation in activities due to health problems
Child poverty,Finland,2021,Total,9.3,,Children with limitation in activities due to health problems
Child poverty,Sweden,2021,Total,6.9,,Children with limitation in activities due to health problems
Child poverty,EU27,2015,Total,27.4,,Children (aged less than 18) at risk of poverty or social exclusion
Child poverty,EU27,2016,Total,27.1,,Children (aged less than 18) at risk of poverty or social exclusion
Child poverty,EU27,2017,Total,25.1,,Children (aged less than 18) at risk of poverty or social exclusion
Child poverty,EU27,2018,Total,23.9,,Children (aged less than 18) at risk of poverty or social exclusion
Child poverty,EU27,2019,Total,22.8,,Children (aged less than 18) at risk of poverty or social exclusion
Child poverty,EU27,2020,Total,24,,Children (aged less than 18) at risk of poverty or social exclusion
Child poverty,EU27,2021,Total,24.4,,Children (aged less than 18) at risk of poverty or social exclusion
