Country,Year,Breakdown,Value,Column,Flag,Column1,ID
Austria,2015,FROM 3 NON AROPE,90.1,,,,Children in formal childcare or education 
Austria,2016,FROM 3 NON AROPE,92,,,,Children in formal childcare or education 
Austria,2017,FROM 3 NON AROPE,89.7,,,,Children in formal childcare or education 
Austria,2018,FROM 3 NON AROPE,87.7,,,,Children in formal childcare or education 
Austria,2019,FROM 3 NON AROPE,88.4,,,,Children in formal childcare or education 
Austria,2020,FROM 3 NON AROPE,92,,,,Children in formal childcare or education 
Austria,2021,FROM 3 NON AROPE,93,,,,Children in formal childcare or education 
Austria,2022,FROM 3 NON AROPE,93.8,,,,Children in formal childcare or education 
Austria,2023,FROM 3 NON AROPE,93.7,,,,Children in formal childcare or education 
Austria,2024,FROM 3 NON AROPE,92.4,,,,Children in formal childcare or education 
Belgium,2015,FROM 3 NON AROPE,99.4,,,,Children in formal childcare or education 
Belgium,2016,FROM 3 NON AROPE,99.6,,,,Children in formal childcare or education 
Belgium,2017,FROM 3 NON AROPE,99.3,,,,Children in formal childcare or education 
Belgium,2018,FROM 3 NON AROPE,100,,,,Children in formal childcare or education 
Belgium,2019,FROM 3 NON AROPE,99.7,,b,,Children in formal childcare or education 
Belgium,2020,FROM 3 NON AROPE,98.1,,,,Children in formal childcare or education 
Belgium,2021,FROM 3 NON AROPE,98.4,,,,Children in formal childcare or education 
Belgium,2022,FROM 3 NON AROPE,99.6,,,,Children in formal childcare or education 
Belgium,2023,FROM 3 NON AROPE,99,,,,Children in formal childcare or education 
Belgium,2024,FROM 3 NON AROPE,99.1,,,,Children in formal childcare or education 
Bulgaria,2015,FROM 3 NON AROPE,86,,,,Children in formal childcare or education 
Bulgaria,2016,FROM 3 NON AROPE,90.1,,,,Children in formal childcare or education 
Bulgaria,2017,FROM 3 NON AROPE,80.9,,,,Children in formal childcare or education 
Bulgaria,2018,FROM 3 NON AROPE,83.5,,,,Children in formal childcare or education 
Bulgaria,2019,FROM 3 NON AROPE,93.2,,,,Children in formal childcare or education 
Bulgaria,2020,FROM 3 NON AROPE,96.1,,,,Children in formal childcare or education 
Bulgaria,2021,FROM 3 NON AROPE,94.6,,,,Children in formal childcare or education 
Bulgaria,2022,FROM 3 NON AROPE,97.4,,,,Children in formal childcare or education 
Bulgaria,2023,FROM 3 NON AROPE,98.5,,,,Children in formal childcare or education 
Bulgaria,2024,FROM 3 NON AROPE,96.5,,,,Children in formal childcare or education 
Croatia,2015,FROM 3 NON AROPE,67.4,,,,Children in formal childcare or education 
Croatia,2016,FROM 3 NON AROPE,69.2,,,,Children in formal childcare or education 
Croatia,2017,FROM 3 NON AROPE,70.4,,,,Children in formal childcare or education 
Croatia,2018,FROM 3 NON AROPE,67.1,,,,Children in formal childcare or education 
Croatia,2019,FROM 3 NON AROPE,69.1,,,,Children in formal childcare or education 
Croatia,2020,FROM 3 NON AROPE,72.9,,,,Children in formal childcare or education 
Croatia,2021,FROM 3 NON AROPE,78.5,,,,Children in formal childcare or education 
Croatia,2022,FROM 3 NON AROPE,80,,,,Children in formal childcare or education 
Croatia,2023,FROM 3 NON AROPE,87,,,,Children in formal childcare or education 
Croatia,2024,FROM 3 NON AROPE,89.6,,,,Children in formal childcare or education 
Cyprus,2015,FROM 3 NON AROPE,89.9,,,,Children in formal childcare or education 
Cyprus,2016,FROM 3 NON AROPE,88.8,,,,Children in formal childcare or education 
Cyprus,2017,FROM 3 NON AROPE,91.5,,,,Children in formal childcare or education 
Cyprus,2018,FROM 3 NON AROPE,91.7,,,,Children in formal childcare or education 
Cyprus,2019,FROM 3 NON AROPE,95.3,,,,Children in formal childcare or education 
Cyprus,2020,FROM 3 NON AROPE,91.6,,,,Children in formal childcare or education 
Cyprus,2021,FROM 3 NON AROPE,93.8,,,,Children in formal childcare or education 
Cyprus,2022,FROM 3 NON AROPE,87.7,,,,Children in formal childcare or education 
Cyprus,2023,FROM 3 NON AROPE,90.9,,,,Children in formal childcare or education 
Cyprus,2024,FROM 3 NON AROPE,92.7,,,,Children in formal childcare or education 
Czechia,2015,FROM 3 NON AROPE,85.7,,,,Children in formal childcare or education 
Czechia,2016,FROM 3 NON AROPE,88.2,,,,Children in formal childcare or education 
Czechia,2017,FROM 3 NON AROPE,87,,,,Children in formal childcare or education 
Czechia,2018,FROM 3 NON AROPE,83.8,,,,Children in formal childcare or education 
Czechia,2019,FROM 3 NON AROPE,82.3,,,,Children in formal childcare or education 
Czechia,2020,FROM 3 NON AROPE,80.7,,,,Children in formal childcare or education 
Czechia,2021,FROM 3 NON AROPE,65.7,,,,Children in formal childcare or education 
Czechia,2022,FROM 3 NON AROPE,81.8,,,,Children in formal childcare or education 
Czechia,2023,FROM 3 NON AROPE,83.6,,,,Children in formal childcare or education 
Czechia,2024,FROM 3 NON AROPE,83.4,,,,Children in formal childcare or education 
Denmark,2015,FROM 3 NON AROPE,98,,,,Children in formal childcare or education 
Denmark,2016,FROM 3 NON AROPE,98.4,,,,Children in formal childcare or education 
Denmark,2017,FROM 3 NON AROPE,97.6,,,,Children in formal childcare or education 
Denmark,2018,FROM 3 NON AROPE,96.1,,,,Children in formal childcare or education 
Denmark,2019,FROM 3 NON AROPE,94.6,,,,Children in formal childcare or education 
Denmark,2020,FROM 3 NON AROPE,91.3,,,,Children in formal childcare or education 
Denmark,2021,FROM 3 NON AROPE,92.5,,,,Children in formal childcare or education 
Denmark,2022,FROM 3 NON AROPE,93.2,,,,Children in formal childcare or education 
Denmark,2023,FROM 3 NON AROPE,99.1,,b,,Children in formal childcare or education 
Denmark,2024,FROM 3 NON AROPE,100,,,,Children in formal childcare or education 
EU 27,2015,FROM 3 NON AROPE,89.2,,,,Children in formal childcare or education 
EU 27,2016,FROM 3 NON AROPE,91.8,,,,Children in formal childcare or education 
EU 27,2017,FROM 3 NON AROPE,90.6,,,,Children in formal childcare or education 
EU 27,2018,FROM 3 NON AROPE,91.7,,,,Children in formal childcare or education 
EU 27,2019,FROM 3 NON AROPE,92.2,,,,Children in formal childcare or education 
EU 27,2020,FROM 3 NON AROPE,82,,,,Children in formal childcare or education 
EU 27,2021,FROM 3 NON AROPE,89.5,,,,Children in formal childcare or education 
EU 27,2022,FROM 3 NON AROPE,91.3,,,,Children in formal childcare or education 
EU 27,2023,FROM 3 NON AROPE,91,,,,Children in formal childcare or education 
EU 27,2024,FROM 3 NON AROPE,91.4,,,,Children in formal childcare or education 
Estonia,2015,FROM 3 NON AROPE,95.2,,,,Children in formal childcare or education 
Estonia,2016,FROM 3 NON AROPE,94.3,,,,Children in formal childcare or education 
Estonia,2017,FROM 3 NON AROPE,96.4,,,,Children in formal childcare or education 
Estonia,2018,FROM 3 NON AROPE,96.3,,,,Children in formal childcare or education 
Estonia,2019,FROM 3 NON AROPE,95.7,,,,Children in formal childcare or education 
Estonia,2020,FROM 3 NON AROPE,95.7,,,,Children in formal childcare or education 
Estonia,2021,FROM 3 NON AROPE,93.8,,,,Children in formal childcare or education 
Estonia,2022,FROM 3 NON AROPE,95.9,,,,Children in formal childcare or education 
Estonia,2023,FROM 3 NON AROPE,97,,,,Children in formal childcare or education 
Estonia,2024,FROM 3 NON AROPE,97.2,,,,Children in formal childcare or education 
Finland,2015,FROM 3 NON AROPE,85.6,,,,Children in formal childcare or education 
Finland,2016,FROM 3 NON AROPE,87.4,,,,Children in formal childcare or education 
Finland,2017,FROM 3 NON AROPE,87.3,,,,Children in formal childcare or education 
Finland,2018,FROM 3 NON AROPE,86,,,,Children in formal childcare or education 
Finland,2019,FROM 3 NON AROPE,88.7,,,,Children in formal childcare or education 
Finland,2020,FROM 3 NON AROPE,84.9,,,,Children in formal childcare or education 
Finland,2021,FROM 3 NON AROPE,92.4,,,,Children in formal childcare or education 
Finland,2022,FROM 3 NON AROPE,93.1,,,,Children in formal childcare or education 
Finland,2023,FROM 3 NON AROPE,94.8,,,,Children in formal childcare or education 
Finland,2024,FROM 3 NON AROPE,97.1,,,,Children in formal childcare or education 
France,2015,FROM 3 NON AROPE,96.1,,,,Children in formal childcare or education 
France,2016,FROM 3 NON AROPE,96.6,,,,Children in formal childcare or education 
France,2017,FROM 3 NON AROPE,97.4,,,,Children in formal childcare or education 
France,2018,FROM 3 NON AROPE,96.5,,,,Children in formal childcare or education 
France,2019,FROM 3 NON AROPE,96.7,,,,Children in formal childcare or education 
France,2020,FROM 3 NON AROPE,98.6,,b,,Children in formal childcare or education 
France,2021,FROM 3 NON AROPE,95.8,,,,Children in formal childcare or education 
France,2022,FROM 3 NON AROPE,97.9,,,,Children in formal childcare or education 
France,2023,FROM 3 NON AROPE,98.8,,,,Children in formal childcare or education 
France,2024,FROM 3 NON AROPE,95.7,,,,Children in formal childcare or education 
Germany,2015,FROM 3 NON AROPE,90.6,,,,Children in formal childcare or education 
Germany,2016,FROM 3 NON AROPE,93.7,,,,Children in formal childcare or education 
Germany,2017,FROM 3 NON AROPE,89.6,,,,Children in formal childcare or education 
Germany,2018,FROM 3 NON AROPE,92.3,,,,Children in formal childcare or education 
Germany,2019,FROM 3 NON AROPE,90.7,,,,Children in formal childcare or education 
Germany,2020,FROM 3 NON AROPE,60,,b,,Children in formal childcare or education 
Germany,2021,FROM 3 NON AROPE,90.6,,,,Children in formal childcare or education 
Germany,2022,FROM 3 NON AROPE,92.9,,,,Children in formal childcare or education 
Germany,2023,FROM 3 NON AROPE,88.8,,,,Children in formal childcare or education 
Germany,2024,FROM 3 NON AROPE,88.7,,,,Children in formal childcare or education 
Greece,2015,FROM 3 NON AROPE,76.1,,,,Children in formal childcare or education 
Greece,2016,FROM 3 NON AROPE,68,,,,Children in formal childcare or education 
Greece,2017,FROM 3 NON AROPE,90.7,,,,Children in formal childcare or education 
Greece,2018,FROM 3 NON AROPE,95.8,,,,Children in formal childcare or education 
Greece,2019,FROM 3 NON AROPE,93.6,,,,Children in formal childcare or education 
Greece,2020,FROM 3 NON AROPE,87.9,,,,Children in formal childcare or education 
Greece,2021,FROM 3 NON AROPE,83.9,,,,Children in formal childcare or education 
Greece,2022,FROM 3 NON AROPE,84.4,,,,Children in formal childcare or education 
Greece,2023,FROM 3 NON AROPE,89.7,,,,Children in formal childcare or education 
Greece,2024,FROM 3 NON AROPE,90.7,,,,Children in formal childcare or education 
Hungary,2015,FROM 3 NON AROPE,95,,,,Children in formal childcare or education 
Hungary,2016,FROM 3 NON AROPE,91.3,,,,Children in formal childcare or education 
Hungary,2017,FROM 3 NON AROPE,85.7,,,,Children in formal childcare or education 
Hungary,2018,FROM 3 NON AROPE,86.4,,,,Children in formal childcare or education 
Hungary,2019,FROM 3 NON AROPE,90.6,,,,Children in formal childcare or education 
Hungary,2020,FROM 3 NON AROPE,83.9,,,,Children in formal childcare or education 
Hungary,2021,FROM 3 NON AROPE,100,,,,Children in formal childcare or education 
Hungary,2022,FROM 3 NON AROPE,100,,,,Children in formal childcare or education 
Hungary,2023,FROM 3 NON AROPE,100,,,,Children in formal childcare or education 
Hungary,2024,FROM 3 NON AROPE,100,,,,Children in formal childcare or education 
Ireland,2015,FROM 3 NON AROPE,88.4,,,,Children in formal childcare or education 
Ireland,2016,FROM 3 NON AROPE,88.3,,,,Children in formal childcare or education 
Ireland,2017,FROM 3 NON AROPE,93.1,,,,Children in formal childcare or education 
Ireland,2018,FROM 3 NON AROPE,90,,,,Children in formal childcare or education 
Ireland,2019,FROM 3 NON AROPE,90.3,,b,,Children in formal childcare or education 
Ireland,2020,FROM 3 NON AROPE,90.6,,b,,Children in formal childcare or education 
Ireland,2021,FROM 3 NON AROPE,79,,,,Children in formal childcare or education 
Ireland,2022,FROM 3 NON AROPE,95.8,,,,Children in formal childcare or education 
Ireland,2023,FROM 3 NON AROPE,96.1,,,,Children in formal childcare or education 
Ireland,2024,FROM 3 NON AROPE,95.3,,,,Children in formal childcare or education 
Italy,2015,FROM 3 NON AROPE,91.3,,,,Children in formal childcare or education 
Italy,2016,FROM 3 NON AROPE,95.5,,,,Children in formal childcare or education 
Italy,2017,FROM 3 NON AROPE,94.2,,,,Children in formal childcare or education 
Italy,2018,FROM 3 NON AROPE,93.8,,,,Children in formal childcare or education 
Italy,2019,FROM 3 NON AROPE,97.3,,,,Children in formal childcare or education 
Italy,2020,FROM 3 NON AROPE,,,,,Children in formal childcare or education 
Italy,2021,FROM 3 NON AROPE,95.4,,,,Children in formal childcare or education 
Italy,2022,FROM 3 NON AROPE,95.3,,,,Children in formal childcare or education 
Italy,2023,FROM 3 NON AROPE,95.9,,,,Children in formal childcare or education 
Italy,2024,FROM 3 NON AROPE,95.1,,,,Children in formal childcare or education 
Latvia,2015,FROM 3 NON AROPE,93.4,,,,Children in formal childcare or education 
Latvia,2016,FROM 3 NON AROPE,89.3,,,,Children in formal childcare or education 
Latvia,2017,FROM 3 NON AROPE,90.6,,,,Children in formal childcare or education 
Latvia,2018,FROM 3 NON AROPE,90.7,,,,Children in formal childcare or education 
Latvia,2019,FROM 3 NON AROPE,90.4,,,,Children in formal childcare or education 
Latvia,2020,FROM 3 NON AROPE,87.7,,,,Children in formal childcare or education 
Latvia,2021,FROM 3 NON AROPE,90,,,,Children in formal childcare or education 
Latvia,2022,FROM 3 NON AROPE,93.3,,,,Children in formal childcare or education 
Latvia,2023,FROM 3 NON AROPE,95.8,,,,Children in formal childcare or education 
Latvia,2024,FROM 3 NON AROPE,97.5,,,,Children in formal childcare or education 
Lithuania,2015,FROM 3 NON AROPE,85.9,,,,Children in formal childcare or education 
Lithuania,2016,FROM 3 NON AROPE,83.5,,,,Children in formal childcare or education 
Lithuania,2017,FROM 3 NON AROPE,84.7,,,,Children in formal childcare or education 
Lithuania,2018,FROM 3 NON AROPE,85.3,,,,Children in formal childcare or education 
Lithuania,2019,FROM 3 NON AROPE,84.3,,,,Children in formal childcare or education 
Lithuania,2020,FROM 3 NON AROPE,89.1,,,,Children in formal childcare or education 
Lithuania,2021,FROM 3 NON AROPE,92.4,,,,Children in formal childcare or education 
Lithuania,2022,FROM 3 NON AROPE,93.4,,,,Children in formal childcare or education 
Lithuania,2023,FROM 3 NON AROPE,93.3,,,,Children in formal childcare or education 
Lithuania,2024,FROM 3 NON AROPE,91.5,,p,,Children in formal childcare or education 
Luxembourg,2015,FROM 3 NON AROPE,90.4,,,,Children in formal childcare or education 
Luxembourg,2016,FROM 3 NON AROPE,91.7,,,,Children in formal childcare or education 
Luxembourg,2017,FROM 3 NON AROPE,97.2,,,,Children in formal childcare or education 
Luxembourg,2018,FROM 3 NON AROPE,96,,,,Children in formal childcare or education 
Luxembourg,2019,FROM 3 NON AROPE,93.1,,,,Children in formal childcare or education 
Luxembourg,2020,FROM 3 NON AROPE,92.4,,b,,Children in formal childcare or education 
Luxembourg,2021,FROM 3 NON AROPE,97.5,,,,Children in formal childcare or education 
Luxembourg,2022,FROM 3 NON AROPE,95.3,,,,Children in formal childcare or education 
Luxembourg,2023,FROM 3 NON AROPE,85.9,,,,Children in formal childcare or education 
Luxembourg,2024,FROM 3 NON AROPE,84.5,,,,Children in formal childcare or education 
Malta,2015,FROM 3 NON AROPE,91.2,,,,Children in formal childcare or education 
Malta,2016,FROM 3 NON AROPE,90.3,,,,Children in formal childcare or education 
Malta,2017,FROM 3 NON AROPE,95,,,,Children in formal childcare or education 
Malta,2018,FROM 3 NON AROPE,88.7,,,,Children in formal childcare or education 
Malta,2019,FROM 3 NON AROPE,93.1,,,,Children in formal childcare or education 
Malta,2020,FROM 3 NON AROPE,90.5,,,,Children in formal childcare or education 
Malta,2021,FROM 3 NON AROPE,92.7,,,,Children in formal childcare or education 
Malta,2022,FROM 3 NON AROPE,95.7,,,,Children in formal childcare or education 
Malta,2023,FROM 3 NON AROPE,91.3,,,,Children in formal childcare or education 
Malta,2024,FROM 3 NON AROPE,99.6,,,,Children in formal childcare or education 
Netherlands,2015,FROM 3 NON AROPE,94.3,,,,Children in formal childcare or education 
Netherlands,2016,FROM 3 NON AROPE,95.8,,,,Children in formal childcare or education 
Netherlands,2017,FROM 3 NON AROPE,97,,,,Children in formal childcare or education 
Netherlands,2018,FROM 3 NON AROPE,90,,,,Children in formal childcare or education 
Netherlands,2019,FROM 3 NON AROPE,97,,,,Children in formal childcare or education 
Netherlands,2020,FROM 3 NON AROPE,96.8,,,,Children in formal childcare or education 
Netherlands,2021,FROM 3 NON AROPE,98.3,,,,Children in formal childcare or education 
Netherlands,2022,FROM 3 NON AROPE,98.6,,,,Children in formal childcare or education 
Netherlands,2023,FROM 3 NON AROPE,98,,,,Children in formal childcare or education 
Netherlands,2024,FROM 3 NON AROPE,96.5,,,,Children in formal childcare or education 
Poland,2015,FROM 3 NON AROPE,59.5,,,,Children in formal childcare or education 
Poland,2016,FROM 3 NON AROPE,75,,,,Children in formal childcare or education 
Poland,2017,FROM 3 NON AROPE,78.1,,,,Children in formal childcare or education 
Poland,2018,FROM 3 NON AROPE,77.3,,,,Children in formal childcare or education 
Poland,2019,FROM 3 NON AROPE,80,,,,Children in formal childcare or education 
Poland,2020,FROM 3 NON AROPE,75.1,,,,Children in formal childcare or education 
Poland,2021,FROM 3 NON AROPE,81.8,,,,Children in formal childcare or education 
Poland,2022,FROM 3 NON AROPE,79.3,,,,Children in formal childcare or education 
Poland,2023,FROM 3 NON AROPE,78.3,,,,Children in formal childcare or education 
Poland,2024,FROM 3 NON AROPE,80.4,,,,Children in formal childcare or education 
Portugal,2015,FROM 3 NON AROPE,94.8,,,,Children in formal childcare or education 
Portugal,2016,FROM 3 NON AROPE,94.5,,,,Children in formal childcare or education 
Portugal,2017,FROM 3 NON AROPE,96,,,,Children in formal childcare or education 
Portugal,2018,FROM 3 NON AROPE,96.4,,,,Children in formal childcare or education 
Portugal,2019,FROM 3 NON AROPE,96.8,,,,Children in formal childcare or education 
Portugal,2020,FROM 3 NON AROPE,91.2,,,,Children in formal childcare or education 
Portugal,2021,FROM 3 NON AROPE,88.7,,,,Children in formal childcare or education 
Portugal,2022,FROM 3 NON AROPE,91.2,,,,Children in formal childcare or education 
Portugal,2023,FROM 3 NON AROPE,88.8,,,,Children in formal childcare or education 
Portugal,2024,FROM 3 NON AROPE,95.7,,,,Children in formal childcare or education 
Romania,2015,FROM 3 NON AROPE,68.8,,,,Children in formal childcare or education 
Romania,2016,FROM 3 NON AROPE,69.9,,,,Children in formal childcare or education 
Romania,2017,FROM 3 NON AROPE,62.8,,,,Children in formal childcare or education 
Romania,2018,FROM 3 NON AROPE,88.9,,,,Children in formal childcare or education 
Romania,2019,FROM 3 NON AROPE,80,,,,Children in formal childcare or education 
Romania,2020,FROM 3 NON AROPE,69.9,,,,Children in formal childcare or education 
Romania,2021,FROM 3 NON AROPE,65.3,,,,Children in formal childcare or education 
Romania,2022,FROM 3 NON AROPE,67.7,,,,Children in formal childcare or education 
Romania,2023,FROM 3 NON AROPE,71.7,,,,Children in formal childcare or education 
Romania,2024,FROM 3 NON AROPE,80.7,,,,Children in formal childcare or education 
Slovakia,2015,FROM 3 NON AROPE,74.7,,,,Children in formal childcare or education 
Slovakia,2016,FROM 3 NON AROPE,74.6,,,,Children in formal childcare or education 
Slovakia,2017,FROM 3 NON AROPE,57.8,,,,Children in formal childcare or education 
Slovakia,2018,FROM 3 NON AROPE,84.8,,,,Children in formal childcare or education 
Slovakia,2019,FROM 3 NON AROPE,83.7,,,,Children in formal childcare or education 
Slovakia,2020,FROM 3 NON AROPE,82,,,,Children in formal childcare or education 
Slovakia,2021,FROM 3 NON AROPE,77.2,,,,Children in formal childcare or education 
Slovakia,2022,FROM 3 NON AROPE,91.1,,,,Children in formal childcare or education 
Slovakia,2023,FROM 3 NON AROPE,79.4,,,,Children in formal childcare or education 
Slovakia,2024,FROM 3 NON AROPE,79.7,,,,Children in formal childcare or education 
Slovenia,2015,FROM 3 NON AROPE,93.7,,,,Children in formal childcare or education 
Slovenia,2016,FROM 3 NON AROPE,92.6,,,,Children in formal childcare or education 
Slovenia,2017,FROM 3 NON AROPE,95.7,,,,Children in formal childcare or education 
Slovenia,2018,FROM 3 NON AROPE,94.6,,,,Children in formal childcare or education 
Slovenia,2019,FROM 3 NON AROPE,97.4,,,,Children in formal childcare or education 
Slovenia,2020,FROM 3 NON AROPE,97,,,,Children in formal childcare or education 
Slovenia,2021,FROM 3 NON AROPE,88.2,,,,Children in formal childcare or education 
Slovenia,2022,FROM 3 NON AROPE,97.1,,,,Children in formal childcare or education 
Slovenia,2023,FROM 3 NON AROPE,97,,,,Children in formal childcare or education 
Slovenia,2024,FROM 3 NON AROPE,97.5,,,,Children in formal childcare or education 
Spain,2015,FROM 3 NON AROPE,94.9,,,,Children in formal childcare or education 
Spain,2016,FROM 3 NON AROPE,97.4,,,,Children in formal childcare or education 
Spain,2017,FROM 3 NON AROPE,96.9,,,,Children in formal childcare or education 
Spain,2018,FROM 3 NON AROPE,96.7,,,,Children in formal childcare or education 
Spain,2019,FROM 3 NON AROPE,98.8,,,,Children in formal childcare or education 
Spain,2020,FROM 3 NON AROPE,98.2,,,,Children in formal childcare or education 
Spain,2021,FROM 3 NON AROPE,99.1,,,,Children in formal childcare or education 
Spain,2022,FROM 3 NON AROPE,98.1,,,,Children in formal childcare or education 
Spain,2023,FROM 3 NON AROPE,98.8,,,,Children in formal childcare or education 
Spain,2024,FROM 3 NON AROPE,99,,,,Children in formal childcare or education 
Sweden,2015,FROM 3 NON AROPE,97.5,,,,Children in formal childcare or education 
Sweden,2016,FROM 3 NON AROPE,97.8,,,,Children in formal childcare or education 
Sweden,2017,FROM 3 NON AROPE,98.9,,,,Children in formal childcare or education 
Sweden,2018,FROM 3 NON AROPE,96.8,,,,Children in formal childcare or education 
Sweden,2019,FROM 3 NON AROPE,97.1,,,,Children in formal childcare or education 
Sweden,2020,FROM 3 NON AROPE,96.8,,,,Children in formal childcare or education 
Sweden,2021,FROM 3 NON AROPE,98.2,,,,Children in formal childcare or education 
Sweden,2022,FROM 3 NON AROPE,98.7,,,,Children in formal childcare or education 
Sweden,2023,FROM 3 NON AROPE,99.5,,,,Children in formal childcare or education 
Sweden,2024,FROM 3 NON AROPE,99,,,,Children in formal childcare or education 
Austria,2015,Sheet 1 ALL CHILDREN UNDER 3,22.3,,,,Children in formal childcare or education 
Austria,2016,Sheet 1 ALL CHILDREN UNDER 3,20.5,,,,Children in formal childcare or education 
Austria,2017,Sheet 1 ALL CHILDREN UNDER 3,18.2,,,,Children in formal childcare or education 
Austria,2018,Sheet 1 ALL CHILDREN UNDER 3,20,,,,Children in formal childcare or education 
Austria,2019,Sheet 1 ALL CHILDREN UNDER 3,22.6,,,,Children in formal childcare or education 
Austria,2020,Sheet 1 ALL CHILDREN UNDER 3,21.1,,,,Children in formal childcare or education 
Austria,2021,Sheet 1 ALL CHILDREN UNDER 3,28.6,,,,Children in formal childcare or education 
Austria,2022,Sheet 1 ALL CHILDREN UNDER 3,23,,,,Children in formal childcare or education 
Austria,2023,Sheet 1 ALL CHILDREN UNDER 3,24.1,,,,Children in formal childcare or education 
Austria,2024,Sheet 1 ALL CHILDREN UNDER 3,30.2,,,,Children in formal childcare or education 
Belgium,2015,Sheet 1 ALL CHILDREN UNDER 3,50.1,,,,Children in formal childcare or education 
Belgium,2016,Sheet 1 ALL CHILDREN UNDER 3,43.9,,,,Children in formal childcare or education 
Belgium,2017,Sheet 1 ALL CHILDREN UNDER 3,53.2,,,,Children in formal childcare or education 
Belgium,2018,Sheet 1 ALL CHILDREN UNDER 3,54.4,,,,Children in formal childcare or education 
Belgium,2019,Sheet 1 ALL CHILDREN UNDER 3,55.5,,b,,Children in formal childcare or education 
Belgium,2020,Sheet 1 ALL CHILDREN UNDER 3,54.5,,,,Children in formal childcare or education 
Belgium,2021,Sheet 1 ALL CHILDREN UNDER 3,51.7,,,,Children in formal childcare or education 
Belgium,2022,Sheet 1 ALL CHILDREN UNDER 3,52.7,,,,Children in formal childcare or education 
Belgium,2023,Sheet 1 ALL CHILDREN UNDER 3,56.3,,,,Children in formal childcare or education 
Belgium,2024,Sheet 1 ALL CHILDREN UNDER 3,52.3,,,,Children in formal childcare or education 
Bulgaria,2015,Sheet 1 ALL CHILDREN UNDER 3,8.9,,,,Children in formal childcare or education 
Bulgaria,2016,Sheet 1 ALL CHILDREN UNDER 3,12.5,,,,Children in formal childcare or education 
Bulgaria,2017,Sheet 1 ALL CHILDREN UNDER 3,9.4,,,,Children in formal childcare or education 
Bulgaria,2018,Sheet 1 ALL CHILDREN UNDER 3,16.3,,,,Children in formal childcare or education 
Bulgaria,2019,Sheet 1 ALL CHILDREN UNDER 3,19.7,,,,Children in formal childcare or education 
Bulgaria,2020,Sheet 1 ALL CHILDREN UNDER 3,15,,,,Children in formal childcare or education 
Bulgaria,2021,Sheet 1 ALL CHILDREN UNDER 3,18.7,,,,Children in formal childcare or education 
Bulgaria,2022,Sheet 1 ALL CHILDREN UNDER 3,17.3,,,,Children in formal childcare or education 
Bulgaria,2023,Sheet 1 ALL CHILDREN UNDER 3,17.4,,,,Children in formal childcare or education 
Bulgaria,2024,Sheet 1 ALL CHILDREN UNDER 3,21.2,,,,Children in formal childcare or education 
Croatia,2015,Sheet 1 ALL CHILDREN UNDER 3,11.8,,,,Children in formal childcare or education 
Croatia,2016,Sheet 1 ALL CHILDREN UNDER 3,15.7,,,,Children in formal childcare or education 
Croatia,2017,Sheet 1 ALL CHILDREN UNDER 3,16,,,,Children in formal childcare or education 
Croatia,2018,Sheet 1 ALL CHILDREN UNDER 3,17.8,,,,Children in formal childcare or education 
Croatia,2019,Sheet 1 ALL CHILDREN UNDER 3,15.7,,,,Children in formal childcare or education 
Croatia,2020,Sheet 1 ALL CHILDREN UNDER 3,20.4,,,,Children in formal childcare or education 
Croatia,2021,Sheet 1 ALL CHILDREN UNDER 3,33.4,,,,Children in formal childcare or education 
Croatia,2022,Sheet 1 ALL CHILDREN UNDER 3,27.5,,,,Children in formal childcare or education 
Croatia,2023,Sheet 1 ALL CHILDREN UNDER 3,29.6,,,,Children in formal childcare or education 
Croatia,2024,Sheet 1 ALL CHILDREN UNDER 3,30.2,,,,Children in formal childcare or education 
Cyprus,2015,Sheet 1 ALL CHILDREN UNDER 3,19,,,,Children in formal childcare or education 
Cyprus,2016,Sheet 1 ALL CHILDREN UNDER 3,22.4,,,,Children in formal childcare or education 
Cyprus,2017,Sheet 1 ALL CHILDREN UNDER 3,25.8,,,,Children in formal childcare or education 
Cyprus,2018,Sheet 1 ALL CHILDREN UNDER 3,30,,,,Children in formal childcare or education 
Cyprus,2019,Sheet 1 ALL CHILDREN UNDER 3,30.2,,,,Children in formal childcare or education 
Cyprus,2020,Sheet 1 ALL CHILDREN UNDER 3,21.6,,,,Children in formal childcare or education 
Cyprus,2021,Sheet 1 ALL CHILDREN UNDER 3,26.3,,,,Children in formal childcare or education 
Cyprus,2022,Sheet 1 ALL CHILDREN UNDER 3,24.5,,,,Children in formal childcare or education 
Cyprus,2023,Sheet 1 ALL CHILDREN UNDER 3,37.4,,,,Children in formal childcare or education 
Cyprus,2024,Sheet 1 ALL CHILDREN UNDER 3,40.1,,,,Children in formal childcare or education 
Czechia,2015,Sheet 1 ALL CHILDREN UNDER 3,2.9,,,,Children in formal childcare or education 
Czechia,2016,Sheet 1 ALL CHILDREN UNDER 3,4.7,,,,Children in formal childcare or education 
Czechia,2017,Sheet 1 ALL CHILDREN UNDER 3,6.5,,,,Children in formal childcare or education 
Czechia,2018,Sheet 1 ALL CHILDREN UNDER 3,9.1,,,,Children in formal childcare or education 
Czechia,2019,Sheet 1 ALL CHILDREN UNDER 3,6.3,,,,Children in formal childcare or education 
Czechia,2020,Sheet 1 ALL CHILDREN UNDER 3,4.8,,,,Children in formal childcare or education 
Czechia,2021,Sheet 1 ALL CHILDREN UNDER 3,4.9,,,,Children in formal childcare or education 
Czechia,2022,Sheet 1 ALL CHILDREN UNDER 3,6.8,,,,Children in formal childcare or education 
Czechia,2023,Sheet 1 ALL CHILDREN UNDER 3,4.5,,,,Children in formal childcare or education 
Czechia,2024,Sheet 1 ALL CHILDREN UNDER 3,7.2,,,,Children in formal childcare or education 
Denmark,2015,Sheet 1 ALL CHILDREN UNDER 3,77.2,,,,Children in formal childcare or education 
Denmark,2016,Sheet 1 ALL CHILDREN UNDER 3,70,,,,Children in formal childcare or education 
Denmark,2017,Sheet 1 ALL CHILDREN UNDER 3,71.7,,,,Children in formal childcare or education 
Denmark,2018,Sheet 1 ALL CHILDREN UNDER 3,63.2,,,,Children in formal childcare or education 
Denmark,2019,Sheet 1 ALL CHILDREN UNDER 3,66.1,,,,Children in formal childcare or education 
Denmark,2020,Sheet 1 ALL CHILDREN UNDER 3,67.7,,,,Children in formal childcare or education 
Denmark,2021,Sheet 1 ALL CHILDREN UNDER 3,69.2,,,,Children in formal childcare or education 
Denmark,2022,Sheet 1 ALL CHILDREN UNDER 3,74.7,,,,Children in formal childcare or education 
Denmark,2023,Sheet 1 ALL CHILDREN UNDER 3,69.8,,b,,Children in formal childcare or education 
Denmark,2024,Sheet 1 ALL CHILDREN UNDER 3,62.9,,,,Children in formal childcare or education 
EU27,2015,Sheet 1 ALL CHILDREN UNDER 3,29.9,,,,Children in formal childcare or education 
EU27,2016,Sheet 1 ALL CHILDREN UNDER 3,33.4,,,,Children in formal childcare or education 
EU27,2017,Sheet 1 ALL CHILDREN UNDER 3,34.2,,,,Children in formal childcare or education 
EU27,2018,Sheet 1 ALL CHILDREN UNDER 3,34.5,,,,Children in formal childcare or education 
EU27,2019,Sheet 1 ALL CHILDREN UNDER 3,35,,,,Children in formal childcare or education 
EU27,2020,Sheet 1 ALL CHILDREN UNDER 3,32.8,,,,Children in formal childcare or education 
EU27,2021,Sheet 1 ALL CHILDREN UNDER 3,37.8,,,,Children in formal childcare or education 
EU27,2022,Sheet 1 ALL CHILDREN UNDER 3,35.9,,,,Children in formal childcare or education 
EU27,2023,Sheet 1 ALL CHILDREN UNDER 3,37.4,,,,Children in formal childcare or education 
EU27,2024,Sheet 1 ALL CHILDREN UNDER 3,39.3,,,,Children in formal childcare or education 
Estonia,2015,Sheet 1 ALL CHILDREN UNDER 3,21.4,,,,Children in formal childcare or education 
Estonia,2016,Sheet 1 ALL CHILDREN UNDER 3,30.2,,,,Children in formal childcare or education 
Estonia,2017,Sheet 1 ALL CHILDREN UNDER 3,27.1,,,,Children in formal childcare or education 
Estonia,2018,Sheet 1 ALL CHILDREN UNDER 3,28.4,,,,Children in formal childcare or education 
Estonia,2019,Sheet 1 ALL CHILDREN UNDER 3,31.8,,,,Children in formal childcare or education 
Estonia,2020,Sheet 1 ALL CHILDREN UNDER 3,26.7,,,,Children in formal childcare or education 
Estonia,2021,Sheet 1 ALL CHILDREN UNDER 3,25.7,,,,Children in formal childcare or education 
Estonia,2022,Sheet 1 ALL CHILDREN UNDER 3,33.7,,,,Children in formal childcare or education 
Estonia,2023,Sheet 1 ALL CHILDREN UNDER 3,37.8,,,,Children in formal childcare or education 
Estonia,2024,Sheet 1 ALL CHILDREN UNDER 3,36.8,,,,Children in formal childcare or education 
Finland,2015,Sheet 1 ALL CHILDREN UNDER 3,30.3,,,,Children in formal childcare or education 
Finland,2016,Sheet 1 ALL CHILDREN UNDER 3,29.6,,,,Children in formal childcare or education 
Finland,2017,Sheet 1 ALL CHILDREN UNDER 3,30.3,,,,Children in formal childcare or education 
Finland,2018,Sheet 1 ALL CHILDREN UNDER 3,36,,,,Children in formal childcare or education 
Finland,2019,Sheet 1 ALL CHILDREN UNDER 3,34.6,,,,Children in formal childcare or education 
Finland,2020,Sheet 1 ALL CHILDREN UNDER 3,35.8,,,,Children in formal childcare or education 
Finland,2021,Sheet 1 ALL CHILDREN UNDER 3,39.1,,,,Children in formal childcare or education 
Finland,2022,Sheet 1 ALL CHILDREN UNDER 3,40,,,,Children in formal childcare or education 
Finland,2023,Sheet 1 ALL CHILDREN UNDER 3,43.9,,,,Children in formal childcare or education 
Finland,2024,Sheet 1 ALL CHILDREN UNDER 3,48.2,,,,Children in formal childcare or education 
France,2015,Sheet 1 ALL CHILDREN UNDER 3,41.7,,,,Children in formal childcare or education 
France,2016,Sheet 1 ALL CHILDREN UNDER 3,48.9,,,,Children in formal childcare or education 
France,2017,Sheet 1 ALL CHILDREN UNDER 3,50.5,,,,Children in formal childcare or education 
France,2018,Sheet 1 ALL CHILDREN UNDER 3,50.1,,,,Children in formal childcare or education 
France,2019,Sheet 1 ALL CHILDREN UNDER 3,50.8,,,,Children in formal childcare or education 
France,2020,Sheet 1 ALL CHILDREN UNDER 3,57.2,,b,,Children in formal childcare or education 
France,2021,Sheet 1 ALL CHILDREN UNDER 3,57.1,,,,Children in formal childcare or education 
France,2022,Sheet 1 ALL CHILDREN UNDER 3,56.3,,,,Children in formal childcare or education 
France,2023,Sheet 1 ALL CHILDREN UNDER 3,57.4,,,,Children in formal childcare or education 
France,2024,Sheet 1 ALL CHILDREN UNDER 3,59.4,,,,Children in formal childcare or education 
Germany,2015,Sheet 1 ALL CHILDREN UNDER 3,25.9,,,,Children in formal childcare or education 
Germany,2016,Sheet 1 ALL CHILDREN UNDER 3,31.7,,,,Children in formal childcare or education 
Germany,2017,Sheet 1 ALL CHILDREN UNDER 3,30.2,,,,Children in formal childcare or education 
Germany,2018,Sheet 1 ALL CHILDREN UNDER 3,29.8,,,,Children in formal childcare or education 
Germany,2019,Sheet 1 ALL CHILDREN UNDER 3,31.4,,,,Children in formal childcare or education 
Germany,2020,Sheet 1 ALL CHILDREN UNDER 3,16.4,,b,,Children in formal childcare or education 
Germany,2021,Sheet 1 ALL CHILDREN UNDER 3,31.4,,,,Children in formal childcare or education 
Germany,2022,Sheet 1 ALL CHILDREN UNDER 3,24.6,,,,Children in formal childcare or education 
Germany,2023,Sheet 1 ALL CHILDREN UNDER 3,23.3,,,,Children in formal childcare or education 
Germany,2024,Sheet 1 ALL CHILDREN UNDER 3,25.1,,,,Children in formal childcare or education 
Greece,2015,Sheet 1 ALL CHILDREN UNDER 3,11.4,,,,Children in formal childcare or education 
Greece,2016,Sheet 1 ALL CHILDREN UNDER 3,8.9,,,,Children in formal childcare or education 
Greece,2017,Sheet 1 ALL CHILDREN UNDER 3,20.5,,,,Children in formal childcare or education 
Greece,2018,Sheet 1 ALL CHILDREN UNDER 3,40.8,,,,Children in formal childcare or education 
Greece,2019,Sheet 1 ALL CHILDREN UNDER 3,32.4,,,,Children in formal childcare or education 
Greece,2020,Sheet 1 ALL CHILDREN UNDER 3,21.5,,,,Children in formal childcare or education 
Greece,2021,Sheet 1 ALL CHILDREN UNDER 3,32.3,,,,Children in formal childcare or education 
Greece,2022,Sheet 1 ALL CHILDREN UNDER 3,29.2,,,,Children in formal childcare or education 
Greece,2023,Sheet 1 ALL CHILDREN UNDER 3,29.5,,,,Children in formal childcare or education 
Greece,2024,Sheet 1 ALL CHILDREN UNDER 3,28.8,,,,Children in formal childcare or education 
Hungary,2015,Sheet 1 ALL CHILDREN UNDER 3,15.4,,,,Children in formal childcare or education 
Hungary,2016,Sheet 1 ALL CHILDREN UNDER 3,15.6,,,,Children in formal childcare or education 
Hungary,2017,Sheet 1 ALL CHILDREN UNDER 3,13.8,,,,Children in formal childcare or education 
Hungary,2018,Sheet 1 ALL CHILDREN UNDER 3,16.5,,,,Children in formal childcare or education 
Hungary,2019,Sheet 1 ALL CHILDREN UNDER 3,16.9,,,,Children in formal childcare or education 
Hungary,2020,Sheet 1 ALL CHILDREN UNDER 3,10.5,,,,Children in formal childcare or education 
Hungary,2021,Sheet 1 ALL CHILDREN UNDER 3,13.8,,,,Children in formal childcare or education 
Hungary,2022,Sheet 1 ALL CHILDREN UNDER 3,12.9,,,,Children in formal childcare or education 
Hungary,2023,Sheet 1 ALL CHILDREN UNDER 3,20.3,,,,Children in formal childcare or education 
Hungary,2024,Sheet 1 ALL CHILDREN UNDER 3,16.4,,,,Children in formal childcare or education 
Ireland,2015,Sheet 1 ALL CHILDREN UNDER 3,24.2,,,,Children in formal childcare or education 
Ireland,2016,Sheet 1 ALL CHILDREN UNDER 3,20.9,,,,Children in formal childcare or education 
Ireland,2017,Sheet 1 ALL CHILDREN UNDER 3,23.5,,,,Children in formal childcare or education 
Ireland,2018,Sheet 1 ALL CHILDREN UNDER 3,31,,,,Children in formal childcare or education 
Ireland,2019,Sheet 1 ALL CHILDREN UNDER 3,32,,b,,Children in formal childcare or education 
Ireland,2020,Sheet 1 ALL CHILDREN UNDER 3,17.9,,b,,Children in formal childcare or education 
Ireland,2021,Sheet 1 ALL CHILDREN UNDER 3,14.7,,,,Children in formal childcare or education 
Ireland,2022,Sheet 1 ALL CHILDREN UNDER 3,18.2,,,,Children in formal childcare or education 
Ireland,2023,Sheet 1 ALL CHILDREN UNDER 3,22.1,,,,Children in formal childcare or education 
Ireland,2024,Sheet 1 ALL CHILDREN UNDER 3,24.4,,,,Children in formal childcare or education 
Italy,2015,Sheet 1 ALL CHILDREN UNDER 3,27.3,,,,Children in formal childcare or education 
Italy,2016,Sheet 1 ALL CHILDREN UNDER 3,34.4,,,,Children in formal childcare or education 
Italy,2017,Sheet 1 ALL CHILDREN UNDER 3,28.6,,,,Children in formal childcare or education 
Italy,2018,Sheet 1 ALL CHILDREN UNDER 3,25.7,,,,Children in formal childcare or education 
Italy,2019,Sheet 1 ALL CHILDREN UNDER 3,26.3,,,,Children in formal childcare or education 
Italy,2020,Sheet 1 ALL CHILDREN UNDER 3,,,,,Children in formal childcare or education 
Italy,2021,Sheet 1 ALL CHILDREN UNDER 3,33.3,,,,Children in formal childcare or education 
Italy,2022,Sheet 1 ALL CHILDREN UNDER 3,30.9,,,,Children in formal childcare or education 
Italy,2023,Sheet 1 ALL CHILDREN UNDER 3,34.5,,,,Children in formal childcare or education 
Italy,2024,Sheet 1 ALL CHILDREN UNDER 3,39.4,,,,Children in formal childcare or education 
Latvia,2015,Sheet 1 ALL CHILDREN UNDER 3,20,,,,Children in formal childcare or education 
Latvia,2016,Sheet 1 ALL CHILDREN UNDER 3,25.9,,,,Children in formal childcare or education 
Latvia,2017,Sheet 1 ALL CHILDREN UNDER 3,26.7,,,,Children in formal childcare or education 
Latvia,2018,Sheet 1 ALL CHILDREN UNDER 3,24.6,,,,Children in formal childcare or education 
Latvia,2019,Sheet 1 ALL CHILDREN UNDER 3,25.6,,,,Children in formal childcare or education 
Latvia,2020,Sheet 1 ALL CHILDREN UNDER 3,24.2,,,,Children in formal childcare or education 
Latvia,2021,Sheet 1 ALL CHILDREN UNDER 3,29.2,,,,Children in formal childcare or education 
Latvia,2022,Sheet 1 ALL CHILDREN UNDER 3,32.7,,,,Children in formal childcare or education 
Latvia,2023,Sheet 1 ALL CHILDREN UNDER 3,34.9,,,,Children in formal childcare or education 
Latvia,2024,Sheet 1 ALL CHILDREN UNDER 3,24.9,,,,Children in formal childcare or education 
Lithuania,2015,Sheet 1 ALL CHILDREN UNDER 3,9.7,,,,Children in formal childcare or education 
Lithuania,2016,Sheet 1 ALL CHILDREN UNDER 3,15.2,,,,Children in formal childcare or education 
Lithuania,2017,Sheet 1 ALL CHILDREN UNDER 3,20.4,,,,Children in formal childcare or education 
Lithuania,2018,Sheet 1 ALL CHILDREN UNDER 3,20.8,,,,Children in formal childcare or education 
Lithuania,2019,Sheet 1 ALL CHILDREN UNDER 3,26.6,,,,Children in formal childcare or education 
Lithuania,2020,Sheet 1 ALL CHILDREN UNDER 3,16.3,,,,Children in formal childcare or education 
Lithuania,2021,Sheet 1 ALL CHILDREN UNDER 3,21.4,,,,Children in formal childcare or education 
Lithuania,2022,Sheet 1 ALL CHILDREN UNDER 3,22.8,,,,Children in formal childcare or education 
Lithuania,2023,Sheet 1 ALL CHILDREN UNDER 3,19.8,,,,Children in formal childcare or education 
Lithuania,2024,Sheet 1 ALL CHILDREN UNDER 3,36.9,,p,,Children in formal childcare or education 
Luxembourg,2015,Sheet 1 ALL CHILDREN UNDER 3,51.9,,,,Children in formal childcare or education 
Luxembourg,2016,Sheet 1 ALL CHILDREN UNDER 3,50.9,,,,Children in formal childcare or education 
Luxembourg,2017,Sheet 1 ALL CHILDREN UNDER 3,60.9,,,,Children in formal childcare or education 
Luxembourg,2018,Sheet 1 ALL CHILDREN UNDER 3,60.6,,,,Children in formal childcare or education 
Luxembourg,2019,Sheet 1 ALL CHILDREN UNDER 3,60,,,,Children in formal childcare or education 
Luxembourg,2020,Sheet 1 ALL CHILDREN UNDER 3,63.2,,b,,Children in formal childcare or education 
Luxembourg,2021,Sheet 1 ALL CHILDREN UNDER 3,61.9,,,,Children in formal childcare or education 
Luxembourg,2022,Sheet 1 ALL CHILDREN UNDER 3,54.7,,,,Children in formal childcare or education 
Luxembourg,2023,Sheet 1 ALL CHILDREN UNDER 3,60,,,,Children in formal childcare or education 
Luxembourg,2024,Sheet 1 ALL CHILDREN UNDER 3,56.6,,,,Children in formal childcare or education 
Malta,2015,Sheet 1 ALL CHILDREN UNDER 3,19,,,,Children in formal childcare or education 
Malta,2016,Sheet 1 ALL CHILDREN UNDER 3,31.4,,,,Children in formal childcare or education 
Malta,2017,Sheet 1 ALL CHILDREN UNDER 3,36.7,,,,Children in formal childcare or education 
Malta,2018,Sheet 1 ALL CHILDREN UNDER 3,32.1,,,,Children in formal childcare or education 
Malta,2019,Sheet 1 ALL CHILDREN UNDER 3,38.3,,,,Children in formal childcare or education 
Malta,2020,Sheet 1 ALL CHILDREN UNDER 3,29.8,,,,Children in formal childcare or education 
Malta,2021,Sheet 1 ALL CHILDREN UNDER 3,24,,,,Children in formal childcare or education 
Malta,2022,Sheet 1 ALL CHILDREN UNDER 3,43.1,,,,Children in formal childcare or education 
Malta,2023,Sheet 1 ALL CHILDREN UNDER 3,51.1,,,,Children in formal childcare or education 
Malta,2024,Sheet 1 ALL CHILDREN UNDER 3,44.1,,,,Children in formal childcare or education 
Netherlands,2015,Sheet 1 ALL CHILDREN UNDER 3,46.3,,,,Children in formal childcare or education 
Netherlands,2016,Sheet 1 ALL CHILDREN UNDER 3,52.9,,,,Children in formal childcare or education 
Netherlands,2017,Sheet 1 ALL CHILDREN UNDER 3,61.6,,,,Children in formal childcare or education 
Netherlands,2018,Sheet 1 ALL CHILDREN UNDER 3,56.8,,,,Children in formal childcare or education 
Netherlands,2019,Sheet 1 ALL CHILDREN UNDER 3,64.8,,,,Children in formal childcare or education 
Netherlands,2020,Sheet 1 ALL CHILDREN UNDER 3,67.6,,,,Children in formal childcare or education 
Netherlands,2021,Sheet 1 ALL CHILDREN UNDER 3,74.1,,,,Children in formal childcare or education 
Netherlands,2022,Sheet 1 ALL CHILDREN UNDER 3,72.3,,,,Children in formal childcare or education 
Netherlands,2023,Sheet 1 ALL CHILDREN UNDER 3,71.6,,,,Children in formal childcare or education 
Netherlands,2024,Sheet 1 ALL CHILDREN UNDER 3,78.9,,,,Children in formal childcare or education 
Poland,2015,Sheet 1 ALL CHILDREN UNDER 3,5.3,,,,Children in formal childcare or education 
Poland,2016,Sheet 1 ALL CHILDREN UNDER 3,7.9,,,,Children in formal childcare or education 
Poland,2017,Sheet 1 ALL CHILDREN UNDER 3,11.7,,,,Children in formal childcare or education 
Poland,2018,Sheet 1 ALL CHILDREN UNDER 3,10.8,,,,Children in formal childcare or education 
Poland,2019,Sheet 1 ALL CHILDREN UNDER 3,10.1,,,,Children in formal childcare or education 
Poland,2020,Sheet 1 ALL CHILDREN UNDER 3,11.2,,,,Children in formal childcare or education 
Poland,2021,Sheet 1 ALL CHILDREN UNDER 3,17.2,,,,Children in formal childcare or education 
Poland,2022,Sheet 1 ALL CHILDREN UNDER 3,15.8,,,,Children in formal childcare or education 
Poland,2023,Sheet 1 ALL CHILDREN UNDER 3,12.6,,,,Children in formal childcare or education 
Poland,2024,Sheet 1 ALL CHILDREN UNDER 3,15.1,,,,Children in formal childcare or education 
Portugal,2015,Sheet 1 ALL CHILDREN UNDER 3,43,,,,Children in formal childcare or education 
Portugal,2016,Sheet 1 ALL CHILDREN UNDER 3,44.4,,,,Children in formal childcare or education 
Portugal,2017,Sheet 1 ALL CHILDREN UNDER 3,42.5,,,,Children in formal childcare or education 
Portugal,2018,Sheet 1 ALL CHILDREN UNDER 3,46.9,,,,Children in formal childcare or education 
Portugal,2019,Sheet 1 ALL CHILDREN UNDER 3,48.5,,,,Children in formal childcare or education 
Portugal,2020,Sheet 1 ALL CHILDREN UNDER 3,43.4,,,,Children in formal childcare or education 
Portugal,2021,Sheet 1 ALL CHILDREN UNDER 3,43.3,,,,Children in formal childcare or education 
Portugal,2022,Sheet 1 ALL CHILDREN UNDER 3,47.2,,,,Children in formal childcare or education 
Portugal,2023,Sheet 1 ALL CHILDREN UNDER 3,55.5,,,,Children in formal childcare or education 
Portugal,2024,Sheet 1 ALL CHILDREN UNDER 3,59.5,,,,Children in formal childcare or education 
Romania,2015,Sheet 1 ALL CHILDREN UNDER 3,9.4,,,,Children in formal childcare or education 
Romania,2016,Sheet 1 ALL CHILDREN UNDER 3,17.4,,,,Children in formal childcare or education 
Romania,2017,Sheet 1 ALL CHILDREN UNDER 3,15.9,,,,Children in formal childcare or education 
Romania,2018,Sheet 1 ALL CHILDREN UNDER 3,13.2,,,,Children in formal childcare or education 
Romania,2019,Sheet 1 ALL CHILDREN UNDER 3,14.1,,,,Children in formal childcare or education 
Romania,2020,Sheet 1 ALL CHILDREN UNDER 3,6.8,,,,Children in formal childcare or education 
Romania,2021,Sheet 1 ALL CHILDREN UNDER 3,9.4,,,,Children in formal childcare or education 
Romania,2022,Sheet 1 ALL CHILDREN UNDER 3,12.3,,,,Children in formal childcare or education 
Romania,2023,Sheet 1 ALL CHILDREN UNDER 3,12.3,,,,Children in formal childcare or education 
Romania,2024,Sheet 1 ALL CHILDREN UNDER 3,11.4,,,,Children in formal childcare or education 
Slovakia,2015,Sheet 1 ALL CHILDREN UNDER 3,1.1,,,,Children in formal childcare or education 
Slovakia,2016,Sheet 1 ALL CHILDREN UNDER 3,0.5,,,,Children in formal childcare or education 
Slovakia,2017,Sheet 1 ALL CHILDREN UNDER 3,0.5,,,,Children in formal childcare or education 
Slovakia,2018,Sheet 1 ALL CHILDREN UNDER 3,1.3,,,,Children in formal childcare or education 
Slovakia,2019,Sheet 1 ALL CHILDREN UNDER 3,6.1,,,,Children in formal childcare or education 
Slovakia,2020,Sheet 1 ALL CHILDREN UNDER 3,4.4,,,,Children in formal childcare or education 
Slovakia,2021,Sheet 1 ALL CHILDREN UNDER 3,2.3,,,,Children in formal childcare or education 
Slovakia,2022,Sheet 1 ALL CHILDREN UNDER 3,2.3,,,,Children in formal childcare or education 
Slovakia,2023,Sheet 1 ALL CHILDREN UNDER 3,1,,,,Children in formal childcare or education 
Slovakia,2024,Sheet 1 ALL CHILDREN UNDER 3,5.1,,,,Children in formal childcare or education 
Slovenia,2015,Sheet 1 ALL CHILDREN UNDER 3,37.5,,,,Children in formal childcare or education 
Slovenia,2016,Sheet 1 ALL CHILDREN UNDER 3,39.5,,,,Children in formal childcare or education 
Slovenia,2017,Sheet 1 ALL CHILDREN UNDER 3,44.9,,,,Children in formal childcare or education 
Slovenia,2018,Sheet 1 ALL CHILDREN UNDER 3,46.3,,,,Children in formal childcare or education 
Slovenia,2019,Sheet 1 ALL CHILDREN UNDER 3,46.9,,,,Children in formal childcare or education 
Slovenia,2020,Sheet 1 ALL CHILDREN UNDER 3,44.3,,,,Children in formal childcare or education 
Slovenia,2021,Sheet 1 ALL CHILDREN UNDER 3,47.5,,,,Children in formal childcare or education 
Slovenia,2022,Sheet 1 ALL CHILDREN UNDER 3,52.3,,,,Children in formal childcare or education 
Slovenia,2023,Sheet 1 ALL CHILDREN UNDER 3,56.6,,,,Children in formal childcare or education 
Slovenia,2024,Sheet 1 ALL CHILDREN UNDER 3,57.9,,,,Children in formal childcare or education 
Spain,2015,Sheet 1 ALL CHILDREN UNDER 3,39.8,,,,Children in formal childcare or education 
Spain,2016,Sheet 1 ALL CHILDREN UNDER 3,39.3,,,,Children in formal childcare or education 
Spain,2017,Sheet 1 ALL CHILDREN UNDER 3,45.8,,,,Children in formal childcare or education 
Spain,2018,Sheet 1 ALL CHILDREN UNDER 3,50.5,,,,Children in formal childcare or education 
Spain,2019,Sheet 1 ALL CHILDREN UNDER 3,57.4,,,,Children in formal childcare or education 
Spain,2020,Sheet 1 ALL CHILDREN UNDER 3,45.5,,,,Children in formal childcare or education 
Spain,2021,Sheet 1 ALL CHILDREN UNDER 3,55.3,,,,Children in formal childcare or education 
Spain,2022,Sheet 1 ALL CHILDREN UNDER 3,48.7,,,,Children in formal childcare or education 
Spain,2023,Sheet 1 ALL CHILDREN UNDER 3,55.8,,,,Children in formal childcare or education 
Spain,2024,Sheet 1 ALL CHILDREN UNDER 3,55,,,,Children in formal childcare or education 
Sweden,2015,Sheet 1 ALL CHILDREN UNDER 3,55,,,,Children in formal childcare or education 
Sweden,2016,Sheet 1 ALL CHILDREN UNDER 3,51,,,,Children in formal childcare or education 
Sweden,2017,Sheet 1 ALL CHILDREN UNDER 3,52.7,,,,Children in formal childcare or education 
Sweden,2018,Sheet 1 ALL CHILDREN UNDER 3,49.3,,,,Children in formal childcare or education 
Sweden,2019,Sheet 1 ALL CHILDREN UNDER 3,53.1,,,,Children in formal childcare or education 
Sweden,2020,Sheet 1 ALL CHILDREN UNDER 3,54.1,,,,Children in formal childcare or education 
Sweden,2021,Sheet 1 ALL CHILDREN UNDER 3,55.8,,,,Children in formal childcare or education 
Sweden,2022,Sheet 1 ALL CHILDREN UNDER 3,54.4,,,,Children in formal childcare or education 
Sweden,2023,Sheet 1 ALL CHILDREN UNDER 3,56.8,,,,Children in formal childcare or education 
Sweden,2024,Sheet 1 ALL CHILDREN UNDER 3,57.7,,,,Children in formal childcare or education 
Austria,2015,Sheet 2 ALL CHILDREN FROM AGE 3,88.5,,,,Children in formal childcare or education 
Austria,2016,Sheet 2 ALL CHILDREN FROM AGE 3,91.6,,,,Children in formal childcare or education 
Austria,2017,Sheet 2 ALL CHILDREN FROM AGE 3,88,,,,Children in formal childcare or education 
Austria,2018,Sheet 2 ALL CHILDREN FROM AGE 3,84.4,,,,Children in formal childcare or education 
Austria,2019,Sheet 2 ALL CHILDREN FROM AGE 3,87.2,,,,Children in formal childcare or education 
Austria,2020,Sheet 2 ALL CHILDREN FROM AGE 3,87.4,,,,Children in formal childcare or education 
Austria,2021,Sheet 2 ALL CHILDREN FROM AGE 3,89.4,,,,Children in formal childcare or education 
Austria,2022,Sheet 2 ALL CHILDREN FROM AGE 3,91.9,,,,Children in formal childcare or education 
Austria,2023,Sheet 2 ALL CHILDREN FROM AGE 3,90.3,,,,Children in formal childcare or education 
Austria,2024,Sheet 2 ALL CHILDREN FROM AGE 3,90,,,,Children in formal childcare or education 
Belgium,2015,Sheet 2 ALL CHILDREN FROM AGE 3,98.9,,,,Children in formal childcare or education 
Belgium,2016,Sheet 2 ALL CHILDREN FROM AGE 3,99.1,,,,Children in formal childcare or education 
Belgium,2017,Sheet 2 ALL CHILDREN FROM AGE 3,99.4,,,,Children in formal childcare or education 
Belgium,2018,Sheet 2 ALL CHILDREN FROM AGE 3,99,,,,Children in formal childcare or education 
Belgium,2019,Sheet 2 ALL CHILDREN FROM AGE 3,99.5,,b,,Children in formal childcare or education 
Belgium,2020,Sheet 2 ALL CHILDREN FROM AGE 3,97.6,,,,Children in formal childcare or education 
Belgium,2021,Sheet 2 ALL CHILDREN FROM AGE 3,97.8,,,,Children in formal childcare or education 
Belgium,2022,Sheet 2 ALL CHILDREN FROM AGE 3,98.4,,,,Children in formal childcare or education 
Belgium,2023,Sheet 2 ALL CHILDREN FROM AGE 3,98.7,,,,Children in formal childcare or education 
Belgium,2024,Sheet 2 ALL CHILDREN FROM AGE 3,98.9,,,,Children in formal childcare or education 
Bulgaria,2015,Sheet 2 ALL CHILDREN FROM AGE 3,75.1,,,,Children in formal childcare or education 
Bulgaria,2016,Sheet 2 ALL CHILDREN FROM AGE 3,78.2,,,,Children in formal childcare or education 
Bulgaria,2017,Sheet 2 ALL CHILDREN FROM AGE 3,69.4,,,,Children in formal childcare or education 
Bulgaria,2018,Sheet 2 ALL CHILDREN FROM AGE 3,71.6,,,,Children in formal childcare or education 
Bulgaria,2019,Sheet 2 ALL CHILDREN FROM AGE 3,85.3,,,,Children in formal childcare or education 
Bulgaria,2020,Sheet 2 ALL CHILDREN FROM AGE 3,91.5,,,,Children in formal childcare or education 
Bulgaria,2021,Sheet 2 ALL CHILDREN FROM AGE 3,90.8,,,,Children in formal childcare or education 
Bulgaria,2022,Sheet 2 ALL CHILDREN FROM AGE 3,92.7,,,,Children in formal childcare or education 
Bulgaria,2023,Sheet 2 ALL CHILDREN FROM AGE 3,95.1,,,,Children in formal childcare or education 
Bulgaria,2024,Sheet 2 ALL CHILDREN FROM AGE 3,91.9,,,,Children in formal childcare or education 
Croatia,2015,Sheet 2 ALL CHILDREN FROM AGE 3,60.9,,,,Children in formal childcare or education 
Croatia,2016,Sheet 2 ALL CHILDREN FROM AGE 3,61.5,,,,Children in formal childcare or education 
Croatia,2017,Sheet 2 ALL CHILDREN FROM AGE 3,64.3,,,,Children in formal childcare or education 
Croatia,2018,Sheet 2 ALL CHILDREN FROM AGE 3,61.7,,,,Children in formal childcare or education 
Croatia,2019,Sheet 2 ALL CHILDREN FROM AGE 3,64.8,,,,Children in formal childcare or education 
Croatia,2020,Sheet 2 ALL CHILDREN FROM AGE 3,67.6,,,,Children in formal childcare or education 
Croatia,2021,Sheet 2 ALL CHILDREN FROM AGE 3,72.3,,,,Children in formal childcare or education 
Croatia,2022,Sheet 2 ALL CHILDREN FROM AGE 3,76.4,,,,Children in formal childcare or education 
Croatia,2023,Sheet 2 ALL CHILDREN FROM AGE 3,82.4,,,,Children in formal childcare or education 
Croatia,2024,Sheet 2 ALL CHILDREN FROM AGE 3,85.2,,,,Children in formal childcare or education 
Cyprus,2015,Sheet 2 ALL CHILDREN FROM AGE 3,87.2,,,,Children in formal childcare or education 
Cyprus,2016,Sheet 2 ALL CHILDREN FROM AGE 3,85.4,,,,Children in formal childcare or education 
Cyprus,2017,Sheet 2 ALL CHILDREN FROM AGE 3,88.4,,,,Children in formal childcare or education 
Cyprus,2018,Sheet 2 ALL CHILDREN FROM AGE 3,91,,,,Children in formal childcare or education 
Cyprus,2019,Sheet 2 ALL CHILDREN FROM AGE 3,90.1,,,,Children in formal childcare or education 
Cyprus,2020,Sheet 2 ALL CHILDREN FROM AGE 3,86.6,,,,Children in formal childcare or education 
Cyprus,2021,Sheet 2 ALL CHILDREN FROM AGE 3,87.9,,,,Children in formal childcare or education 
Cyprus,2022,Sheet 2 ALL CHILDREN FROM AGE 3,81.4,,,,Children in formal childcare or education 
Cyprus,2023,Sheet 2 ALL CHILDREN FROM AGE 3,86.6,,,,Children in formal childcare or education 
Cyprus,2024,Sheet 2 ALL CHILDREN FROM AGE 3,88.9,,,,Children in formal childcare or education 
Czechia,2015,Sheet 2 ALL CHILDREN FROM AGE 3,82.9,,,,Children in formal childcare or education 
Czechia,2016,Sheet 2 ALL CHILDREN FROM AGE 3,84.8,,,,Children in formal childcare or education 
Czechia,2017,Sheet 2 ALL CHILDREN FROM AGE 3,84.6,,,,Children in formal childcare or education 
Czechia,2018,Sheet 2 ALL CHILDREN FROM AGE 3,79.4,,,,Children in formal childcare or education 
Czechia,2019,Sheet 2 ALL CHILDREN FROM AGE 3,79.5,,,,Children in formal childcare or education 
Czechia,2020,Sheet 2 ALL CHILDREN FROM AGE 3,78.2,,,,Children in formal childcare or education 
Czechia,2021,Sheet 2 ALL CHILDREN FROM AGE 3,62.6,,,,Children in formal childcare or education 
Czechia,2022,Sheet 2 ALL CHILDREN FROM AGE 3,79.8,,,,Children in formal childcare or education 
Czechia,2023,Sheet 2 ALL CHILDREN FROM AGE 3,81.1,,,,Children in formal childcare or education 
Czechia,2024,Sheet 2 ALL CHILDREN FROM AGE 3,81.8,,,,Children in formal childcare or education 
Denmark,2015,Sheet 2 ALL CHILDREN FROM AGE 3,98,,,,Children in formal childcare or education 
Denmark,2016,Sheet 2 ALL CHILDREN FROM AGE 3,96.9,,,,Children in formal childcare or education 
Denmark,2017,Sheet 2 ALL CHILDREN FROM AGE 3,95,,,,Children in formal childcare or education 
Denmark,2018,Sheet 2 ALL CHILDREN FROM AGE 3,96.4,,,,Children in formal childcare or education 
Denmark,2019,Sheet 2 ALL CHILDREN FROM AGE 3,93.3,,,,Children in formal childcare or education 
Denmark,2020,Sheet 2 ALL CHILDREN FROM AGE 3,92.7,,,,Children in formal childcare or education 
Denmark,2021,Sheet 2 ALL CHILDREN FROM AGE 3,92.1,,,,Children in formal childcare or education 
Denmark,2022,Sheet 2 ALL CHILDREN FROM AGE 3,92.9,,,,Children in formal childcare or education 
Denmark,2023,Sheet 2 ALL CHILDREN FROM AGE 3,97.1,,b,,Children in formal childcare or education 
Denmark,2024,Sheet 2 ALL CHILDREN FROM AGE 3,100,,,,Children in formal childcare or education 
EU 27,2015,Sheet 2 ALL CHILDREN FROM AGE 3,86.9,,,,Children in formal childcare or education 
EU 27,2016,Sheet 2 ALL CHILDREN FROM AGE 3,89.7,,,,Children in formal childcare or education 
EU 27,2017,Sheet 2 ALL CHILDREN FROM AGE 3,89,,,,Children in formal childcare or education 
EU 27,2018,Sheet 2 ALL CHILDREN FROM AGE 3,90.1,,,,Children in formal childcare or education 
EU 27,2019,Sheet 2 ALL CHILDREN FROM AGE 3,91,,,,Children in formal childcare or education 
EU 27,2020,Sheet 2 ALL CHILDREN FROM AGE 3,80.3,,,,Children in formal childcare or education 
EU 27,2021,Sheet 2 ALL CHILDREN FROM AGE 3,87.9,,,,Children in formal childcare or education 
EU 27,2022,Sheet 2 ALL CHILDREN FROM AGE 3,89.2,,,,Children in formal childcare or education 
EU 27,2023,Sheet 2 ALL CHILDREN FROM AGE 3,89.1,,,,Children in formal childcare or education 
EU 27,2024,Sheet 2 ALL CHILDREN FROM AGE 3,89.3,,,,Children in formal childcare or education 
Estonia,2015,Sheet 2 ALL CHILDREN FROM AGE 3,94.2,,,,Children in formal childcare or education 
Estonia,2016,Sheet 2 ALL CHILDREN FROM AGE 3,93.4,,,,Children in formal childcare or education 
Estonia,2017,Sheet 2 ALL CHILDREN FROM AGE 3,95.7,,,,Children in formal childcare or education 
Estonia,2018,Sheet 2 ALL CHILDREN FROM AGE 3,94.8,,,,Children in formal childcare or education 
Estonia,2019,Sheet 2 ALL CHILDREN FROM AGE 3,95.4,,,,Children in formal childcare or education 
Estonia,2020,Sheet 2 ALL CHILDREN FROM AGE 3,94.6,,,,Children in formal childcare or education 
Estonia,2021,Sheet 2 ALL CHILDREN FROM AGE 3,92.9,,,,Children in formal childcare or education 
Estonia,2022,Sheet 2 ALL CHILDREN FROM AGE 3,95,,,,Children in formal childcare or education 
Estonia,2023,Sheet 2 ALL CHILDREN FROM AGE 3,95,,,,Children in formal childcare or education 
Estonia,2024,Sheet 2 ALL CHILDREN FROM AGE 3,97.4,,,,Children in formal childcare or education 
Finland,2015,Sheet 2 ALL CHILDREN FROM AGE 3,84.5,,,,Children in formal childcare or education 
Finland,2016,Sheet 2 ALL CHILDREN FROM AGE 3,85.5,,,,Children in formal childcare or education 
Finland,2017,Sheet 2 ALL CHILDREN FROM AGE 3,84.2,,,,Children in formal childcare or education 
Finland,2018,Sheet 2 ALL CHILDREN FROM AGE 3,82.8,,,,Children in formal childcare or education 
Finland,2019,Sheet 2 ALL CHILDREN FROM AGE 3,86.4,,,,Children in formal childcare or education 
Finland,2020,Sheet 2 ALL CHILDREN FROM AGE 3,84.1,,,,Children in formal childcare or education 
Finland,2021,Sheet 2 ALL CHILDREN FROM AGE 3,91.4,,,,Children in formal childcare or education 
Finland,2022,Sheet 2 ALL CHILDREN FROM AGE 3,92.7,,,,Children in formal childcare or education 
Finland,2023,Sheet 2 ALL CHILDREN FROM AGE 3,93.6,,,,Children in formal childcare or education 
Finland,2024,Sheet 2 ALL CHILDREN FROM AGE 3,95.2,,,,Children in formal childcare or education 
France,2015,Sheet 2 ALL CHILDREN FROM AGE 3,95.1,,,,Children in formal childcare or education 
France,2016,Sheet 2 ALL CHILDREN FROM AGE 3,95.7,,,,Children in formal childcare or education 
France,2017,Sheet 2 ALL CHILDREN FROM AGE 3,96.3,,,,Children in formal childcare or education 
France,2018,Sheet 2 ALL CHILDREN FROM AGE 3,96,,,,Children in formal childcare or education 
France,2019,Sheet 2 ALL CHILDREN FROM AGE 3,96.7,,,,Children in formal childcare or education 
France,2020,Sheet 2 ALL CHILDREN FROM AGE 3,98.6,,b,,Children in formal childcare or education 
France,2021,Sheet 2 ALL CHILDREN FROM AGE 3,95,,,,Children in formal childcare or education 
France,2022,Sheet 2 ALL CHILDREN FROM AGE 3,92.3,,,,Children in formal childcare or education 
France,2023,Sheet 2 ALL CHILDREN FROM AGE 3,97,,,,Children in formal childcare or education 
France,2024,Sheet 2 ALL CHILDREN FROM AGE 3,95.5,,,,Children in formal childcare or education 
Germany,2015,Sheet 2 ALL CHILDREN FROM AGE 3,89.8,,,,Children in formal childcare or education 
Germany,2016,Sheet 2 ALL CHILDREN FROM AGE 3,91.9,,,,Children in formal childcare or education 
Germany,2017,Sheet 2 ALL CHILDREN FROM AGE 3,87.7,,,,Children in formal childcare or education 
Germany,2018,Sheet 2 ALL CHILDREN FROM AGE 3,90.1,,,,Children in formal childcare or education 
Germany,2019,Sheet 2 ALL CHILDREN FROM AGE 3,89.9,,,,Children in formal childcare or education 
Germany,2020,Sheet 2 ALL CHILDREN FROM AGE 3,57.4,,b,,Children in formal childcare or education 
Germany,2021,Sheet 2 ALL CHILDREN FROM AGE 3,88.5,,,,Children in formal childcare or education 
Germany,2022,Sheet 2 ALL CHILDREN FROM AGE 3,89.8,,,,Children in formal childcare or education 
Germany,2023,Sheet 2 ALL CHILDREN FROM AGE 3,86.2,,,,Children in formal childcare or education 
Germany,2024,Sheet 2 ALL CHILDREN FROM AGE 3,85,,,,Children in formal childcare or education 
Greece,2015,Sheet 2 ALL CHILDREN FROM AGE 3,77,,,,Children in formal childcare or education 
Greece,2016,Sheet 2 ALL CHILDREN FROM AGE 3,66.5,,,,Children in formal childcare or education 
Greece,2017,Sheet 2 ALL CHILDREN FROM AGE 3,89.6,,,,Children in formal childcare or education 
Greece,2018,Sheet 2 ALL CHILDREN FROM AGE 3,96.5,,,,Children in formal childcare or education 
Greece,2019,Sheet 2 ALL CHILDREN FROM AGE 3,94.1,,,,Children in formal childcare or education 
Greece,2020,Sheet 2 ALL CHILDREN FROM AGE 3,86.1,,,,Children in formal childcare or education 
Greece,2021,Sheet 2 ALL CHILDREN FROM AGE 3,83.3,,,,Children in formal childcare or education 
Greece,2022,Sheet 2 ALL CHILDREN FROM AGE 3,80.5,,,,Children in formal childcare or education 
Greece,2023,Sheet 2 ALL CHILDREN FROM AGE 3,87,,,,Children in formal childcare or education 
Greece,2024,Sheet 2 ALL CHILDREN FROM AGE 3,91.1,,,,Children in formal childcare or education 
Hungary,2015,Sheet 2 ALL CHILDREN FROM AGE 3,92.5,,,,Children in formal childcare or education 
Hungary,2016,Sheet 2 ALL CHILDREN FROM AGE 3,90.6,,,,Children in formal childcare or education 
Hungary,2017,Sheet 2 ALL CHILDREN FROM AGE 3,84.7,,,,Children in formal childcare or education 
Hungary,2018,Sheet 2 ALL CHILDREN FROM AGE 3,84.6,,,,Children in formal childcare or education 
Hungary,2019,Sheet 2 ALL CHILDREN FROM AGE 3,87.9,,,,Children in formal childcare or education 
Hungary,2020,Sheet 2 ALL CHILDREN FROM AGE 3,81.3,,,,Children in formal childcare or education 
Hungary,2021,Sheet 2 ALL CHILDREN FROM AGE 3,100,,,,Children in formal childcare or education 
Hungary,2022,Sheet 2 ALL CHILDREN FROM AGE 3,100,,,,Children in formal childcare or education 
Hungary,2023,Sheet 2 ALL CHILDREN FROM AGE 3,100,,,,Children in formal childcare or education 
Hungary,2024,Sheet 2 ALL CHILDREN FROM AGE 3,100,,,,Children in formal childcare or education 
Ireland,2015,Sheet 2 ALL CHILDREN FROM AGE 3,87.4,,,,Children in formal childcare or education 
Ireland,2016,Sheet 2 ALL CHILDREN FROM AGE 3,88.3,,,,Children in formal childcare or education 
Ireland,2017,Sheet 2 ALL CHILDREN FROM AGE 3,92.5,,,,Children in formal childcare or education 
Ireland,2018,Sheet 2 ALL CHILDREN FROM AGE 3,88.9,,,,Children in formal childcare or education 
Ireland,2019,Sheet 2 ALL CHILDREN FROM AGE 3,89.5,,b,,Children in formal childcare or education 
Ireland,2020,Sheet 2 ALL CHILDREN FROM AGE 3,90.1,,b,,Children in formal childcare or education 
Ireland,2021,Sheet 2 ALL CHILDREN FROM AGE 3,79.3,,,,Children in formal childcare or education 
Ireland,2022,Sheet 2 ALL CHILDREN FROM AGE 3,93.5,,,,Children in formal childcare or education 
Ireland,2023,Sheet 2 ALL CHILDREN FROM AGE 3,94,,,,Children in formal childcare or education 
Ireland,2024,Sheet 2 ALL CHILDREN FROM AGE 3,95.5,,,,Children in formal childcare or education 
Italy,2015,Sheet 2 ALL CHILDREN FROM AGE 3,89.5,,,,Children in formal childcare or education 
Italy,2016,Sheet 2 ALL CHILDREN FROM AGE 3,94.4,,,,Children in formal childcare or education 
Italy,2017,Sheet 2 ALL CHILDREN FROM AGE 3,91.6,,,,Children in formal childcare or education 
Italy,2018,Sheet 2 ALL CHILDREN FROM AGE 3,93.3,,,,Children in formal childcare or education 
Italy,2019,Sheet 2 ALL CHILDREN FROM AGE 3,94.9,,,,Children in formal childcare or education 
Italy,2020,Sheet 2 ALL CHILDREN FROM AGE 3,0,,,,Children in formal childcare or education 
Italy,2021,Sheet 2 ALL CHILDREN FROM AGE 3,93,,,,Children in formal childcare or education 
Italy,2022,Sheet 2 ALL CHILDREN FROM AGE 3,94.2,,,,Children in formal childcare or education 
Italy,2023,Sheet 2 ALL CHILDREN FROM AGE 3,94.7,,,,Children in formal childcare or education 
Italy,2024,Sheet 2 ALL CHILDREN FROM AGE 3,92.4,,,,Children in formal childcare or education 
Latvia,2015,Sheet 2 ALL CHILDREN FROM AGE 3,88.2,,,,Children in formal childcare or education 
Latvia,2016,Sheet 2 ALL CHILDREN FROM AGE 3,85.7,,,,Children in formal childcare or education 
Latvia,2017,Sheet 2 ALL CHILDREN FROM AGE 3,89.2,,,,Children in formal childcare or education 
Latvia,2018,Sheet 2 ALL CHILDREN FROM AGE 3,88.4,,,,Children in formal childcare or education 
Latvia,2019,Sheet 2 ALL CHILDREN FROM AGE 3,87.1,,,,Children in formal childcare or education 
Latvia,2020,Sheet 2 ALL CHILDREN FROM AGE 3,84.4,,,,Children in formal childcare or education 
Latvia,2021,Sheet 2 ALL CHILDREN FROM AGE 3,88.6,,,,Children in formal childcare or education 
Latvia,2022,Sheet 2 ALL CHILDREN FROM AGE 3,91.6,,,,Children in formal childcare or education 
Latvia,2023,Sheet 2 ALL CHILDREN FROM AGE 3,95.1,,,,Children in formal childcare or education 
Latvia,2024,Sheet 2 ALL CHILDREN FROM AGE 3,96.1,,,,Children in formal childcare or education 
Lithuania,2015,Sheet 2 ALL CHILDREN FROM AGE 3,77.4,,,,Children in formal childcare or education 
Lithuania,2016,Sheet 2 ALL CHILDREN FROM AGE 3,81.6,,,,Children in formal childcare or education 
Lithuania,2017,Sheet 2 ALL CHILDREN FROM AGE 3,80.4,,,,Children in formal childcare or education 
Lithuania,2018,Sheet 2 ALL CHILDREN FROM AGE 3,81.1,,,,Children in formal childcare or education 
Lithuania,2019,Sheet 2 ALL CHILDREN FROM AGE 3,82.1,,,,Children in formal childcare or education 
Lithuania,2020,Sheet 2 ALL CHILDREN FROM AGE 3,87.1,,,,Children in formal childcare or education 
Lithuania,2021,Sheet 2 ALL CHILDREN FROM AGE 3,86.3,,,,Children in formal childcare or education 
Lithuania,2022,Sheet 2 ALL CHILDREN FROM AGE 3,92.5,,,,Children in formal childcare or education 
Lithuania,2023,Sheet 2 ALL CHILDREN FROM AGE 3,91.7,,,,Children in formal childcare or education 
Lithuania,2024,Sheet 2 ALL CHILDREN FROM AGE 3,92,,p,,Children in formal childcare or education 
Luxembourg,2015,Sheet 2 ALL CHILDREN FROM AGE 3,87.9,,,,Children in formal childcare or education 
Luxembourg,2016,Sheet 2 ALL CHILDREN FROM AGE 3,91.3,,,,Children in formal childcare or education 
Luxembourg,2017,Sheet 2 ALL CHILDREN FROM AGE 3,93.9,,,,Children in formal childcare or education 
Luxembourg,2018,Sheet 2 ALL CHILDREN FROM AGE 3,92.2,,,,Children in formal childcare or education 
Luxembourg,2019,Sheet 2 ALL CHILDREN FROM AGE 3,93.9,,,,Children in formal childcare or education 
Luxembourg,2020,Sheet 2 ALL CHILDREN FROM AGE 3,92,,b,,Children in formal childcare or education 
Luxembourg,2021,Sheet 2 ALL CHILDREN FROM AGE 3,97.1,,,,Children in formal childcare or education 
Luxembourg,2022,Sheet 2 ALL CHILDREN FROM AGE 3,95.1,,,,Children in formal childcare or education 
Luxembourg,2023,Sheet 2 ALL CHILDREN FROM AGE 3,85.1,,,,Children in formal childcare or education 
Luxembourg,2024,Sheet 2 ALL CHILDREN FROM AGE 3,82.4,,,,Children in formal childcare or education 
Malta,2015,Sheet 2 ALL CHILDREN FROM AGE 3,92.8,,,,Children in formal childcare or education 
Malta,2016,Sheet 2 ALL CHILDREN FROM AGE 3,91.5,,,,Children in formal childcare or education 
Malta,2017,Sheet 2 ALL CHILDREN FROM AGE 3,94.1,,,,Children in formal childcare or education 
Malta,2018,Sheet 2 ALL CHILDREN FROM AGE 3,88.8,,,,Children in formal childcare or education 
Malta,2019,Sheet 2 ALL CHILDREN FROM AGE 3,88.3,,,,Children in formal childcare or education 
Malta,2020,Sheet 2 ALL CHILDREN FROM AGE 3,87,,,,Children in formal childcare or education 
Malta,2021,Sheet 2 ALL CHILDREN FROM AGE 3,90.6,,,,Children in formal childcare or education 
Malta,2022,Sheet 2 ALL CHILDREN FROM AGE 3,94,,,,Children in formal childcare or education 
Malta,2023,Sheet 2 ALL CHILDREN FROM AGE 3,93.1,,,,Children in formal childcare or education 
Malta,2024,Sheet 2 ALL CHILDREN FROM AGE 3,97.5,,,,Children in formal childcare or education 
Netherlands,2015,Sheet 2 ALL CHILDREN FROM AGE 3,94.2,,,,Children in formal childcare or education 
Netherlands,2016,Sheet 2 ALL CHILDREN FROM AGE 3,95.5,,,,Children in formal childcare or education 
Netherlands,2017,Sheet 2 ALL CHILDREN FROM AGE 3,96.9,,,,Children in formal childcare or education 
Netherlands,2018,Sheet 2 ALL CHILDREN FROM AGE 3,90,,,,Children in formal childcare or education 
Netherlands,2019,Sheet 2 ALL CHILDREN FROM AGE 3,96.7,,,,Children in formal childcare or education 
Netherlands,2020,Sheet 2 ALL CHILDREN FROM AGE 3,95.5,,,,Children in formal childcare or education 
Netherlands,2021,Sheet 2 ALL CHILDREN FROM AGE 3,97.8,,,,Children in formal childcare or education 
Netherlands,2022,Sheet 2 ALL CHILDREN FROM AGE 3,97.2,,,,Children in formal childcare or education 
Netherlands,2023,Sheet 2 ALL CHILDREN FROM AGE 3,96.3,,,,Children in formal childcare or education 
Netherlands,2024,Sheet 2 ALL CHILDREN FROM AGE 3,96,,,,Children in formal childcare or education 
Poland,2015,Sheet 2 ALL CHILDREN FROM AGE 3,53.3,,,,Children in formal childcare or education 
Poland,2016,Sheet 2 ALL CHILDREN FROM AGE 3,70.2,,,,Children in formal childcare or education 
Poland,2017,Sheet 2 ALL CHILDREN FROM AGE 3,75.6,,,,Children in formal childcare or education 
Poland,2018,Sheet 2 ALL CHILDREN FROM AGE 3,74.9,,,,Children in formal childcare or education 
Poland,2019,Sheet 2 ALL CHILDREN FROM AGE 3,77,,,,Children in formal childcare or education 
Poland,2020,Sheet 2 ALL CHILDREN FROM AGE 3,73.8,,,,Children in formal childcare or education 
Poland,2021,Sheet 2 ALL CHILDREN FROM AGE 3,79.3,,,,Children in formal childcare or education 
Poland,2022,Sheet 2 ALL CHILDREN FROM AGE 3,76.5,,,,Children in formal childcare or education 
Poland,2023,Sheet 2 ALL CHILDREN FROM AGE 3,74.7,,,,Children in formal childcare or education 
Poland,2024,Sheet 2 ALL CHILDREN FROM AGE 3,78.6,,,,Children in formal childcare or education 
Portugal,2015,Sheet 2 ALL CHILDREN FROM AGE 3,92.4,,,,Children in formal childcare or education 
Portugal,2016,Sheet 2 ALL CHILDREN FROM AGE 3,93.8,,,,Children in formal childcare or education 
Portugal,2017,Sheet 2 ALL CHILDREN FROM AGE 3,94.4,,,,Children in formal childcare or education 
Portugal,2018,Sheet 2 ALL CHILDREN FROM AGE 3,95.4,,,,Children in formal childcare or education 
Portugal,2019,Sheet 2 ALL CHILDREN FROM AGE 3,94.4,,,,Children in formal childcare or education 
Portugal,2020,Sheet 2 ALL CHILDREN FROM AGE 3,90,,,,Children in formal childcare or education 
Portugal,2021,Sheet 2 ALL CHILDREN FROM AGE 3,89,,,,Children in formal childcare or education 
Portugal,2022,Sheet 2 ALL CHILDREN FROM AGE 3,91.5,,,,Children in formal childcare or education 
Portugal,2023,Sheet 2 ALL CHILDREN FROM AGE 3,88.4,,,,Children in formal childcare or education 
Portugal,2024,Sheet 2 ALL CHILDREN FROM AGE 3,93.5,,,,Children in formal childcare or education 
Romania,2015,Sheet 2 ALL CHILDREN FROM AGE 3,65,,,,Children in formal childcare or education 
Romania,2016,Sheet 2 ALL CHILDREN FROM AGE 3,66.7,,,,Children in formal childcare or education 
Romania,2017,Sheet 2 ALL CHILDREN FROM AGE 3,65.8,,,,Children in formal childcare or education 
Romania,2018,Sheet 2 ALL CHILDREN FROM AGE 3,78.7,,,,Children in formal childcare or education 
Romania,2019,Sheet 2 ALL CHILDREN FROM AGE 3,77.4,,,,Children in formal childcare or education 
Romania,2020,Sheet 2 ALL CHILDREN FROM AGE 3,64.5,,,,Children in formal childcare or education 
Romania,2021,Sheet 2 ALL CHILDREN FROM AGE 3,61.7,,,,Children in formal childcare or education 
Romania,2022,Sheet 2 ALL CHILDREN FROM AGE 3,67.8,,,,Children in formal childcare or education 
Romania,2023,Sheet 2 ALL CHILDREN FROM AGE 3,68.8,,,,Children in formal childcare or education 
Romania,2024,Sheet 2 ALL CHILDREN FROM AGE 3,72.7,,,,Children in formal childcare or education 
Slovakia,2015,Sheet 2 ALL CHILDREN FROM AGE 3,72,,,,Children in formal childcare or education 
Slovakia,2016,Sheet 2 ALL CHILDREN FROM AGE 3,71,,,,Children in formal childcare or education 
Slovakia,2017,Sheet 2 ALL CHILDREN FROM AGE 3,53.6,,,,Children in formal childcare or education 
Slovakia,2018,Sheet 2 ALL CHILDREN FROM AGE 3,81.8,,,,Children in formal childcare or education 
Slovakia,2019,Sheet 2 ALL CHILDREN FROM AGE 3,81.2,,,,Children in formal childcare or education 
Slovakia,2020,Sheet 2 ALL CHILDREN FROM AGE 3,81.9,,,,Children in formal childcare or education 
Slovakia,2021,Sheet 2 ALL CHILDREN FROM AGE 3,76.4,,,,Children in formal childcare or education 
Slovakia,2022,Sheet 2 ALL CHILDREN FROM AGE 3,85,,,,Children in formal childcare or education 
Slovakia,2023,Sheet 2 ALL CHILDREN FROM AGE 3,72.6,,,,Children in formal childcare or education 
Slovakia,2024,Sheet 2 ALL CHILDREN FROM AGE 3,73.3,,,,Children in formal childcare or education 
Slovenia,2015,Sheet 2 ALL CHILDREN FROM AGE 3,92.6,,,,Children in formal childcare or education 
Slovenia,2016,Sheet 2 ALL CHILDREN FROM AGE 3,91.8,,,,Children in formal childcare or education 
Slovenia,2017,Sheet 2 ALL CHILDREN FROM AGE 3,95.2,,,,Children in formal childcare or education 
Slovenia,2018,Sheet 2 ALL CHILDREN FROM AGE 3,93.3,,,,Children in formal childcare or education 
Slovenia,2019,Sheet 2 ALL CHILDREN FROM AGE 3,96.2,,,,Children in formal childcare or education 
Slovenia,2020,Sheet 2 ALL CHILDREN FROM AGE 3,96.2,,,,Children in formal childcare or education 
Slovenia,2021,Sheet 2 ALL CHILDREN FROM AGE 3,87.8,,,,Children in formal childcare or education 
Slovenia,2022,Sheet 2 ALL CHILDREN FROM AGE 3,96.4,,,,Children in formal childcare or education 
Slovenia,2023,Sheet 2 ALL CHILDREN FROM AGE 3,94.9,,,,Children in formal childcare or education 
Slovenia,2024,Sheet 2 ALL CHILDREN FROM AGE 3,96.9,,,,Children in formal childcare or education 
Spain,2015,Sheet 2 ALL CHILDREN FROM AGE 3,94,,,,Children in formal childcare or education 
Spain,2016,Sheet 2 ALL CHILDREN FROM AGE 3,96.3,,,,Children in formal childcare or education 
Spain,2017,Sheet 2 ALL CHILDREN FROM AGE 3,96.4,,,,Children in formal childcare or education 
Spain,2018,Sheet 2 ALL CHILDREN FROM AGE 3,95.5,,,,Children in formal childcare or education 
Spain,2019,Sheet 2 ALL CHILDREN FROM AGE 3,98.2,,,,Children in formal childcare or education 
Spain,2020,Sheet 2 ALL CHILDREN FROM AGE 3,97.6,,,,Children in formal childcare or education 
Spain,2021,Sheet 2 ALL CHILDREN FROM AGE 3,98,,,,Children in formal childcare or education 
Spain,2022,Sheet 2 ALL CHILDREN FROM AGE 3,96.8,,,,Children in formal childcare or education 
Spain,2023,Sheet 2 ALL CHILDREN FROM AGE 3,98.4,,,,Children in formal childcare or education 
Spain,2024,Sheet 2 ALL CHILDREN FROM AGE 3,98.4,,,,Children in formal childcare or education 
Sweden,2015,Sheet 2 ALL CHILDREN FROM AGE 3,96.6,,,,Children in formal childcare or education 
Sweden,2016,Sheet 2 ALL CHILDREN FROM AGE 3,97.3,,,,Children in formal childcare or education 
Sweden,2017,Sheet 2 ALL CHILDREN FROM AGE 3,98,,,,Children in formal childcare or education 
Sweden,2018,Sheet 2 ALL CHILDREN FROM AGE 3,96.1,,,,Children in formal childcare or education 
Sweden,2019,Sheet 2 ALL CHILDREN FROM AGE 3,96.5,,,,Children in formal childcare or education 
Sweden,2020,Sheet 2 ALL CHILDREN FROM AGE 3,96,,,,Children in formal childcare or education 
Sweden,2021,Sheet 2 ALL CHILDREN FROM AGE 3,98.3,,,,Children in formal childcare or education 
Sweden,2022,Sheet 2 ALL CHILDREN FROM AGE 3,97.7,,,,Children in formal childcare or education 
Sweden,2023,Sheet 2 ALL CHILDREN FROM AGE 3,99,,,,Children in formal childcare or education 
Sweden,2024,Sheet 2 ALL CHILDREN FROM AGE 3,99,,,,Children in formal childcare or education 
Austria,2015,Sheet 5 UNDER 3 AROPE,19.8,,,,Children in formal childcare or education 
Austria,2016,Sheet 5 UNDER 3 AROPE,23.2,,,,Children in formal childcare or education 
Austria,2017,Sheet 5 UNDER 3 AROPE,12.2,,,,Children in formal childcare or education 
Austria,2018,Sheet 5 UNDER 3 AROPE,13.6,,,,Children in formal childcare or education 
Austria,2019,Sheet 5 UNDER 3 AROPE,19.8,,,,Children in formal childcare or education 
Austria,2020,Sheet 5 UNDER 3 AROPE,13.3,,,,Children in formal childcare or education 
Austria,2021,Sheet 5 UNDER 3 AROPE,27,,,,Children in formal childcare or education 
Austria,2022,Sheet 5 UNDER 3 AROPE,29.3,,,,Children in formal childcare or education 
Austria,2023,Sheet 5 UNDER 3 AROPE,17.9,,,,Children in formal childcare or education 
Austria,2024,Sheet 5 UNDER 3 AROPE,21.1,,,,Children in formal childcare or education 
Belgium,2015,Sheet 5 UNDER 3 AROPE,26.5,,,,Children in formal childcare or education 
Belgium,2016,Sheet 5 UNDER 3 AROPE,33.8,,,,Children in formal childcare or education 
Belgium,2017,Sheet 5 UNDER 3 AROPE,30.1,,,,Children in formal childcare or education 
Belgium,2018,Sheet 5 UNDER 3 AROPE,25.2,,,,Children in formal childcare or education 
Belgium,2019,Sheet 5 UNDER 3 AROPE,34.3,,b,,Children in formal childcare or education 
Belgium,2020,Sheet 5 UNDER 3 AROPE,16.6,,,,Children in formal childcare or education 
Belgium,2021,Sheet 5 UNDER 3 AROPE,29.9,,,,Children in formal childcare or education 
Belgium,2022,Sheet 5 UNDER 3 AROPE,20.6,,,,Children in formal childcare or education 
Belgium,2023,Sheet 5 UNDER 3 AROPE,42.5,,,,Children in formal childcare or education 
Belgium,2024,Sheet 5 UNDER 3 AROPE,20.1,,,,Children in formal childcare or education 
Bulgaria,2015,Sheet 5 UNDER 3 AROPE,7.6,,,,Children in formal childcare or education 
Bulgaria,2016,Sheet 5 UNDER 3 AROPE,11.1,,,,Children in formal childcare or education 
Bulgaria,2017,Sheet 5 UNDER 3 AROPE,6.7,,,,Children in formal childcare or education 
Bulgaria,2018,Sheet 5 UNDER 3 AROPE,11,,,,Children in formal childcare or education 
Bulgaria,2019,Sheet 5 UNDER 3 AROPE,16.3,,,,Children in formal childcare or education 
Bulgaria,2020,Sheet 5 UNDER 3 AROPE,4.8,,,,Children in formal childcare or education 
Bulgaria,2021,Sheet 5 UNDER 3 AROPE,23.6,,,,Children in formal childcare or education 
Bulgaria,2022,Sheet 5 UNDER 3 AROPE,21.7,,,,Children in formal childcare or education 
Bulgaria,2023,Sheet 5 UNDER 3 AROPE,12.9,,,,Children in formal childcare or education 
Bulgaria,2024,Sheet 5 UNDER 3 AROPE,15.1,,,,Children in formal childcare or education 
Croatia,2015,Sheet 5 UNDER 3 AROPE,6.1,,,,Children in formal childcare or education 
Croatia,2016,Sheet 5 UNDER 3 AROPE,8.7,,,,Children in formal childcare or education 
Croatia,2017,Sheet 5 UNDER 3 AROPE,3.9,,,,Children in formal childcare or education 
Croatia,2018,Sheet 5 UNDER 3 AROPE,2.6,,,,Children in formal childcare or education 
Croatia,2019,Sheet 5 UNDER 3 AROPE,3.9,,u,,Children in formal childcare or education 
Croatia,2020,Sheet 5 UNDER 3 AROPE,20,,u,,Children in formal childcare or education 
Croatia,2021,Sheet 5 UNDER 3 AROPE,0,,u,,Children in formal childcare or education 
Croatia,2022,Sheet 5 UNDER 3 AROPE,32.9,,u,,Children in formal childcare or education 
Croatia,2023,Sheet 5 UNDER 3 AROPE,12.1,,u,,Children in formal childcare or education 
Croatia,2024,Sheet 5 UNDER 3 AROPE,8.2,,,,Children in formal childcare or education 
Cyprus,2015,Sheet 5 UNDER 3 AROPE,14.5,,,,Children in formal childcare or education 
Cyprus,2016,Sheet 5 UNDER 3 AROPE,12.1,,,,Children in formal childcare or education 
Cyprus,2017,Sheet 5 UNDER 3 AROPE,10.7,,,,Children in formal childcare or education 
Cyprus,2018,Sheet 5 UNDER 3 AROPE,20.1,,,,Children in formal childcare or education 
Cyprus,2019,Sheet 5 UNDER 3 AROPE,6.8,,u,,Children in formal childcare or education 
Cyprus,2020,Sheet 5 UNDER 3 AROPE,3.2,,u,,Children in formal childcare or education 
Cyprus,2021,Sheet 5 UNDER 3 AROPE,15.3,,u,,Children in formal childcare or education 
Cyprus,2022,Sheet 5 UNDER 3 AROPE,8.3,,u,,Children in formal childcare or education 
Cyprus,2023,Sheet 5 UNDER 3 AROPE,22.2,,u,,Children in formal childcare or education 
Cyprus,2024,Sheet 5 UNDER 3 AROPE,26.5,,u,,Children in formal childcare or education 
Czechia,2015,Sheet 5 UNDER 3 AROPE,4.2,,,,Children in formal childcare or education 
Czechia,2016,Sheet 5 UNDER 3 AROPE,2.5,,,,Children in formal childcare or education 
Czechia,2017,Sheet 5 UNDER 3 AROPE,6.4,,,,Children in formal childcare or education 
Czechia,2018,Sheet 5 UNDER 3 AROPE,13.3,,,,Children in formal childcare or education 
Czechia,2019,Sheet 5 UNDER 3 AROPE,4.5,,,,Children in formal childcare or education 
Czechia,2020,Sheet 5 UNDER 3 AROPE,0.9,,,,Children in formal childcare or education 
Czechia,2021,Sheet 5 UNDER 3 AROPE,2.9,,,,Children in formal childcare or education 
Czechia,2022,Sheet 5 UNDER 3 AROPE,5.7,,,,Children in formal childcare or education 
Czechia,2023,Sheet 5 UNDER 3 AROPE,1.8,,,,Children in formal childcare or education 
Czechia,2024,Sheet 5 UNDER 3 AROPE,6.4,,u,,Children in formal childcare or education 
Denmark,2015,Sheet 5 UNDER 3 AROPE,70.3,,u,,Children in formal childcare or education 
Denmark,2016,Sheet 5 UNDER 3 AROPE,,,u,,Children in formal childcare or education 
Denmark,2017,Sheet 5 UNDER 3 AROPE,63.6,,u,,Children in formal childcare or education 
Denmark,2018,Sheet 5 UNDER 3 AROPE,53.5,,u,,Children in formal childcare or education 
Denmark,2019,Sheet 5 UNDER 3 AROPE,66.4,,u,,Children in formal childcare or education 
Denmark,2020,Sheet 5 UNDER 3 AROPE,82.6,,u,,Children in formal childcare or education 
Denmark,2021,Sheet 5 UNDER 3 AROPE,65.5,,u,,Children in formal childcare or education 
Denmark,2022,Sheet 5 UNDER 3 AROPE,,,u,,Children in formal childcare or education 
Denmark,2023,Sheet 5 UNDER 3 AROPE,71.7,,bu,,Children in formal childcare or education 
Denmark,2024,Sheet 5 UNDER 3 AROPE,67.4,,u,,Children in formal childcare or education 
EU 27,2015,Sheet 5 UNDER 3 AROPE,20.8,,,,Children in formal childcare or education 
EU 27,2016,Sheet 5 UNDER 3 AROPE,21.8,,,,Children in formal childcare or education 
EU 27,2017,Sheet 5 UNDER 3 AROPE,21.1,,,,Children in formal childcare or education 
EU 27,2018,Sheet 5 UNDER 3 AROPE,20.5,,,,Children in formal childcare or education 
EU 27,2019,Sheet 5 UNDER 3 AROPE,25.6,,,,Children in formal childcare or education 
EU 27,2020,Sheet 5 UNDER 3 AROPE,21.2,,e,,Children in formal childcare or education 
EU 27,2021,Sheet 5 UNDER 3 AROPE,21.9,,,,Children in formal childcare or education 
EU 27,2022,Sheet 5 UNDER 3 AROPE,23.3,,,,Children in formal childcare or education 
EU 27,2023,Sheet 5 UNDER 3 AROPE,25.2,,,,Children in formal childcare or education 
EU 27,2024,Sheet 5 UNDER 3 AROPE,23.6,,,,Children in formal childcare or education 
Estonia,2015,Sheet 5 UNDER 3 AROPE,21.5,,,,Children in formal childcare or education 
Estonia,2016,Sheet 5 UNDER 3 AROPE,27.1,,,,Children in formal childcare or education 
Estonia,2017,Sheet 5 UNDER 3 AROPE,30.6,,,,Children in formal childcare or education 
Estonia,2018,Sheet 5 UNDER 3 AROPE,32.1,,,,Children in formal childcare or education 
Estonia,2019,Sheet 5 UNDER 3 AROPE,36.7,,,,Children in formal childcare or education 
Estonia,2020,Sheet 5 UNDER 3 AROPE,22.8,,,,Children in formal childcare or education 
Estonia,2021,Sheet 5 UNDER 3 AROPE,31.1,,,,Children in formal childcare or education 
Estonia,2022,Sheet 5 UNDER 3 AROPE,32.9,,,,Children in formal childcare or education 
Estonia,2023,Sheet 5 UNDER 3 AROPE,25.3,,,,Children in formal childcare or education 
Estonia,2024,Sheet 5 UNDER 3 AROPE,36,,,,Children in formal childcare or education 
Finland,2015,Sheet 5 UNDER 3 AROPE,18,,,,Children in formal childcare or education 
Finland,2016,Sheet 5 UNDER 3 AROPE,21.2,,,,Children in formal childcare or education 
Finland,2017,Sheet 5 UNDER 3 AROPE,15.7,,,,Children in formal childcare or education 
Finland,2018,Sheet 5 UNDER 3 AROPE,16,,,,Children in formal childcare or education 
Finland,2019,Sheet 5 UNDER 3 AROPE,15.9,,,,Children in formal childcare or education 
Finland,2020,Sheet 5 UNDER 3 AROPE,8.4,,,,Children in formal childcare or education 
Finland,2021,Sheet 5 UNDER 3 AROPE,29.7,,,,Children in formal childcare or education 
Finland,2022,Sheet 5 UNDER 3 AROPE,29.3,,,,Children in formal childcare or education 
Finland,2023,Sheet 5 UNDER 3 AROPE,20.5,,,,Children in formal childcare or education 
Finland,2024,Sheet 5 UNDER 3 AROPE,41.4,,,,Children in formal childcare or education 
France,2015,Sheet 5 UNDER 3 AROPE,22.5,,,,Children in formal childcare or education 
France,2016,Sheet 5 UNDER 3 AROPE,25.2,,,,Children in formal childcare or education 
France,2017,Sheet 5 UNDER 3 AROPE,21.3,,,,Children in formal childcare or education 
France,2018,Sheet 5 UNDER 3 AROPE,19.1,,,,Children in formal childcare or education 
France,2019,Sheet 5 UNDER 3 AROPE,15.6,,,,Children in formal childcare or education 
France,2020,Sheet 5 UNDER 3 AROPE,23.5,,b,,Children in formal childcare or education 
France,2021,Sheet 5 UNDER 3 AROPE,16.7,,,,Children in formal childcare or education 
France,2022,Sheet 5 UNDER 3 AROPE,34.2,,,,Children in formal childcare or education 
France,2023,Sheet 5 UNDER 3 AROPE,30.2,,,,Children in formal childcare or education 
France,2024,Sheet 5 UNDER 3 AROPE,27.4,,,,Children in formal childcare or education 
Germany,2015,Sheet 5 UNDER 3 AROPE,23.9,,,,Children in formal childcare or education 
Germany,2016,Sheet 5 UNDER 3 AROPE,27,,,,Children in formal childcare or education 
Germany,2017,Sheet 5 UNDER 3 AROPE,24.7,,,,Children in formal childcare or education 
Germany,2018,Sheet 5 UNDER 3 AROPE,15.2,,,,Children in formal childcare or education 
Germany,2019,Sheet 5 UNDER 3 AROPE,24.4,,,,Children in formal childcare or education 
Germany,2020,Sheet 5 UNDER 3 AROPE,11.3,,b,,Children in formal childcare or education 
Germany,2021,Sheet 5 UNDER 3 AROPE,25.6,,,,Children in formal childcare or education 
Germany,2022,Sheet 5 UNDER 3 AROPE,16.8,,,,Children in formal childcare or education 
Germany,2023,Sheet 5 UNDER 3 AROPE,14.4,,,,Children in formal childcare or education 
Germany,2024,Sheet 5 UNDER 3 AROPE,13.7,,,,Children in formal childcare or education 
Greece,2015,Sheet 5 UNDER 3 AROPE,11.7,,,,Children in formal childcare or education 
Greece,2016,Sheet 5 UNDER 3 AROPE,8.1,,,,Children in formal childcare or education 
Greece,2017,Sheet 5 UNDER 3 AROPE,16.9,,,,Children in formal childcare or education 
Greece,2018,Sheet 5 UNDER 3 AROPE,47.1,,,,Children in formal childcare or education 
Greece,2019,Sheet 5 UNDER 3 AROPE,31.6,,,,Children in formal childcare or education 
Greece,2020,Sheet 5 UNDER 3 AROPE,19,,,,Children in formal childcare or education 
Greece,2021,Sheet 5 UNDER 3 AROPE,11.2,,,,Children in formal childcare or education 
Greece,2022,Sheet 5 UNDER 3 AROPE,17.4,,,,Children in formal childcare or education 
Greece,2023,Sheet 5 UNDER 3 AROPE,19.8,,,,Children in formal childcare or education 
Greece,2024,Sheet 5 UNDER 3 AROPE,22.8,,,,Children in formal childcare or education 
Hungary,2015,Sheet 5 UNDER 3 AROPE,12.1,,,,Children in formal childcare or education 
Hungary,2016,Sheet 5 UNDER 3 AROPE,5.7,,,,Children in formal childcare or education 
Hungary,2017,Sheet 5 UNDER 3 AROPE,10.8,,,,Children in formal childcare or education 
Hungary,2018,Sheet 5 UNDER 3 AROPE,2.9,,,,Children in formal childcare or education 
Hungary,2019,Sheet 5 UNDER 3 AROPE,16.5,,,,Children in formal childcare or education 
Hungary,2020,Sheet 5 UNDER 3 AROPE,9.2,,,,Children in formal childcare or education 
Hungary,2021,Sheet 5 UNDER 3 AROPE,13.6,,,,Children in formal childcare or education 
Hungary,2022,Sheet 5 UNDER 3 AROPE,15.2,,,,Children in formal childcare or education 
Hungary,2023,Sheet 5 UNDER 3 AROPE,10.3,,,,Children in formal childcare or education 
Hungary,2024,Sheet 5 UNDER 3 AROPE,14.4,,,,Children in formal childcare or education 
Ireland,2015,Sheet 5 UNDER 3 AROPE,18,,,,Children in formal childcare or education 
Ireland,2016,Sheet 5 UNDER 3 AROPE,19.3,,,,Children in formal childcare or education 
Ireland,2017,Sheet 5 UNDER 3 AROPE,10.5,,,,Children in formal childcare or education 
Ireland,2018,Sheet 5 UNDER 3 AROPE,4.6,,,,Children in formal childcare or education 
Ireland,2019,Sheet 5 UNDER 3 AROPE,15.7,,b,,Children in formal childcare or education 
Ireland,2020,Sheet 5 UNDER 3 AROPE,9.7,,b,,Children in formal childcare or education 
Ireland,2021,Sheet 5 UNDER 3 AROPE,0,,u,,Children in formal childcare or education 
Ireland,2022,Sheet 5 UNDER 3 AROPE,2.7,,u,,Children in formal childcare or education 
Ireland,2023,Sheet 5 UNDER 3 AROPE,9,,u,,Children in formal childcare or education 
Ireland,2024,Sheet 5 UNDER 3 AROPE,10.7,,u,,Children in formal childcare or education 
Italy,2015,Sheet 5 UNDER 3 AROPE,19.1,,,,Children in formal childcare or education 
Italy,2016,Sheet 5 UNDER 3 AROPE,23.8,,,,Children in formal childcare or education 
Italy,2017,Sheet 5 UNDER 3 AROPE,19.1,,,,Children in formal childcare or education 
Italy,2018,Sheet 5 UNDER 3 AROPE,16.6,,,,Children in formal childcare or education 
Italy,2019,Sheet 5 UNDER 3 AROPE,23.4,,,,Children in formal childcare or education 
Italy,2020,Sheet 5 UNDER 3 AROPE,,,,,Children in formal childcare or education 
Italy,2021,Sheet 5 UNDER 3 AROPE,16.2,,,,Children in formal childcare or education 
Italy,2022,Sheet 5 UNDER 3 AROPE,13.3,,,,Children in formal childcare or education 
Italy,2023,Sheet 5 UNDER 3 AROPE,35.1,,,,Children in formal childcare or education 
Italy,2024,Sheet 5 UNDER 3 AROPE,18,,,,Children in formal childcare or education 
Latvia,2015,Sheet 5 UNDER 3 AROPE,15.8,,,,Children in formal childcare or education 
Latvia,2016,Sheet 5 UNDER 3 AROPE,17.7,,,,Children in formal childcare or education 
Latvia,2017,Sheet 5 UNDER 3 AROPE,19.9,,,,Children in formal childcare or education 
Latvia,2018,Sheet 5 UNDER 3 AROPE,17.4,,,,Children in formal childcare or education 
Latvia,2019,Sheet 5 UNDER 3 AROPE,12.8,,,,Children in formal childcare or education 
Latvia,2020,Sheet 5 UNDER 3 AROPE,22.6,,,,Children in formal childcare or education 
Latvia,2021,Sheet 5 UNDER 3 AROPE,13.9,,,,Children in formal childcare or education 
Latvia,2022,Sheet 5 UNDER 3 AROPE,30.8,,,,Children in formal childcare or education 
Latvia,2023,Sheet 5 UNDER 3 AROPE,46.1,,,,Children in formal childcare or education 
Latvia,2024,Sheet 5 UNDER 3 AROPE,30.7,,u,,Children in formal childcare or education 
Lithuania,2015,Sheet 5 UNDER 3 AROPE,1.2,,,,Children in formal childcare or education 
Lithuania,2016,Sheet 5 UNDER 3 AROPE,7.3,,,,Children in formal childcare or education 
Lithuania,2017,Sheet 5 UNDER 3 AROPE,8,,,,Children in formal childcare or education 
Lithuania,2018,Sheet 5 UNDER 3 AROPE,22.6,,,,Children in formal childcare or education 
Lithuania,2019,Sheet 5 UNDER 3 AROPE,7.5,,u,,Children in formal childcare or education 
Lithuania,2020,Sheet 5 UNDER 3 AROPE,24.9,,,,Children in formal childcare or education 
Lithuania,2021,Sheet 5 UNDER 3 AROPE,11.8,,u,,Children in formal childcare or education 
Lithuania,2022,Sheet 5 UNDER 3 AROPE,22.9,,u,,Children in formal childcare or education 
Lithuania,2023,Sheet 5 UNDER 3 AROPE,19.2,,u,,Children in formal childcare or education 
Lithuania,2024,Sheet 5 UNDER 3 AROPE,37.4,,pu,,Children in formal childcare or education 
Luxembourg,2015,Sheet 5 UNDER 3 AROPE,45.3,,,,Children in formal childcare or education 
Luxembourg,2016,Sheet 5 UNDER 3 AROPE,46.8,,,,Children in formal childcare or education 
Luxembourg,2017,Sheet 5 UNDER 3 AROPE,49.4,,,,Children in formal childcare or education 
Luxembourg,2018,Sheet 5 UNDER 3 AROPE,53.7,,,,Children in formal childcare or education 
Luxembourg,2019,Sheet 5 UNDER 3 AROPE,48.5,,,,Children in formal childcare or education 
Luxembourg,2020,Sheet 5 UNDER 3 AROPE,27.3,,bu,,Children in formal childcare or education 
Luxembourg,2021,Sheet 5 UNDER 3 AROPE,61.9,,,,Children in formal childcare or education 
Luxembourg,2022,Sheet 5 UNDER 3 AROPE,45,,u,,Children in formal childcare or education 
Luxembourg,2023,Sheet 5 UNDER 3 AROPE,31.7,,u,,Children in formal childcare or education 
Luxembourg,2024,Sheet 5 UNDER 3 AROPE,52.9,,,,Children in formal childcare or education 
Malta,2015,Sheet 5 UNDER 3 AROPE,8.6,,,,Children in formal childcare or education 
Malta,2016,Sheet 5 UNDER 3 AROPE,10.8,,u,,Children in formal childcare or education 
Malta,2017,Sheet 5 UNDER 3 AROPE,23.3,,u,,Children in formal childcare or education 
Malta,2018,Sheet 5 UNDER 3 AROPE,21.8,,u,,Children in formal childcare or education 
Malta,2019,Sheet 5 UNDER 3 AROPE,23.8,,u,,Children in formal childcare or education 
Malta,2020,Sheet 5 UNDER 3 AROPE,25.6,,u,,Children in formal childcare or education 
Malta,2021,Sheet 5 UNDER 3 AROPE,8.3,,u,,Children in formal childcare or education 
Malta,2022,Sheet 5 UNDER 3 AROPE,16.7,,u,,Children in formal childcare or education 
Malta,2023,Sheet 5 UNDER 3 AROPE,18.4,,u,,Children in formal childcare or education 
Malta,2024,Sheet 5 UNDER 3 AROPE,24.3,,u,,Children in formal childcare or education 
Netherlands,2015,Sheet 5 UNDER 3 AROPE,28,,u,,Children in formal childcare or education 
Netherlands,2016,Sheet 5 UNDER 3 AROPE,18,,,,Children in formal childcare or education 
Netherlands,2017,Sheet 5 UNDER 3 AROPE,34.4,,,,Children in formal childcare or education 
Netherlands,2018,Sheet 5 UNDER 3 AROPE,31.9,,,,Children in formal childcare or education 
Netherlands,2019,Sheet 5 UNDER 3 AROPE,33.3,,u,,Children in formal childcare or education 
Netherlands,2020,Sheet 5 UNDER 3 AROPE,55.9,,,,Children in formal childcare or education 
Netherlands,2021,Sheet 5 UNDER 3 AROPE,39,,,,Children in formal childcare or education 
Netherlands,2022,Sheet 5 UNDER 3 AROPE,42,,,,Children in formal childcare or education 
Netherlands,2023,Sheet 5 UNDER 3 AROPE,31.1,,u,,Children in formal childcare or education 
Netherlands,2024,Sheet 5 UNDER 3 AROPE,59.2,,u,,Children in formal childcare or education 
Poland,2015,Sheet 5 UNDER 3 AROPE,1,,,,Children in formal childcare or education 
Poland,2016,Sheet 5 UNDER 3 AROPE,6.3,,,,Children in formal childcare or education 
Poland,2017,Sheet 5 UNDER 3 AROPE,5.4,,,,Children in formal childcare or education 
Poland,2018,Sheet 5 UNDER 3 AROPE,3.7,,,,Children in formal childcare or education 
Poland,2019,Sheet 5 UNDER 3 AROPE,4.1,,,,Children in formal childcare or education 
Poland,2020,Sheet 5 UNDER 3 AROPE,8.8,,,,Children in formal childcare or education 
Poland,2021,Sheet 5 UNDER 3 AROPE,4.7,,,,Children in formal childcare or education 
Poland,2022,Sheet 5 UNDER 3 AROPE,4.1,,,,Children in formal childcare or education 
Poland,2023,Sheet 5 UNDER 3 AROPE,1.6,,,,Children in formal childcare or education 
Poland,2024,Sheet 5 UNDER 3 AROPE,4.3,,,,Children in formal childcare or education 
Portugal,2015,Sheet 5 UNDER 3 AROPE,29,,,,Children in formal childcare or education 
Portugal,2016,Sheet 5 UNDER 3 AROPE,36.7,,,,Children in formal childcare or education 
Portugal,2017,Sheet 5 UNDER 3 AROPE,30.1,,,,Children in formal childcare or education 
Portugal,2018,Sheet 5 UNDER 3 AROPE,28.8,,,,Children in formal childcare or education 
Portugal,2019,Sheet 5 UNDER 3 AROPE,51.5,,,,Children in formal childcare or education 
Portugal,2020,Sheet 5 UNDER 3 AROPE,32.2,,,,Children in formal childcare or education 
Portugal,2021,Sheet 5 UNDER 3 AROPE,35.7,,,,Children in formal childcare or education 
Portugal,2022,Sheet 5 UNDER 3 AROPE,35.3,,,,Children in formal childcare or education 
Portugal,2023,Sheet 5 UNDER 3 AROPE,44.5,,,,Children in formal childcare or education 
Portugal,2024,Sheet 5 UNDER 3 AROPE,46.7,,,,Children in formal childcare or education 
Romania,2015,Sheet 5 UNDER 3 AROPE,8.5,,u,,Children in formal childcare or education 
Romania,2016,Sheet 5 UNDER 3 AROPE,14.6,,u,,Children in formal childcare or education 
Romania,2017,Sheet 5 UNDER 3 AROPE,12.3,,u,,Children in formal childcare or education 
Romania,2018,Sheet 5 UNDER 3 AROPE,6.9,,u,,Children in formal childcare or education 
Romania,2019,Sheet 5 UNDER 3 AROPE,6.5,,u,,Children in formal childcare or education 
Romania,2020,Sheet 5 UNDER 3 AROPE,7.1,,u,,Children in formal childcare or education 
Romania,2021,Sheet 5 UNDER 3 AROPE,1.3,,u,,Children in formal childcare or education 
Romania,2022,Sheet 5 UNDER 3 AROPE,17.4,,u,,Children in formal childcare or education 
Romania,2023,Sheet 5 UNDER 3 AROPE,,,u,,Children in formal childcare or education 
Romania,2024,Sheet 5 UNDER 3 AROPE,12.8,,u,,Children in formal childcare or education 
Slovakia,2015,Sheet 5 UNDER 3 AROPE,0,,,,Children in formal childcare or education 
Slovakia,2016,Sheet 5 UNDER 3 AROPE,0,,,,Children in formal childcare or education 
Slovakia,2017,Sheet 5 UNDER 3 AROPE,0,,,,Children in formal childcare or education 
Slovakia,2018,Sheet 5 UNDER 3 AROPE,1.1,,,,Children in formal childcare or education 
Slovakia,2019,Sheet 5 UNDER 3 AROPE,1,,,,Children in formal childcare or education 
Slovakia,2020,Sheet 5 UNDER 3 AROPE,2.4,,,,Children in formal childcare or education 
Slovakia,2021,Sheet 5 UNDER 3 AROPE,7.5,,,,Children in formal childcare or education 
Slovakia,2022,Sheet 5 UNDER 3 AROPE,0,,,,Children in formal childcare or education 
Slovakia,2023,Sheet 5 UNDER 3 AROPE,0,,,,Children in formal childcare or education 
Slovakia,2024,Sheet 5 UNDER 3 AROPE,4.3,,,,Children in formal childcare or education 
Slovenia,2015,Sheet 5 UNDER 3 AROPE,28.6,,,,Children in formal childcare or education 
Slovenia,2016,Sheet 5 UNDER 3 AROPE,28.6,,,,Children in formal childcare or education 
Slovenia,2017,Sheet 5 UNDER 3 AROPE,37.1,,,,Children in formal childcare or education 
Slovenia,2018,Sheet 5 UNDER 3 AROPE,29.4,,,,Children in formal childcare or education 
Slovenia,2019,Sheet 5 UNDER 3 AROPE,28.7,,,,Children in formal childcare or education 
Slovenia,2020,Sheet 5 UNDER 3 AROPE,32.4,,,,Children in formal childcare or education 
Slovenia,2021,Sheet 5 UNDER 3 AROPE,32.1,,u,,Children in formal childcare or education 
Slovenia,2022,Sheet 5 UNDER 3 AROPE,42.8,,u,,Children in formal childcare or education 
Slovenia,2023,Sheet 5 UNDER 3 AROPE,38.9,,,,Children in formal childcare or education 
Slovenia,2024,Sheet 5 UNDER 3 AROPE,51.2,,u,,Children in formal childcare or education 
Spain,2015,Sheet 5 UNDER 3 AROPE,34.1,,,,Children in formal childcare or education 
Spain,2016,Sheet 5 UNDER 3 AROPE,25,,,,Children in formal childcare or education 
Spain,2017,Sheet 5 UNDER 3 AROPE,33.1,,,,Children in formal childcare or education 
Spain,2018,Sheet 5 UNDER 3 AROPE,42.8,,,,Children in formal childcare or education 
Spain,2019,Sheet 5 UNDER 3 AROPE,47.5,,,,Children in formal childcare or education 
Spain,2020,Sheet 5 UNDER 3 AROPE,36.3,,,,Children in formal childcare or education 
Spain,2021,Sheet 5 UNDER 3 AROPE,44.5,,,,Children in formal childcare or education 
Spain,2022,Sheet 5 UNDER 3 AROPE,32.7,,,,Children in formal childcare or education 
Spain,2023,Sheet 5 UNDER 3 AROPE,43.9,,,,Children in formal childcare or education 
Spain,2024,Sheet 5 UNDER 3 AROPE,41.1,,,,Children in formal childcare or education 
Sweden,2015,Sheet 5 UNDER 3 AROPE,58,,,,Children in formal childcare or education 
Sweden,2016,Sheet 5 UNDER 3 AROPE,43.6,,,,Children in formal childcare or education 
Sweden,2017,Sheet 5 UNDER 3 AROPE,45.4,,,,Children in formal childcare or education 
Sweden,2018,Sheet 5 UNDER 3 AROPE,32,,,,Children in formal childcare or education 
Sweden,2019,Sheet 5 UNDER 3 AROPE,56,,,,Children in formal childcare or education 
Sweden,2020,Sheet 5 UNDER 3 AROPE,63.2,,,,Children in formal childcare or education 
Sweden,2021,Sheet 5 UNDER 3 AROPE,49.7,,,,Children in formal childcare or education 
Sweden,2022,Sheet 5 UNDER 3 AROPE,51.8,,,,Children in formal childcare or education 
Sweden,2023,Sheet 5 UNDER 3 AROPE,57.5,,,,Children in formal childcare or education 
Sweden,2024,Sheet 5 UNDER 3 AROPE,56.3,,,,Children in formal childcare or education 
Austria,2015,Sheet 6 FROM 3 AROPE,82.5,,,,Children in formal childcare or education 
Austria,2016,Sheet 6 FROM 3 AROPE,89.8,,,,Children in formal childcare or education 
Austria,2017,Sheet 6 FROM 3 AROPE,81.3,,,,Children in formal childcare or education 
Austria,2018,Sheet 6 FROM 3 AROPE,72.6,,,,Children in formal childcare or education 
Austria,2019,Sheet 6 FROM 3 AROPE,82.2,,,,Children in formal childcare or education 
Austria,2020,Sheet 6 FROM 3 AROPE,73,,,,Children in formal childcare or education 
Austria,2021,Sheet 6 FROM 3 AROPE,79.8,,,,Children in formal childcare or education 
Austria,2022,Sheet 6 FROM 3 AROPE,85.6,,,,Children in formal childcare or education 
Austria,2023,Sheet 6 FROM 3 AROPE,78.8,,,,Children in formal childcare or education 
Austria,2024,Sheet 6 FROM 3 AROPE,77.2,,,,Children in formal childcare or education 
Belgium,2015,Sheet 6 FROM 3 AROPE,97.3,,,,Children in formal childcare or education 
Belgium,2016,Sheet 6 FROM 3 AROPE,97.7,,,,Children in formal childcare or education 
Belgium,2017,Sheet 6 FROM 3 AROPE,99.8,,,,Children in formal childcare or education 
Belgium,2018,Sheet 6 FROM 3 AROPE,95.6,,,,Children in formal childcare or education 
Belgium,2019,Sheet 6 FROM 3 AROPE,98.6,,b,,Children in formal childcare or education 
Belgium,2020,Sheet 6 FROM 3 AROPE,94.9,,,,Children in formal childcare or education 
Belgium,2021,Sheet 6 FROM 3 AROPE,94.6,,,,Children in formal childcare or education 
Belgium,2022,Sheet 6 FROM 3 AROPE,92.8,,,,Children in formal childcare or education 
Belgium,2023,Sheet 6 FROM 3 AROPE,97.3,,,,Children in formal childcare or education 
Belgium,2024,Sheet 6 FROM 3 AROPE,97.9,,,,Children in formal childcare or education 
Bulgaria,2015,Sheet 6 FROM 3 AROPE,63.4,,,,Children in formal childcare or education 
Bulgaria,2016,Sheet 6 FROM 3 AROPE,65.9,,,,Children in formal childcare or education 
Bulgaria,2017,Sheet 6 FROM 3 AROPE,53.8,,,,Children in formal childcare or education 
Bulgaria,2018,Sheet 6 FROM 3 AROPE,49,,,,Children in formal childcare or education 
Bulgaria,2019,Sheet 6 FROM 3 AROPE,70.6,,,,Children in formal childcare or education 
Bulgaria,2020,Sheet 6 FROM 3 AROPE,81.9,,,,Children in formal childcare or education 
Bulgaria,2021,Sheet 6 FROM 3 AROPE,82.5,,,,Children in formal childcare or education 
Bulgaria,2022,Sheet 6 FROM 3 AROPE,83.1,,,,Children in formal childcare or education 
Bulgaria,2023,Sheet 6 FROM 3 AROPE,89,,,,Children in formal childcare or education 
Bulgaria,2024,Sheet 6 FROM 3 AROPE,84,,,,Children in formal childcare or education 
Croatia,2015,Sheet 6 FROM 3 AROPE,35,,,,Children in formal childcare or education 
Croatia,2016,Sheet 6 FROM 3 AROPE,32.7,,,,Children in formal childcare or education 
Croatia,2017,Sheet 6 FROM 3 AROPE,41.4,,,,Children in formal childcare or education 
Croatia,2018,Sheet 6 FROM 3 AROPE,37.7,,,,Children in formal childcare or education 
Croatia,2019,Sheet 6 FROM 3 AROPE,43.3,,,,Children in formal childcare or education 
Croatia,2020,Sheet 6 FROM 3 AROPE,40.4,,,,Children in formal childcare or education 
Croatia,2021,Sheet 6 FROM 3 AROPE,42.6,,,,Children in formal childcare or education 
Croatia,2022,Sheet 6 FROM 3 AROPE,58.5,,,,Children in formal childcare or education 
Croatia,2023,Sheet 6 FROM 3 AROPE,56.6,,,,Children in formal childcare or education 
Croatia,2024,Sheet 6 FROM 3 AROPE,66.2,,,,Children in formal childcare or education 
Cyprus,2015,Sheet 6 FROM 3 AROPE,77.6,,,,Children in formal childcare or education 
Cyprus,2016,Sheet 6 FROM 3 AROPE,75.6,,,,Children in formal childcare or education 
Cyprus,2017,Sheet 6 FROM 3 AROPE,77.7,,,,Children in formal childcare or education 
Cyprus,2018,Sheet 6 FROM 3 AROPE,87.8,,u,,Children in formal childcare or education 
Cyprus,2019,Sheet 6 FROM 3 AROPE,71.7,,,,Children in formal childcare or education 
Cyprus,2020,Sheet 6 FROM 3 AROPE,67.8,,,,Children in formal childcare or education 
Cyprus,2021,Sheet 6 FROM 3 AROPE,66.2,,u,,Children in formal childcare or education 
Cyprus,2022,Sheet 6 FROM 3 AROPE,57.6,,,,Children in formal childcare or education 
Cyprus,2023,Sheet 6 FROM 3 AROPE,63.8,,u,,Children in formal childcare or education 
Cyprus,2024,Sheet 6 FROM 3 AROPE,69.6,,u,,Children in formal childcare or education 
Czechia,2015,Sheet 6 FROM 3 AROPE,70.5,,,,Children in formal childcare or education 
Czechia,2016,Sheet 6 FROM 3 AROPE,68.3,,,,Children in formal childcare or education 
Czechia,2017,Sheet 6 FROM 3 AROPE,68.9,,,,Children in formal childcare or education 
Czechia,2018,Sheet 6 FROM 3 AROPE,50.5,,,,Children in formal childcare or education 
Czechia,2019,Sheet 6 FROM 3 AROPE,64.2,,,,Children in formal childcare or education 
Czechia,2020,Sheet 6 FROM 3 AROPE,63,,,,Children in formal childcare or education 
Czechia,2021,Sheet 6 FROM 3 AROPE,42.1,,,,Children in formal childcare or education 
Czechia,2022,Sheet 6 FROM 3 AROPE,68,,,,Children in formal childcare or education 
Czechia,2023,Sheet 6 FROM 3 AROPE,64.4,,,,Children in formal childcare or education 
Czechia,2024,Sheet 6 FROM 3 AROPE,73,,,,Children in formal childcare or education 
Denmark,2015,Sheet 6 FROM 3 AROPE,97.9,,u,,Children in formal childcare or education 
Denmark,2016,Sheet 6 FROM 3 AROPE,88.1,,u,,Children in formal childcare or education 
Denmark,2017,Sheet 6 FROM 3 AROPE,79.2,,u,,Children in formal childcare or education 
Denmark,2018,Sheet 6 FROM 3 AROPE,98.5,,u,,Children in formal childcare or education 
Denmark,2019,Sheet 6 FROM 3 AROPE,84.7,,u,,Children in formal childcare or education 
Denmark,2020,Sheet 6 FROM 3 AROPE,100,,u,,Children in formal childcare or education 
Denmark,2021,Sheet 6 FROM 3 AROPE,90.5,,u,,Children in formal childcare or education 
Denmark,2022,Sheet 6 FROM 3 AROPE,91.5,,u,,Children in formal childcare or education 
Denmark,2023,Sheet 6 FROM 3 AROPE,89,,b,,Children in formal childcare or education 
Denmark,2024,Sheet 6 FROM 3 AROPE,100,,u,,Children in formal childcare or education 
EU27,2015,Sheet 6 FROM 3 AROPE,80.1,,,,Children in formal childcare or education 
EU27,2016,Sheet 6 FROM 3 AROPE,83.6,,,,Children in formal childcare or education 
EU27,2017,Sheet 6 FROM 3 AROPE,83.5,,,,Children in formal childcare or education 
EU27,2018,Sheet 6 FROM 3 AROPE,84.5,,,,Children in formal childcare or education 
EU27,2019,Sheet 6 FROM 3 AROPE,86.4,,,,Children in formal childcare or education 
EU27,2020,Sheet 6 FROM 3 AROPE,74.6,,e,,Children in formal childcare or education 
EU27,2021,Sheet 6 FROM 3 AROPE,82.7,,,,Children in formal childcare or education 
EU27,2022,Sheet 6 FROM 3 AROPE,82.6,,,,Children in formal childcare or education 
EU27,2023,Sheet 6 FROM 3 AROPE,83.2,,,,Children in formal childcare or education 
EU27,2024,Sheet 6 FROM 3 AROPE,82.4,,,,Children in formal childcare or education 
Estonia,2015,Sheet 6 FROM 3 AROPE,90.9,,,,Children in formal childcare or education 
Estonia,2016,Sheet 6 FROM 3 AROPE,89.4,,,,Children in formal childcare or education 
Estonia,2017,Sheet 6 FROM 3 AROPE,92.3,,,,Children in formal childcare or education 
Estonia,2018,Sheet 6 FROM 3 AROPE,87.1,,,,Children in formal childcare or education 
Estonia,2019,Sheet 6 FROM 3 AROPE,94,,,,Children in formal childcare or education 
Estonia,2020,Sheet 6 FROM 3 AROPE,89.6,,,,Children in formal childcare or education 
Estonia,2021,Sheet 6 FROM 3 AROPE,88.6,,,,Children in formal childcare or education 
Estonia,2022,Sheet 6 FROM 3 AROPE,90.1,,,,Children in formal childcare or education 
Estonia,2023,Sheet 6 FROM 3 AROPE,85.6,,,,Children in formal childcare or education 
Estonia,2024,Sheet 6 FROM 3 AROPE,98.4,,,,Children in formal childcare or education 
Finland,2015,Sheet 6 FROM 3 AROPE,76.7,,,,Children in formal childcare or education 
Finland,2016,Sheet 6 FROM 3 AROPE,74.4,,,,Children in formal childcare or education 
Finland,2017,Sheet 6 FROM 3 AROPE,66.9,,,,Children in formal childcare or education 
Finland,2018,Sheet 6 FROM 3 AROPE,67,,,,Children in formal childcare or education 
Finland,2019,Sheet 6 FROM 3 AROPE,71.5,,,,Children in formal childcare or education 
Finland,2020,Sheet 6 FROM 3 AROPE,79.9,,,,Children in formal childcare or education 
Finland,2021,Sheet 6 FROM 3 AROPE,85.3,,,,Children in formal childcare or education 
Finland,2022,Sheet 6 FROM 3 AROPE,90,,,,Children in formal childcare or education 
Finland,2023,Sheet 6 FROM 3 AROPE,85.4,,,,Children in formal childcare or education 
Finland,2024,Sheet 6 FROM 3 AROPE,86.7,,,,Children in formal childcare or education 
France,2015,Sheet 6 FROM 3 AROPE,91.7,,,,Children in formal childcare or education 
France,2016,Sheet 6 FROM 3 AROPE,92.5,,,,Children in formal childcare or education 
France,2017,Sheet 6 FROM 3 AROPE,92.5,,,,Children in formal childcare or education 
France,2018,Sheet 6 FROM 3 AROPE,94.5,,,,Children in formal childcare or education 
France,2019,Sheet 6 FROM 3 AROPE,96.7,,,,Children in formal childcare or education 
France,2020,Sheet 6 FROM 3 AROPE,98.7,,bu,,Children in formal childcare or education 
France,2021,Sheet 6 FROM 3 AROPE,91.7,,,,Children in formal childcare or education 
France,2022,Sheet 6 FROM 3 AROPE,78.9,,,,Children in formal childcare or education 
France,2023,Sheet 6 FROM 3 AROPE,92.2,,,,Children in formal childcare or education 
France,2024,Sheet 6 FROM 3 AROPE,94.8,,,,Children in formal childcare or education 
Germany,2015,Sheet 6 FROM 3 AROPE,85.8,,,,Children in formal childcare or education 
Germany,2016,Sheet 6 FROM 3 AROPE,84.4,,,,Children in formal childcare or education 
Germany,2017,Sheet 6 FROM 3 AROPE,79.8,,,,Children in formal childcare or education 
Germany,2018,Sheet 6 FROM 3 AROPE,80.4,,,,Children in formal childcare or education 
Germany,2019,Sheet 6 FROM 3 AROPE,85.4,,,,Children in formal childcare or education 
Germany,2020,Sheet 6 FROM 3 AROPE,48.1,,b,,Children in formal childcare or education 
Germany,2021,Sheet 6 FROM 3 AROPE,82.1,,,,Children in formal childcare or education 
Germany,2022,Sheet 6 FROM 3 AROPE,79.9,,,,Children in formal childcare or education 
Germany,2023,Sheet 6 FROM 3 AROPE,77.9,,,,Children in formal childcare or education 
Germany,2024,Sheet 6 FROM 3 AROPE,72.8,,,,Children in formal childcare or education 
Greece,2015,Sheet 6 FROM 3 AROPE,79.2,,,,Children in formal childcare or education 
Greece,2016,Sheet 6 FROM 3 AROPE,63.2,,,,Children in formal childcare or education 
Greece,2017,Sheet 6 FROM 3 AROPE,87.2,,,,Children in formal childcare or education 
Greece,2018,Sheet 6 FROM 3 AROPE,98.2,,,,Children in formal childcare or education 
Greece,2019,Sheet 6 FROM 3 AROPE,95.8,,,,Children in formal childcare or education 
Greece,2020,Sheet 6 FROM 3 AROPE,81.7,,,,Children in formal childcare or education 
Greece,2021,Sheet 6 FROM 3 AROPE,82,,,,Children in formal childcare or education 
Greece,2022,Sheet 6 FROM 3 AROPE,68.5,,,,Children in formal childcare or education 
Greece,2023,Sheet 6 FROM 3 AROPE,80.1,,,,Children in formal childcare or education 
Greece,2024,Sheet 6 FROM 3 AROPE,92.6,,,,Children in formal childcare or education 
Hungary,2015,Sheet 6 FROM 3 AROPE,88.5,,,,Children in formal childcare or education 
Hungary,2016,Sheet 6 FROM 3 AROPE,89.4,,,,Children in formal childcare or education 
Hungary,2017,Sheet 6 FROM 3 AROPE,82.2,,,,Children in formal childcare or education 
Hungary,2018,Sheet 6 FROM 3 AROPE,79.5,,u,,Children in formal childcare or education 
Hungary,2019,Sheet 6 FROM 3 AROPE,72.9,,u,,Children in formal childcare or education 
Hungary,2020,Sheet 6 FROM 3 AROPE,74.2,,u,,Children in formal childcare or education 
Hungary,2021,Sheet 6 FROM 3 AROPE,100,,u,,Children in formal childcare or education 
Hungary,2022,Sheet 6 FROM 3 AROPE,,,u,,Children in formal childcare or education 
Hungary,2023,Sheet 6 FROM 3 AROPE,100,,u,,Children in formal childcare or education 
Hungary,2024,Sheet 6 FROM 3 AROPE,100,,u,,Children in formal childcare or education 
Ireland,2015,Sheet 6 FROM 3 AROPE,84.5,,,,Children in formal childcare or education 
Ireland,2016,Sheet 6 FROM 3 AROPE,88.4,,,,Children in formal childcare or education 
Ireland,2017,Sheet 6 FROM 3 AROPE,90.6,,,,Children in formal childcare or education 
Ireland,2018,Sheet 6 FROM 3 AROPE,84.7,,,,Children in formal childcare or education 
Ireland,2019,Sheet 6 FROM 3 AROPE,86.6,,b,,Children in formal childcare or education 
Ireland,2020,Sheet 6 FROM 3 AROPE,87.4,,b,,Children in formal childcare or education 
Ireland,2021,Sheet 6 FROM 3 AROPE,80.5,,,,Children in formal childcare or education 
Ireland,2022,Sheet 6 FROM 3 AROPE,85.7,,,,Children in formal childcare or education 
Ireland,2023,Sheet 6 FROM 3 AROPE,88.2,,,,Children in formal childcare or education 
Ireland,2024,Sheet 6 FROM 3 AROPE,96.7,,,,Children in formal childcare or education 
Italy,2015,Sheet 6 FROM 3 AROPE,85.4,,,,Children in formal childcare or education 
Italy,2016,Sheet 6 FROM 3 AROPE,92.1,,,,Children in formal childcare or education 
Italy,2017,Sheet 6 FROM 3 AROPE,85.5,,,,Children in formal childcare or education 
Italy,2018,Sheet 6 FROM 3 AROPE,91.9,,,,Children in formal childcare or education 
Italy,2019,Sheet 6 FROM 3 AROPE,87.5,,,,Children in formal childcare or education 
Italy,2020,Sheet 6 FROM 3 AROPE,,,,,Children in formal childcare or education 
Italy,2021,Sheet 6 FROM 3 AROPE,87.5,,,,Children in formal childcare or education 
Italy,2022,Sheet 6 FROM 3 AROPE,91.2,,,,Children in formal childcare or education 
Italy,2023,Sheet 6 FROM 3 AROPE,91.6,,,,Children in formal childcare or education 
Italy,2024,Sheet 6 FROM 3 AROPE,85.6,,,,Children in formal childcare or education 
Latvia,2015,Sheet 6 FROM 3 AROPE,76.3,,,,Children in formal childcare or education 
Latvia,2016,Sheet 6 FROM 3 AROPE,75.6,,,,Children in formal childcare or education 
Latvia,2017,Sheet 6 FROM 3 AROPE,85.2,,,,Children in formal childcare or education 
Latvia,2018,Sheet 6 FROM 3 AROPE,79.7,,,,Children in formal childcare or education 
Latvia,2019,Sheet 6 FROM 3 AROPE,70.7,,,,Children in formal childcare or education 
Latvia,2020,Sheet 6 FROM 3 AROPE,66.7,,,,Children in formal childcare or education 
Latvia,2021,Sheet 6 FROM 3 AROPE,83.2,,,,Children in formal childcare or education 
Latvia,2022,Sheet 6 FROM 3 AROPE,84.7,,,,Children in formal childcare or education 
Latvia,2023,Sheet 6 FROM 3 AROPE,92.5,,,,Children in formal childcare or education 
Latvia,2024,Sheet 6 FROM 3 AROPE,88.6,,,,Children in formal childcare or education 
Lithuania,2015,Sheet 6 FROM 3 AROPE,52.8,,,,Children in formal childcare or education 
Lithuania,2016,Sheet 6 FROM 3 AROPE,77.1,,,,Children in formal childcare or education 
Lithuania,2017,Sheet 6 FROM 3 AROPE,69.4,,,,Children in formal childcare or education 
Lithuania,2018,Sheet 6 FROM 3 AROPE,68.2,,,,Children in formal childcare or education 
Lithuania,2019,Sheet 6 FROM 3 AROPE,76.5,,,,Children in formal childcare or education 
Lithuania,2020,Sheet 6 FROM 3 AROPE,80.8,,,,Children in formal childcare or education 
Lithuania,2021,Sheet 6 FROM 3 AROPE,63.9,,,,Children in formal childcare or education 
Lithuania,2022,Sheet 6 FROM 3 AROPE,88.6,,,,Children in formal childcare or education 
Lithuania,2023,Sheet 6 FROM 3 AROPE,85.4,,,,Children in formal childcare or education 
Lithuania,2024,Sheet 6 FROM 3 AROPE,94.3,,p,,Children in formal childcare or education 
Luxembourg,2015,Sheet 6 FROM 3 AROPE,81.4,,u,,Children in formal childcare or education 
Luxembourg,2016,Sheet 6 FROM 3 AROPE,89.5,,u,,Children in formal childcare or education 
Luxembourg,2017,Sheet 6 FROM 3 AROPE,78.7,,u,,Children in formal childcare or education 
Luxembourg,2018,Sheet 6 FROM 3 AROPE,80.5,,u,,Children in formal childcare or education 
Luxembourg,2019,Sheet 6 FROM 3 AROPE,96.2,,,,Children in formal childcare or education 
Luxembourg,2020,Sheet 6 FROM 3 AROPE,89.9,,bu,,Children in formal childcare or education 
Luxembourg,2021,Sheet 6 FROM 3 AROPE,95.8,,,,Children in formal childcare or education 
Luxembourg,2022,Sheet 6 FROM 3 AROPE,94.3,,u,,Children in formal childcare or education 
Luxembourg,2023,Sheet 6 FROM 3 AROPE,,,u,,Children in formal childcare or education 
Luxembourg,2024,Sheet 6 FROM 3 AROPE,68.4,,u,,Children in formal childcare or education 
Malta,2015,Sheet 6 FROM 3 AROPE,97.9,,,,Children in formal childcare or education 
Malta,2016,Sheet 6 FROM 3 AROPE,96.1,,,,Children in formal childcare or education 
Malta,2017,Sheet 6 FROM 3 AROPE,90.2,,,,Children in formal childcare or education 
Malta,2018,Sheet 6 FROM 3 AROPE,89.7,,u,,Children in formal childcare or education 
Malta,2019,Sheet 6 FROM 3 AROPE,71.8,,u,,Children in formal childcare or education 
Malta,2020,Sheet 6 FROM 3 AROPE,74.2,,u,,Children in formal childcare or education 
Malta,2021,Sheet 6 FROM 3 AROPE,82,,,,Children in formal childcare or education 
Malta,2022,Sheet 6 FROM 3 AROPE,88.5,,,,Children in formal childcare or education 
Malta,2023,Sheet 6 FROM 3 AROPE,99,,u,,Children in formal childcare or education 
Malta,2024,Sheet 6 FROM 3 AROPE,87.2,,u,,Children in formal childcare or education 
Netherlands,2015,Sheet 6 FROM 3 AROPE,93.5,,,,Children in formal childcare or education 
Netherlands,2016,Sheet 6 FROM 3 AROPE,93.8,,,,Children in formal childcare or education 
Netherlands,2017,Sheet 6 FROM 3 AROPE,95.6,,,,Children in formal childcare or education 
Netherlands,2018,Sheet 6 FROM 3 AROPE,89.6,,,,Children in formal childcare or education 
Netherlands,2019,Sheet 6 FROM 3 AROPE,95,,,,Children in formal childcare or education 
Netherlands,2020,Sheet 6 FROM 3 AROPE,87.7,,,,Children in formal childcare or education 
Netherlands,2021,Sheet 6 FROM 3 AROPE,95.3,,,,Children in formal childcare or education 
Netherlands,2022,Sheet 6 FROM 3 AROPE,89.5,,,,Children in formal childcare or education 
Netherlands,2023,Sheet 6 FROM 3 AROPE,88.3,,,,Children in formal childcare or education 
Netherlands,2024,Sheet 6 FROM 3 AROPE,92.9,,,,Children in formal childcare or education 
Poland,2015,Sheet 6 FROM 3 AROPE,33.4,,,,Children in formal childcare or education 
Poland,2016,Sheet 6 FROM 3 AROPE,51.3,,,,Children in formal childcare or education 
Poland,2017,Sheet 6 FROM 3 AROPE,61.9,,,,Children in formal childcare or education 
Poland,2018,Sheet 6 FROM 3 AROPE,59.9,,,,Children in formal childcare or education 
Poland,2019,Sheet 6 FROM 3 AROPE,59.6,,,,Children in formal childcare or education 
Poland,2020,Sheet 6 FROM 3 AROPE,65.8,,,,Children in formal childcare or education 
Poland,2021,Sheet 6 FROM 3 AROPE,64.1,,,,Children in formal childcare or education 
Poland,2022,Sheet 6 FROM 3 AROPE,60,,,,Children in formal childcare or education 
Poland,2023,Sheet 6 FROM 3 AROPE,55.7,,,,Children in formal childcare or education 
Poland,2024,Sheet 6 FROM 3 AROPE,67.1,,,,Children in formal childcare or education 
Portugal,2015,Sheet 6 FROM 3 AROPE,86.1,,,,Children in formal childcare or education 
Portugal,2016,Sheet 6 FROM 3 AROPE,91.7,,,,Children in formal childcare or education 
Portugal,2017,Sheet 6 FROM 3 AROPE,87.1,,,,Children in formal childcare or education 
Portugal,2018,Sheet 6 FROM 3 AROPE,90.4,,,,Children in formal childcare or education 
Portugal,2019,Sheet 6 FROM 3 AROPE,83.1,,,,Children in formal childcare or education 
Portugal,2020,Sheet 6 FROM 3 AROPE,84.2,,,,Children in formal childcare or education 
Portugal,2021,Sheet 6 FROM 3 AROPE,90.1,,,,Children in formal childcare or education 
Portugal,2022,Sheet 6 FROM 3 AROPE,93.1,,,,Children in formal childcare or education 
Portugal,2023,Sheet 6 FROM 3 AROPE,86.6,,,,Children in formal childcare or education 
Portugal,2024,Sheet 6 FROM 3 AROPE,84.4,,,,Children in formal childcare or education 
Romania,2015,Sheet 6 FROM 3 AROPE,61.6,,,,Children in formal childcare or education 
Romania,2016,Sheet 6 FROM 3 AROPE,64.1,,,,Children in formal childcare or education 
Romania,2017,Sheet 6 FROM 3 AROPE,69.8,,,,Children in formal childcare or education 
Romania,2018,Sheet 6 FROM 3 AROPE,65.6,,,,Children in formal childcare or education 
Romania,2019,Sheet 6 FROM 3 AROPE,72,,,,Children in formal childcare or education 
Romania,2020,Sheet 6 FROM 3 AROPE,54.7,,,,Children in formal childcare or education 
Romania,2021,Sheet 6 FROM 3 AROPE,54.2,,,,Children in formal childcare or education 
Romania,2022,Sheet 6 FROM 3 AROPE,67.9,,,,Children in formal childcare or education 
Romania,2023,Sheet 6 FROM 3 AROPE,64.1,,,,Children in formal childcare or education 
Romania,2024,Sheet 6 FROM 3 AROPE,58.2,,,,Children in formal childcare or education 
Slovakia,2015,Sheet 6 FROM 3 AROPE,62.6,,,,Children in formal childcare or education 
Slovakia,2016,Sheet 6 FROM 3 AROPE,57.5,,,,Children in formal childcare or education 
Slovakia,2017,Sheet 6 FROM 3 AROPE,35.2,,,,Children in formal childcare or education 
Slovakia,2018,Sheet 6 FROM 3 AROPE,70.3,,,,Children in formal childcare or education 
Slovakia,2019,Sheet 6 FROM 3 AROPE,71.7,,,,Children in formal childcare or education 
Slovakia,2020,Sheet 6 FROM 3 AROPE,81.6,,,,Children in formal childcare or education 
Slovakia,2021,Sheet 6 FROM 3 AROPE,73.4,,,,Children in formal childcare or education 
Slovakia,2022,Sheet 6 FROM 3 AROPE,65.9,,,,Children in formal childcare or education 
Slovakia,2023,Sheet 6 FROM 3 AROPE,51.1,,,,Children in formal childcare or education 
Slovakia,2024,Sheet 6 FROM 3 AROPE,53,,,,Children in formal childcare or education 
Slovenia,2015,Sheet 6 FROM 3 AROPE,87.2,,,,Children in formal childcare or education 
Slovenia,2016,Sheet 6 FROM 3 AROPE,86.6,,,,Children in formal childcare or education 
Slovenia,2017,Sheet 6 FROM 3 AROPE,92.4,,,,Children in formal childcare or education 
Slovenia,2018,Sheet 6 FROM 3 AROPE,84.3,,,,Children in formal childcare or education 
Slovenia,2019,Sheet 6 FROM 3 AROPE,87.7,,,,Children in formal childcare or education 
Slovenia,2020,Sheet 6 FROM 3 AROPE,90.7,,,,Children in formal childcare or education 
Slovenia,2021,Sheet 6 FROM 3 AROPE,84.8,,,,Children in formal childcare or education 
Slovenia,2022,Sheet 6 FROM 3 AROPE,89,,,,Children in formal childcare or education 
Slovenia,2023,Sheet 6 FROM 3 AROPE,72.6,,,,Children in formal childcare or education 
Slovenia,2024,Sheet 6 FROM 3 AROPE,91.9,,,,Children in formal childcare or education 
Spain,2015,Sheet 6 FROM 3 AROPE,91.7,,,,Children in formal childcare or education 
Spain,2016,Sheet 6 FROM 3 AROPE,94,,,,Children in formal childcare or education 
Spain,2017,Sheet 6 FROM 3 AROPE,95.2,,,,Children in formal childcare or education 
Spain,2018,Sheet 6 FROM 3 AROPE,92.2,,,,Children in formal childcare or education 
Spain,2019,Sheet 6 FROM 3 AROPE,96.9,,,,Children in formal childcare or education 
Spain,2020,Sheet 6 FROM 3 AROPE,96.4,,,,Children in formal childcare or education 
Spain,2021,Sheet 6 FROM 3 AROPE,95.8,,,,Children in formal childcare or education 
Spain,2022,Sheet 6 FROM 3 AROPE,94,,,,Children in formal childcare or education 
Spain,2023,Sheet 6 FROM 3 AROPE,97.6,,,,Children in formal childcare or education 
Spain,2024,Sheet 6 FROM 3 AROPE,97.4,,,,Children in formal childcare or education 
Sweden,2015,Sheet 6 FROM 3 AROPE,92.4,,,,Children in formal childcare or education 
Sweden,2016,Sheet 6 FROM 3 AROPE,95.1,,,,Children in formal childcare or education 
Sweden,2017,Sheet 6 FROM 3 AROPE,92.4,,,,Children in formal childcare or education 
Sweden,2018,Sheet 6 FROM 3 AROPE,93.2,,,,Children in formal childcare or education 
Sweden,2019,Sheet 6 FROM 3 AROPE,93.8,,,,Children in formal childcare or education 
Sweden,2020,Sheet 6 FROM 3 AROPE,92.2,,,,Children in formal childcare or education 
Sweden,2021,Sheet 6 FROM 3 AROPE,99,,,,Children in formal childcare or education 
Sweden,2022,Sheet 6 FROM 3 AROPE,93.9,,,,Children in formal childcare or education 
Sweden,2023,Sheet 6 FROM 3 AROPE,97.2,,,,Children in formal childcare or education 
Sweden,2024,Sheet 6 FROM 3 AROPE,98.3,,,,Children in formal childcare or education 
Austria,2015,UNDER 3 NON AROPE,23,,,,Children in formal childcare or education 
Austria,2016,UNDER 3 NON AROPE,19.7,,,,Children in formal childcare or education 
Austria,2017,UNDER 3 NON AROPE,21.1,,,,Children in formal childcare or education 
Austria,2018,UNDER 3 NON AROPE,22.3,,,,Children in formal childcare or education 
Austria,2019,UNDER 3 NON AROPE,23.3,,,,Children in formal childcare or education 
Austria,2020,UNDER 3 NON AROPE,23.1,,,,Children in formal childcare or education 
Austria,2021,UNDER 3 NON AROPE,29.1,,,,Children in formal childcare or education 
Austria,2022,UNDER 3 NON AROPE,21.3,,,,Children in formal childcare or education 
Austria,2023,UNDER 3 NON AROPE,25.9,,,,Children in formal childcare or education 
Austria,2024,UNDER 3 NON AROPE,32.3,,,,Children in formal childcare or education 
Belgium,2015,UNDER 3 NON AROPE,56.9,,,,Children in formal childcare or education 
Belgium,2016,UNDER 3 NON AROPE,46.3,,,,Children in formal childcare or education 
Belgium,2017,UNDER 3 NON AROPE,59.5,,,,Children in formal childcare or education 
Belgium,2018,UNDER 3 NON AROPE,63.5,,,,Children in formal childcare or education 
Belgium,2019,UNDER 3 NON AROPE,61.4,,b,,Children in formal childcare or education 
Belgium,2020,UNDER 3 NON AROPE,63.2,,,,Children in formal childcare or education 
Belgium,2021,UNDER 3 NON AROPE,56.8,,,,Children in formal childcare or education 
Belgium,2022,UNDER 3 NON AROPE,59.2,,,,Children in formal childcare or education 
Belgium,2023,UNDER 3 NON AROPE,58.6,,,,Children in formal childcare or education 
Belgium,2024,UNDER 3 NON AROPE,59.3,,,,Children in formal childcare or education 
Bulgaria,2015,UNDER 3 NON AROPE,9.9,,,,Children in formal childcare or education 
Bulgaria,2016,UNDER 3 NON AROPE,14,,,,Children in formal childcare or education 
Bulgaria,2017,UNDER 3 NON AROPE,11.1,,,,Children in formal childcare or education 
Bulgaria,2018,UNDER 3 NON AROPE,18.4,,,,Children in formal childcare or education 
Bulgaria,2019,UNDER 3 NON AROPE,21.4,,,,Children in formal childcare or education 
Bulgaria,2020,UNDER 3 NON AROPE,20.2,,,,Children in formal childcare or education 
Bulgaria,2021,UNDER 3 NON AROPE,16.1,,,,Children in formal childcare or education 
Bulgaria,2022,UNDER 3 NON AROPE,14.8,,,,Children in formal childcare or education 
Bulgaria,2023,UNDER 3 NON AROPE,19.7,,,,Children in formal childcare or education 
Bulgaria,2024,UNDER 3 NON AROPE,24.1,,,,Children in formal childcare or education 
Croatia,2015,UNDER 3 NON AROPE,13.5,,,,Children in formal childcare or education 
Croatia,2016,UNDER 3 NON AROPE,17.6,,,,Children in formal childcare or education 
Croatia,2017,UNDER 3 NON AROPE,19.4,,,,Children in formal childcare or education 
Croatia,2018,UNDER 3 NON AROPE,21.2,,,,Children in formal childcare or education 
Croatia,2019,UNDER 3 NON AROPE,17.5,,,,Children in formal childcare or education 
Croatia,2020,UNDER 3 NON AROPE,20.4,,,,Children in formal childcare or education 
Croatia,2021,UNDER 3 NON AROPE,36.3,,,,Children in formal childcare or education 
Croatia,2022,UNDER 3 NON AROPE,26.5,,,,Children in formal childcare or education 
Croatia,2023,UNDER 3 NON AROPE,31.9,,,,Children in formal childcare or education 
Croatia,2024,UNDER 3 NON AROPE,34.6,,,,Children in formal childcare or education 
Cyprus,2015,UNDER 3 NON AROPE,20.7,,,,Children in formal childcare or education 
Cyprus,2016,UNDER 3 NON AROPE,26,,,,Children in formal childcare or education 
Cyprus,2017,UNDER 3 NON AROPE,30,,,,Children in formal childcare or education 
Cyprus,2018,UNDER 3 NON AROPE,33.9,,,,Children in formal childcare or education 
Cyprus,2019,UNDER 3 NON AROPE,37.2,,,,Children in formal childcare or education 
Cyprus,2020,UNDER 3 NON AROPE,26.2,,,,Children in formal childcare or education 
Cyprus,2021,UNDER 3 NON AROPE,28.8,,,,Children in formal childcare or education 
Cyprus,2022,UNDER 3 NON AROPE,28.1,,,,Children in formal childcare or education 
Cyprus,2023,UNDER 3 NON AROPE,40.2,,,,Children in formal childcare or education 
Cyprus,2024,UNDER 3 NON AROPE,42,,,,Children in formal childcare or education 
Czechia,2015,UNDER 3 NON AROPE,2.7,,,,Children in formal childcare or education 
Czechia,2016,UNDER 3 NON AROPE,5.1,,,,Children in formal childcare or education 
Czechia,2017,UNDER 3 NON AROPE,6.5,,,,Children in formal childcare or education 
Czechia,2018,UNDER 3 NON AROPE,8.5,,,,Children in formal childcare or education 
Czechia,2019,UNDER 3 NON AROPE,6.5,,,,Children in formal childcare or education 
Czechia,2020,UNDER 3 NON AROPE,5.4,,,,Children in formal childcare or education 
Czechia,2021,UNDER 3 NON AROPE,5.2,,,,Children in formal childcare or education 
Czechia,2022,UNDER 3 NON AROPE,7,,,,Children in formal childcare or education 
Czechia,2023,UNDER 3 NON AROPE,4.8,,,,Children in formal childcare or education 
Czechia,2024,UNDER 3 NON AROPE,7.4,,,,Children in formal childcare or education 
Denmark,2015,UNDER 3 NON AROPE,78.4,,,,Children in formal childcare or education 
Denmark,2016,UNDER 3 NON AROPE,71.5,,,,Children in formal childcare or education 
Denmark,2017,UNDER 3 NON AROPE,72.9,,,,Children in formal childcare or education 
Denmark,2018,UNDER 3 NON AROPE,64.8,,,,Children in formal childcare or education 
Denmark,2019,UNDER 3 NON AROPE,66,,,,Children in formal childcare or education 
Denmark,2020,UNDER 3 NON AROPE,64.7,,,,Children in formal childcare or education 
Denmark,2021,UNDER 3 NON AROPE,69.9,,,,Children in formal childcare or education 
Denmark,2022,UNDER 3 NON AROPE,72.9,,,,Children in formal childcare or education 
Denmark,2023,UNDER 3 NON AROPE,69.5,,b,,Children in formal childcare or education 
Denmark,2024,UNDER 3 NON AROPE,62.1,,,,Children in formal childcare or education 
EU 27,2015,UNDER 3 NON AROPE,32.9,,,,Children in formal childcare or education 
EU 27,2016,UNDER 3 NON AROPE,36.9,,,,Children in formal childcare or education 
EU 27,2017,UNDER 3 NON AROPE,37.8,,,,Children in formal childcare or education 
EU 27,2018,UNDER 3 NON AROPE,38.2,,,,Children in formal childcare or education 
EU 27,2019,UNDER 3 NON AROPE,37.3,,,,Children in formal childcare or education 
EU 27,2020,UNDER 3 NON AROPE,36.2,,,,Children in formal childcare or education 
EU 27,2021,UNDER 3 NON AROPE,42.8,,,,Children in formal childcare or education 
EU 27,2022,UNDER 3 NON AROPE,39.7,,,,Children in formal childcare or education 
EU 27,2023,UNDER 3 NON AROPE,41,,,,Children in formal childcare or education 
EU 27,2024,UNDER 3 NON AROPE,43.9,,,,Children in formal childcare or education 
Estonia,2015,UNDER 3 NON AROPE,21.5,,,,Children in formal childcare or education 
Estonia,2016,UNDER 3 NON AROPE,30.8,,,,Children in formal childcare or education 
Estonia,2017,UNDER 3 NON AROPE,26.4,,,,Children in formal childcare or education 
Estonia,2018,UNDER 3 NON AROPE,27.7,,,,Children in formal childcare or education 
Estonia,2019,UNDER 3 NON AROPE,30.8,,,,Children in formal childcare or education 
Estonia,2020,UNDER 3 NON AROPE,27.4,,,,Children in formal childcare or education 
Estonia,2021,UNDER 3 NON AROPE,24.5,,,,Children in formal childcare or education 
Estonia,2022,UNDER 3 NON AROPE,33.9,,,,Children in formal childcare or education 
Estonia,2023,UNDER 3 NON AROPE,40.5,,,,Children in formal childcare or education 
Estonia,2024,UNDER 3 NON AROPE,37,,,,Children in formal childcare or education 
Finland,2015,UNDER 3 NON AROPE,32.9,,,,Children in formal childcare or education 
Finland,2016,UNDER 3 NON AROPE,31.8,,,,Children in formal childcare or education 
Finland,2017,UNDER 3 NON AROPE,33.1,,,,Children in formal childcare or education 
Finland,2018,UNDER 3 NON AROPE,39.8,,,,Children in formal childcare or education 
Finland,2019,UNDER 3 NON AROPE,38.1,,,,Children in formal childcare or education 
Finland,2020,UNDER 3 NON AROPE,40.8,,,,Children in formal childcare or education 
Finland,2021,UNDER 3 NON AROPE,41,,,,Children in formal childcare or education 
Finland,2022,UNDER 3 NON AROPE,42.6,,,,Children in formal childcare or education 
Finland,2023,UNDER 3 NON AROPE,47.6,,,,Children in formal childcare or education 
Finland,2024,UNDER 3 NON AROPE,49.9,,,,Children in formal childcare or education 
France,2015,UNDER 3 NON AROPE,47.8,,,,Children in formal childcare or education 
France,2016,UNDER 3 NON AROPE,55.7,,,,Children in formal childcare or education 
France,2017,UNDER 3 NON AROPE,58.5,,,,Children in formal childcare or education 
France,2018,UNDER 3 NON AROPE,57.6,,,,Children in formal childcare or education 
France,2019,UNDER 3 NON AROPE,59.1,,,,Children in formal childcare or education 
France,2020,UNDER 3 NON AROPE,66.1,,b,,Children in formal childcare or education 
France,2021,UNDER 3 NON AROPE,68,,,,Children in formal childcare or education 
France,2022,UNDER 3 NON AROPE,64.2,,,,Children in formal childcare or education 
France,2023,UNDER 3 NON AROPE,65.4,,,,Children in formal childcare or education 
France,2024,UNDER 3 NON AROPE,68.9,,p,,Children in formal childcare or education 
Germany,2015,UNDER 3 NON AROPE,26.5,,,,Children in formal childcare or education 
Germany,2016,UNDER 3 NON AROPE,33,,,,Children in formal childcare or education 
Germany,2017,UNDER 3 NON AROPE,31.6,,,,Children in formal childcare or education 
Germany,2018,UNDER 3 NON AROPE,32.3,,,,Children in formal childcare or education 
Germany,2019,UNDER 3 NON AROPE,32.4,,,,Children in formal childcare or education 
Germany,2020,UNDER 3 NON AROPE,17.8,,b,,Children in formal childcare or education 
Germany,2021,UNDER 3 NON AROPE,33.5,,,,Children in formal childcare or education 
Germany,2022,UNDER 3 NON AROPE,27.2,,,,Children in formal childcare or education 
Germany,2023,UNDER 3 NON AROPE,26.1,,,,Children in formal childcare or education 
Germany,2024,UNDER 3 NON AROPE,28.6,,,,Children in formal childcare or education 
Greece,2015,UNDER 3 NON AROPE,11.3,,,,Children in formal childcare or education 
Greece,2016,UNDER 3 NON AROPE,9.3,,,,Children in formal childcare or education 
Greece,2017,UNDER 3 NON AROPE,22.2,,,,Children in formal childcare or education 
Greece,2018,UNDER 3 NON AROPE,38.1,,,,Children in formal childcare or education 
Greece,2019,UNDER 3 NON AROPE,32.6,,,,Children in formal childcare or education 
Greece,2020,UNDER 3 NON AROPE,22.3,,,,Children in formal childcare or education 
Greece,2021,UNDER 3 NON AROPE,39.3,,,,Children in formal childcare or education 
Greece,2022,UNDER 3 NON AROPE,33.1,,,,Children in formal childcare or education 
Greece,2023,UNDER 3 NON AROPE,32.8,,,,Children in formal childcare or education 
Greece,2024,UNDER 3 NON AROPE,30.8,,,,Children in formal childcare or education 
Hungary,2015,UNDER 3 NON AROPE,17.3,,,,Children in formal childcare or education 
Hungary,2016,UNDER 3 NON AROPE,20,,,,Children in formal childcare or education 
Hungary,2017,UNDER 3 NON AROPE,15.4,,,,Children in formal childcare or education 
Hungary,2018,UNDER 3 NON AROPE,23.2,,,,Children in formal childcare or education 
Hungary,2019,UNDER 3 NON AROPE,17,,,,Children in formal childcare or education 
Hungary,2020,UNDER 3 NON AROPE,10.9,,,,Children in formal childcare or education 
Hungary,2021,UNDER 3 NON AROPE,13.8,,,,Children in formal childcare or education 
Hungary,2022,UNDER 3 NON AROPE,12.4,,,,Children in formal childcare or education 
Hungary,2023,UNDER 3 NON AROPE,23.6,,,,Children in formal childcare or education 
Hungary,2024,UNDER 3 NON AROPE,16.9,,,,Children in formal childcare or education 
Ireland,2015,UNDER 3 NON AROPE,26.3,,,,Children in formal childcare or education 
Ireland,2016,UNDER 3 NON AROPE,21.6,,,,Children in formal childcare or education 
Ireland,2017,UNDER 3 NON AROPE,26.6,,,,Children in formal childcare or education 
Ireland,2018,UNDER 3 NON AROPE,37,,,,Children in formal childcare or education 
Ireland,2019,UNDER 3 NON AROPE,37.9,,b,,Children in formal childcare or education 
Ireland,2020,UNDER 3 NON AROPE,20.5,,b,,Children in formal childcare or education 
Ireland,2021,UNDER 3 NON AROPE,18,,,,Children in formal childcare or education 
Ireland,2022,UNDER 3 NON AROPE,21.7,,,,Children in formal childcare or education 
Ireland,2023,UNDER 3 NON AROPE,25.8,,,,Children in formal childcare or education 
Ireland,2024,UNDER 3 NON AROPE,28.4,,,,Children in formal childcare or education 
Italy,2015,UNDER 3 NON AROPE,30.8,,,,Children in formal childcare or education 
Italy,2016,UNDER 3 NON AROPE,38.1,,,,Children in formal childcare or education 
Italy,2017,UNDER 3 NON AROPE,31.9,,,,Children in formal childcare or education 
Italy,2018,UNDER 3 NON AROPE,30.2,,,,Children in formal childcare or education 
Italy,2019,UNDER 3 NON AROPE,27.1,,,,Children in formal childcare or education 
Italy,2020,UNDER 3 NON AROPE,,,,,Children in formal childcare or education 
Italy,2021,UNDER 3 NON AROPE,41.6,,,,Children in formal childcare or education 
Italy,2022,UNDER 3 NON AROPE,37.3,,,,Children in formal childcare or education 
Italy,2023,UNDER 3 NON AROPE,34.3,,,,Children in formal childcare or education 
Italy,2024,UNDER 3 NON AROPE,46,,,,Children in formal childcare or education 
Latvia,2015,UNDER 3 NON AROPE,21.8,,,,Children in formal childcare or education 
Latvia,2016,UNDER 3 NON AROPE,28.9,,,,Children in formal childcare or education 
Latvia,2017,UNDER 3 NON AROPE,28.4,,,,Children in formal childcare or education 
Latvia,2018,UNDER 3 NON AROPE,26.6,,,,Children in formal childcare or education 
Latvia,2019,UNDER 3 NON AROPE,28.4,,,,Children in formal childcare or education 
Latvia,2020,UNDER 3 NON AROPE,24.4,,,,Children in formal childcare or education 
Latvia,2021,UNDER 3 NON AROPE,32.6,,,,Children in formal childcare or education 
Latvia,2022,UNDER 3 NON AROPE,33.1,,,,Children in formal childcare or education 
Latvia,2023,UNDER 3 NON AROPE,32.7,,,,Children in formal childcare or education 
Latvia,2024,UNDER 3 NON AROPE,24,,,,Children in formal childcare or education 
Lithuania,2015,UNDER 3 NON AROPE,14.7,,,,Children in formal childcare or education 
Lithuania,2016,UNDER 3 NON AROPE,18.6,,,,Children in formal childcare or education 
Lithuania,2017,UNDER 3 NON AROPE,24.5,,,,Children in formal childcare or education 
Lithuania,2018,UNDER 3 NON AROPE,19.9,,,,Children in formal childcare or education 
Lithuania,2019,UNDER 3 NON AROPE,32.9,,,,Children in formal childcare or education 
Lithuania,2020,UNDER 3 NON AROPE,13.7,,,,Children in formal childcare or education 
Lithuania,2021,UNDER 3 NON AROPE,23.3,,,,Children in formal childcare or education 
Lithuania,2022,UNDER 3 NON AROPE,22.8,,,,Children in formal childcare or education 
Lithuania,2023,UNDER 3 NON AROPE,20.1,,,,Children in formal childcare or education 
Lithuania,2024,UNDER 3 NON AROPE,36.8,,,,Children in formal childcare or education 
Luxembourg,2015,UNDER 3 NON AROPE,53.6,,,,Children in formal childcare or education 
Luxembourg,2016,UNDER 3 NON AROPE,52,,,,Children in formal childcare or education 
Luxembourg,2017,UNDER 3 NON AROPE,64.2,,,,Children in formal childcare or education 
Luxembourg,2018,UNDER 3 NON AROPE,63.2,,,,Children in formal childcare or education 
Luxembourg,2019,UNDER 3 NON AROPE,63.8,,,,Children in formal childcare or education 
Luxembourg,2020,UNDER 3 NON AROPE,68.8,,b,,Children in formal childcare or education 
Luxembourg,2021,UNDER 3 NON AROPE,62,,,,Children in formal childcare or education 
Luxembourg,2022,UNDER 3 NON AROPE,56.9,,,,Children in formal childcare or education 
Luxembourg,2023,UNDER 3 NON AROPE,64,,,,Children in formal childcare or education 
Luxembourg,2024,UNDER 3 NON AROPE,57.3,,,,Children in formal childcare or education 
Malta,2015,UNDER 3 NON AROPE,21.5,,,,Children in formal childcare or education 
Malta,2016,UNDER 3 NON AROPE,35.2,,,,Children in formal childcare or education 
Malta,2017,UNDER 3 NON AROPE,39.1,,,,Children in formal childcare or education 
Malta,2018,UNDER 3 NON AROPE,35.1,,,,Children in formal childcare or education 
Malta,2019,UNDER 3 NON AROPE,42.2,,,,Children in formal childcare or education 
Malta,2020,UNDER 3 NON AROPE,30.7,,,,Children in formal childcare or education 
Malta,2021,UNDER 3 NON AROPE,26.7,,,,Children in formal childcare or education 
Malta,2022,UNDER 3 NON AROPE,46.8,,,,Children in formal childcare or education 
Malta,2023,UNDER 3 NON AROPE,56.2,,,,Children in formal childcare or education 
Malta,2024,UNDER 3 NON AROPE,48.5,,,,Children in formal childcare or education 
Netherlands,2015,UNDER 3 NON AROPE,49.4,,,,Children in formal childcare or education 
Netherlands,2016,UNDER 3 NON AROPE,59.9,,,,Children in formal childcare or education 
Netherlands,2017,UNDER 3 NON AROPE,65.9,,,,Children in formal childcare or education 
Netherlands,2018,UNDER 3 NON AROPE,61,,,,Children in formal childcare or education 
Netherlands,2019,UNDER 3 NON AROPE,68.7,,,,Children in formal childcare or education 
Netherlands,2020,UNDER 3 NON AROPE,69.6,,,,Children in formal childcare or education 
Netherlands,2021,UNDER 3 NON AROPE,79.9,,,,Children in formal childcare or education 
Netherlands,2022,UNDER 3 NON AROPE,76.6,,,,Children in formal childcare or education 
Netherlands,2023,UNDER 3 NON AROPE,76.6,,,,Children in formal childcare or education 
Netherlands,2024,UNDER 3 NON AROPE,81.5,,,,Children in formal childcare or education 
Poland,2015,UNDER 3 NON AROPE,6.6,,,,Children in formal childcare or education 
Poland,2016,UNDER 3 NON AROPE,8.1,,,,Children in formal childcare or education 
Poland,2017,UNDER 3 NON AROPE,12.6,,,,Children in formal childcare or education 
Poland,2018,UNDER 3 NON AROPE,12.1,,,,Children in formal childcare or education 
Poland,2019,UNDER 3 NON AROPE,11.2,,,,Children in formal childcare or education 
Poland,2020,UNDER 3 NON AROPE,11.6,,,,Children in formal childcare or education 
Poland,2021,UNDER 3 NON AROPE,19.5,,,,Children in formal childcare or education 
Poland,2022,UNDER 3 NON AROPE,18,,,,Children in formal childcare or education 
Poland,2023,UNDER 3 NON AROPE,14.4,,,,Children in formal childcare or education 
Poland,2024,UNDER 3 NON AROPE,17.4,,,,Children in formal childcare or education 
Portugal,2015,UNDER 3 NON AROPE,47,,,,Children in formal childcare or education 
Portugal,2016,UNDER 3 NON AROPE,46.2,,,,Children in formal childcare or education 
Portugal,2017,UNDER 3 NON AROPE,45.3,,,,Children in formal childcare or education 
Portugal,2018,UNDER 3 NON AROPE,50.6,,,,Children in formal childcare or education 
Portugal,2019,UNDER 3 NON AROPE,47.9,,,,Children in formal childcare or education 
Portugal,2020,UNDER 3 NON AROPE,46.5,,,,Children in formal childcare or education 
Portugal,2021,UNDER 3 NON AROPE,44.6,,,,Children in formal childcare or education 
Portugal,2022,UNDER 3 NON AROPE,49.7,,,,Children in formal childcare or education 
Portugal,2023,UNDER 3 NON AROPE,59.5,,,,Children in formal childcare or education 
Portugal,2024,UNDER 3 NON AROPE,63.1,,,,Children in formal childcare or education 
Romania,2015,UNDER 3 NON AROPE,10,,,,Children in formal childcare or education 
Romania,2016,UNDER 3 NON AROPE,19.3,,,,Children in formal childcare or education 
Romania,2017,UNDER 3 NON AROPE,17.8,,,,Children in formal childcare or education 
Romania,2018,UNDER 3 NON AROPE,15.8,,,,Children in formal childcare or education 
Romania,2019,UNDER 3 NON AROPE,17.1,,,,Children in formal childcare or education 
Romania,2020,UNDER 3 NON AROPE,6.5,,,,Children in formal childcare or education 
Romania,2021,UNDER 3 NON AROPE,15,,,,Children in formal childcare or education 
Romania,2022,UNDER 3 NON AROPE,9.1,,u,,Children in formal childcare or education 
Romania,2023,UNDER 3 NON AROPE,15.8,,u,,Children in formal childcare or education 
Romania,2024,UNDER 3 NON AROPE,10.7,,,,Children in formal childcare or education 
Slovakia,2015,UNDER 3 NON AROPE,1.3,,,,Children in formal childcare or education 
Slovakia,2016,UNDER 3 NON AROPE,0.6,,,,Children in formal childcare or education 
Slovakia,2017,UNDER 3 NON AROPE,0.7,,,,Children in formal childcare or education 
Slovakia,2018,UNDER 3 NON AROPE,1.3,,,,Children in formal childcare or education 
Slovakia,2019,UNDER 3 NON AROPE,7.6,,,,Children in formal childcare or education 
Slovakia,2020,UNDER 3 NON AROPE,4.9,,,,Children in formal childcare or education 
Slovakia,2021,UNDER 3 NON AROPE,1,,,,Children in formal childcare or education 
Slovakia,2022,UNDER 3 NON AROPE,3,,,,Children in formal childcare or education 
Slovakia,2023,UNDER 3 NON AROPE,1.5,,,,Children in formal childcare or education 
Slovakia,2024,UNDER 3 NON AROPE,5.3,,,,Children in formal childcare or education 
Slovenia,2015,UNDER 3 NON AROPE,39.4,,,,Children in formal childcare or education 
Slovenia,2016,UNDER 3 NON AROPE,41.8,,,,Children in formal childcare or education 
Slovenia,2017,UNDER 3 NON AROPE,46.2,,,,Children in formal childcare or education 
Slovenia,2018,UNDER 3 NON AROPE,49.7,,,,Children in formal childcare or education 
Slovenia,2019,UNDER 3 NON AROPE,49.5,,,,Children in formal childcare or education 
Slovenia,2020,UNDER 3 NON AROPE,45.8,,,,Children in formal childcare or education 
Slovenia,2021,UNDER 3 NON AROPE,49.4,,,,Children in formal childcare or education 
Slovenia,2022,UNDER 3 NON AROPE,53.5,,,,Children in formal childcare or education 
Slovenia,2023,UNDER 3 NON AROPE,58.3,,,,Children in formal childcare or education 
Slovenia,2024,UNDER 3 NON AROPE,58.8,,,,Children in formal childcare or education 
Spain,2015,UNDER 3 NON AROPE,41.7,,,,Children in formal childcare or education 
Spain,2016,UNDER 3 NON AROPE,44.2,,,,Children in formal childcare or education 
Spain,2017,UNDER 3 NON AROPE,50,,,,Children in formal childcare or education 
Spain,2018,UNDER 3 NON AROPE,53.5,,,,Children in formal childcare or education 
Spain,2019,UNDER 3 NON AROPE,62.6,,,,Children in formal childcare or education 
Spain,2020,UNDER 3 NON AROPE,50,,,,Children in formal childcare or education 
Spain,2021,UNDER 3 NON AROPE,59.9,,,,Children in formal childcare or education 
Spain,2022,UNDER 3 NON AROPE,55.6,,,,Children in formal childcare or education 
Spain,2023,UNDER 3 NON AROPE,61.5,,,,Children in formal childcare or education 
Spain,2024,UNDER 3 NON AROPE,61.9,,,,Children in formal childcare or education 
Sweden,2015,UNDER 3 NON AROPE,54.1,,,,Children in formal childcare or education 
Sweden,2016,UNDER 3 NON AROPE,52.9,,,,Children in formal childcare or education 
Sweden,2017,UNDER 3 NON AROPE,54.5,,,,Children in formal childcare or education 
Sweden,2018,UNDER 3 NON AROPE,55,,,,Children in formal childcare or education 
Sweden,2019,UNDER 3 NON AROPE,52.1,,,,Children in formal childcare or education 
Sweden,2020,UNDER 3 NON AROPE,51.5,,,,Children in formal childcare or education 
Sweden,2021,UNDER 3 NON AROPE,57.6,,,,Children in formal childcare or education 
Sweden,2022,UNDER 3 NON AROPE,55,,,,Children in formal childcare or education 
Sweden,2023,UNDER 3 NON AROPE,56.8,,,,Children in formal childcare or education 
Sweden,2024,UNDER 3 NON AROPE,58.1,,,,Children in formal childcare or education 
Belgium,2004,Total,6,,,,Net childcare cost for parents
Belgium,2008,Total,11,,,,Net childcare cost for parents
Belgium,2012,Total,11,,,,Net childcare cost for parents
Belgium,2015,Total,11,,,,Net childcare cost for parents
Belgium,2018,Total,10,,,,Net childcare cost for parents
Belgium,2019,Total,10,,,,Net childcare cost for parents
Belgium,2020,Total,10,,,,Net childcare cost for parents
Belgium,2021,Total,10,,,,Net childcare cost for parents
Belgium,2022,Total,9,,,,Net childcare cost for parents
Belgium,2023,Total,10,,,,Net childcare cost for parents
Czechia,2004,Total,29,,,,Net childcare cost for parents
Czechia,2008,Total,40,,,,Net childcare cost for parents
Czechia,2012,Total,47,,,,Net childcare cost for parents
Czechia,2015,Total,24,,,,Net childcare cost for parents
Czechia,2018,Total,17,,,,Net childcare cost for parents
Czechia,2019,Total,15,,,,Net childcare cost for parents
Czechia,2020,Total,14,,,,Net childcare cost for parents
Czechia,2021,Total,20,,,,Net childcare cost for parents
Czechia,2022,Total,20,,,,Net childcare cost for parents
Czechia,2023,Total,15,,,,Net childcare cost for parents
Estonia,2012,Total,3,,,,Net childcare cost for parents
Estonia,2015,Total,6,,,,Net childcare cost for parents
Estonia,2018,Total,5,,,,Net childcare cost for parents
Estonia,2019,Total,5,,,,Net childcare cost for parents
Estonia,2020,Total,2,,,,Net childcare cost for parents
Estonia,2021,Total,2,,,,Net childcare cost for parents
Estonia,2022,Total,0,,,,Net childcare cost for parents
Estonia,2023,Total,0,,,,Net childcare cost for parents
Estonia,2023,Total,0,,,,Net childcare cost for parents
France,2004,Total,8,,,,Net childcare cost for parents
France,2008,Total,6,,,,Net childcare cost for parents
France,2012,Total,6,,,,Net childcare cost for parents
France,2015,Total,6,,,,Net childcare cost for parents
France,2018,Total,7,,,,Net childcare cost for parents
France,2019,Total,7,,,,Net childcare cost for parents
France,2020,Total,7,,,,Net childcare cost for parents
France,2021,Total,7,,,,Net childcare cost for parents
France,2022,Total,7,,,,Net childcare cost for parents
France,2023,Total,7,,,,Net childcare cost for parents
Germany,2018,Total,6,,,,Net childcare cost for parents
Germany,2019,Total,5,,,,Net childcare cost for parents
Germany,2020,Total,1,,,,Net childcare cost for parents
Germany,2021,Total,1,,,,Net childcare cost for parents
Germany,2022,Total,1,,,,Net childcare cost for parents
Germany,2023,Total,1,,,,Net childcare cost for parents
Greece,2004,Total,5,,,,Net childcare cost for parents
Greece,2008,Total,5,,,,Net childcare cost for parents
Greece,2012,Total,6,,,,Net childcare cost for parents
Greece,2015,Total,6,,,,Net childcare cost for parents
Greece,2018,Total,6,,,,Net childcare cost for parents
Greece,2019,Total,4,,,,Net childcare cost for parents
Greece,2020,Total,5,,,,Net childcare cost for parents
Greece,2021,Total,4,,,,Net childcare cost for parents
Greece,2022,Total,4,,,,Net childcare cost for parents
Greece,2023,Total,5,,,,Net childcare cost for parents
Hungary,2004,Total,8,,,,Net childcare cost for parents
Hungary,2008,Total,6,,,,Net childcare cost for parents
Hungary,2012,Total,5,,,,Net childcare cost for parents
Hungary,2015,Total,7,,,,Net childcare cost for parents
Hungary,2018,Total,19,,,,Net childcare cost for parents
Hungary,2019,Total,10,,,,Net childcare cost for parents
Hungary,2020,Total,10,,,,Net childcare cost for parents
Hungary,2021,Total,10,,,,Net childcare cost for parents
Hungary,2022,Total,7,,,,Net childcare cost for parents
Hungary,2023,Total,5,,,,Net childcare cost for parents
Ireland,2004,Total,37,,,,Net childcare cost for parents
Ireland,2008,Total,33,,,,Net childcare cost for parents
Ireland,2012,Total,30,,,,Net childcare cost for parents
Ireland,2015,Total,29,,,,Net childcare cost for parents
Ireland,2018,Total,27,,,,Net childcare cost for parents
Ireland,2019,Total,25,,,,Net childcare cost for parents
Ireland,2020,Total,23,,,,Net childcare cost for parents
Ireland,2021,Total,23,,,,Net childcare cost for parents
Ireland,2022,Total,25,,,,Net childcare cost for parents
Ireland,2023,Total,19,,,,Net childcare cost for parents
Latvia,2012,Total,12,,,,Net childcare cost for parents
Latvia,2015,Total,12,,,,Net childcare cost for parents
Latvia,2018,Total,16,,,,Net childcare cost for parents
Latvia,2019,Total,13,,,,Net childcare cost for parents
Latvia,2020,Total,0,,,,Net childcare cost for parents
Latvia,2021,Total,0,,,,Net childcare cost for parents
Latvia,2022,Total,0,,,,Net childcare cost for parents
Latvia,2023,Total,0,,,,Net childcare cost for parents
Latvia,2023,Total,6,,,,Net childcare cost for parents
Lithuania,2012,Total,12,,,,Net childcare cost for parents
Lithuania,2015,Total,15,,,,Net childcare cost for parents
Lithuania,2018,Total,16,,,,Net childcare cost for parents
Lithuania,2019,Total,14,,,,Net childcare cost for parents
Lithuania,2020,Total,9,,,,Net childcare cost for parents
Lithuania,2021,Total,10,,,,Net childcare cost for parents
Lithuania,2022,Total,9,,,,Net childcare cost for parents
Lithuania,2023,Total,8,,,,Net childcare cost for parents
Lithuania,2023,Total,8,,,,Net childcare cost for parents
Luxembourg,2004,Total,6,,,,Net childcare cost for parents
Luxembourg,2008,Total,5,,,,Net childcare cost for parents
Luxembourg,2012,Total,11,,,,Net childcare cost for parents
Luxembourg,2015,Total,12,,,,Net childcare cost for parents
Luxembourg,2018,Total,3,,,,Net childcare cost for parents
Luxembourg,2019,Total,3,,,,Net childcare cost for parents
Luxembourg,2020,Total,3,,,,Net childcare cost for parents
Luxembourg,2021,Total,3,,,,Net childcare cost for parents
Luxembourg,2022,Total,3,,,,Net childcare cost for parents
Luxembourg,2023,Total,2,,,,Net childcare cost for parents
Netherlands,2004,Total,10,,,,Net childcare cost for parents
Netherlands,2008,Total,6,,,,Net childcare cost for parents
Netherlands,2012,Total,15,,,,Net childcare cost for parents
Netherlands,2015,Total,16,,,,Net childcare cost for parents
Netherlands,2018,Total,10,,,,Net childcare cost for parents
Netherlands,2019,Total,9,,,,Net childcare cost for parents
Netherlands,2020,Total,9,,,,Net childcare cost for parents
Netherlands,2021,Total,10,,,,Net childcare cost for parents
Netherlands,2022,Total,11,,,,Net childcare cost for parents
Netherlands,2023,Total,11,,,,Net childcare cost for parents
Poland,2004,Total,21,,,,Net childcare cost for parents
Poland,2008,Total,21,,,,Net childcare cost for parents
Poland,2012,Total,20,,,,Net childcare cost for parents
Poland,2015,Total,21,,,,Net childcare cost for parents
Poland,2018,Total,15,,,,Net childcare cost for parents
Poland,2019,Total,6,,,,Net childcare cost for parents
Poland,2020,Total,9,,,,Net childcare cost for parents
Poland,2021,Total,9,,,,Net childcare cost for parents
Poland,2022,Total,8,,,,Net childcare cost for parents
Poland,2023,Total,9,,,,Net childcare cost for parents
Portugal,2004,Total,3,,,,Net childcare cost for parents
Portugal,2008,Total,0,,,,Net childcare cost for parents
Portugal,2012,Total,6,,,,Net childcare cost for parents
Portugal,2015,Total,4,,,,Net childcare cost for parents
Portugal,2018,Total,5,,,,Net childcare cost for parents
Portugal,2019,Total,4,,,,Net childcare cost for parents
Portugal,2020,Total,5,,,,Net childcare cost for parents
Portugal,2021,Total,5,,,,Net childcare cost for parents
Portugal,2022,Total,5,,,,Net childcare cost for parents
Portugal,2023,Total,4,,,,Net childcare cost for parents
Slovak Republic,2004,Total,18,,,,Net childcare cost for parents
Slovak Republic,2008,Total,28,,,,Net childcare cost for parents
Slovak Republic,2012,Total,8,,,,Net childcare cost for parents
Slovak Republic,2015,Total,9,,,,Net childcare cost for parents
Slovak Republic,2018,Total,9,,,,Net childcare cost for parents
Slovak Republic,2019,Total,11,,,,Net childcare cost for parents
Slovak Republic,2020,Total,14,,,,Net childcare cost for parents
Slovak Republic,2021,Total,13,,,,Net childcare cost for parents
Slovak Republic,2022,Total,12,,,,Net childcare cost for parents
Slovak Republic,2023,Total,17,,,,Net childcare cost for parents
Slovenia,2012,Total,12,,,,Net childcare cost for parents
Slovenia,2015,Total,12,,,,Net childcare cost for parents
Slovenia,2018,Total,11,,,,Net childcare cost for parents
Slovenia,2019,Total,10,,,,Net childcare cost for parents
Slovenia,2020,Total,10,,,,Net childcare cost for parents
Slovenia,2021,Total,10,,,,Net childcare cost for parents
Slovenia,2022,Total,10,,,,Net childcare cost for parents
Slovenia,2023,Total,8,,,,Net childcare cost for parents
Slovenia,2023,Total,7,,,,Net childcare cost for parents
Spain,2004,Total,10,,,,Net childcare cost for parents
Spain,2008,Total,8,,,,Net childcare cost for parents
Spain,2012,Total,8,,,,Net childcare cost for parents
Spain,2015,Total,6,,,,Net childcare cost for parents
Spain,2018,Total,6,,,,Net childcare cost for parents
Spain,2019,Total,15,,,,Net childcare cost for parents
Spain,2020,Total,9,,,,Net childcare cost for parents
Spain,2021,Total,9,,,,Net childcare cost for parents
Spain,2022,Total,9,,,,Net childcare cost for parents
Spain,2023,Total,8,,,,Net childcare cost for parents
Bulgaria,2012,Total,13,,,,Net childcare cost for parents
Bulgaria,2015,Total,14,,,,Net childcare cost for parents
Bulgaria,2018,Total,12,,,,Net childcare cost for parents
Bulgaria,2019,Total,9,,,,Net childcare cost for parents
Bulgaria,2020,Total,8,,,,Net childcare cost for parents
Bulgaria,2021,Total,8,,,,Net childcare cost for parents
Bulgaria,2022,Total,7,,,,Net childcare cost for parents
Bulgaria,2023,Total,0,,,,Net childcare cost for parents
Bulgaria,2023,Total,0,,,,Net childcare cost for parents
Croatia,2018,Total,4,,,,Net childcare cost for parents
Croatia,2019,Total,3,,,,Net childcare cost for parents
Croatia,2020,Total,3,,,,Net childcare cost for parents
Croatia,2021,Total,3,,,,Net childcare cost for parents
Croatia,2022,Total,3,,,,Net childcare cost for parents
Croatia,2023,Total,5,,,,Net childcare cost for parents
Cyprus,2023,Total,8,,,,Net childcare cost for parents
Malta,2012,Total,25,,,,Net childcare cost for parents
Malta,2015,Total,25,,,,Net childcare cost for parents
Malta,2018,Total,0,,,,Net childcare cost for parents
Malta,2019,Total,0,,,,Net childcare cost for parents
Malta,2020,Total,0,,,,Net childcare cost for parents
Malta,2021,Total,0,,,,Net childcare cost for parents
Malta,2022,Total,0,,,,Net childcare cost for parents
Malta,2023,Total,0,,,,Net childcare cost for parents
Malta,2023,Total,0,,,,Net childcare cost for parents
Romania,2012,Total,0,,,,Net childcare cost for parents
Romania,2015,Total,0,,,,Net childcare cost for parents
Romania,2018,Total,0,,,,Net childcare cost for parents
Romania,2019,Total,13,,,,Net childcare cost for parents
Romania,2020,Total,11,,,,Net childcare cost for parents
Romania,2021,Total,11,,,,Net childcare cost for parents
Romania,2022,Total,10,,,,Net childcare cost for parents
Romania,2023,Total,9,,,,Net childcare cost for parents
Romania,2023,Total,11,,,,Net childcare cost for parents
