Section,ID,Country,Year,Value,Flag,Breakdown
Child poverty,Children (aged less than 18) at risk of poverty or social exclusion,Belgium,2015,24.1,,Total
Child poverty,Children (aged less than 18) at risk of poverty or social exclusion,Bulgaria,2015,47.5,,Total
Child poverty,Children (aged less than 18) at risk of poverty or social exclusion,Czechia,2015,17.8,,Total
Child poverty,Children (aged less than 18) at risk of poverty or social exclusion,Denmark,2015,16.2,,Total
Child poverty,Children (aged less than 18) at risk of poverty or social exclusion,Germany,2015,19.3,,Total
Child poverty,Children (aged less than 18) at risk of poverty or social exclusion,Estonia,2015,22.2,,Total
Child poverty,Children (aged less than 18) at risk of poverty or social exclusion,Ireland,2015,29.2,,Total
Child poverty,Children (aged less than 18) at risk of poverty or social exclusion,Greece,2015,37.7,,Total
Child poverty,Children (aged less than 18) at risk of poverty or social exclusion,Spain,2015,34,,Total
Child poverty,Children (aged less than 18) at risk of poverty or social exclusion,France,2015,22.4,,Total
Child poverty,Children (aged less than 18) at risk of poverty or social exclusion,Croatia,2015,25.2,,Total
Child poverty,Children (aged less than 18) at risk of poverty or social exclusion,Italy,2015,34.1,,Total
Child poverty,Children (aged less than 18) at risk of poverty or social exclusion,Cyprus,2015,22.9,,Total
Child poverty,Children (aged less than 18) at risk of poverty or social exclusion,Latvia,2015,30.7,,Total
Child poverty,Children (aged less than 18) at risk of poverty or social exclusion,Lithuania,2015,34.8,,Total
Child poverty,Children (aged less than 18) at risk of poverty or social exclusion,Luxembourg,2015,23.3,,Total
Child poverty,Children (aged less than 18) at risk of poverty or social exclusion,Hungary,2015,40.3,,Total
Child poverty,Children (aged less than 18) at risk of poverty or social exclusion,Malta,2015,27.8,,Total
Child poverty,Children (aged less than 18) at risk of poverty or social exclusion,Netherlands,2015,17.1,,Total
Child poverty,Children (aged less than 18) at risk of poverty or social exclusion,Austria,2015,22.2,,Total
Child poverty,Children (aged less than 18) at risk of poverty or social exclusion,Poland,2015,26.8,,Total
Child poverty,Children (aged less than 18) at risk of poverty or social exclusion,Portugal,2015,31.2,,Total
Child poverty,Children (aged less than 18) at risk of poverty or social exclusion,Romania,2015,53.4,,Total
Child poverty,Children (aged less than 18) at risk of poverty or social exclusion,Slovenia,2015,16.6,,Total
Child poverty,Children (aged less than 18) at risk of poverty or social exclusion,Slovakia,2015,24.7,,Total
Child poverty,Children (aged less than 18) at risk of poverty or social exclusion,Finland,2015,14.5,,Total
Child poverty,Children (aged less than 18) at risk of poverty or social exclusion,Sweden,2015,19.7,,Total
Child poverty,Children (aged less than 18) at risk of poverty or social exclusion,Belgium,2016,23.5,,Total
Child poverty,Children (aged less than 18) at risk of poverty or social exclusion,Bulgaria,2016,47.3,b,Total
Child poverty,Children (aged less than 18) at risk of poverty or social exclusion,Czechia,2016,16.4,,Total
Child poverty,Children (aged less than 18) at risk of poverty or social exclusion,Denmark,2016,14,,Total
Child poverty,Children (aged less than 18) at risk of poverty or social exclusion,Germany,2016,20.6,,Total
Child poverty,Children (aged less than 18) at risk of poverty or social exclusion,Estonia,2016,19.7,,Total
Child poverty,Children (aged less than 18) at risk of poverty or social exclusion,Ireland,2016,26.8,,Total
Child poverty,Children (aged less than 18) at risk of poverty or social exclusion,Greece,2016,37.2,,Total
Child poverty,Children (aged less than 18) at risk of poverty or social exclusion,Spain,2016,33.7,,Total
Child poverty,Children (aged less than 18) at risk of poverty or social exclusion,France,2016,23.8,,Total
Child poverty,Children (aged less than 18) at risk of poverty or social exclusion,Croatia,2016,24.4,,Total
Child poverty,Children (aged less than 18) at risk of poverty or social exclusion,Italy,2016,32.7,,Total
Child poverty,Children (aged less than 18) at risk of poverty or social exclusion,Cyprus,2016,23.2,,Total
Child poverty,Children (aged less than 18) at risk of poverty or social exclusion,Latvia,2016,25.9,,Total
Child poverty,Children (aged less than 18) at risk of poverty or social exclusion,Lithuania,2016,33.2,,Total
Child poverty,Children (aged less than 18) at risk of poverty or social exclusion,Luxembourg,2016,22.2,b,Total
Child poverty,Children (aged less than 18) at risk of poverty or social exclusion,Hungary,2016,38.6,,Total
Child poverty,Children (aged less than 18) at risk of poverty or social exclusion,Malta,2016,23.7,,Total
Child poverty,Children (aged less than 18) at risk of poverty or social exclusion,Netherlands,2016,17.2,b,Total
Child poverty,Children (aged less than 18) at risk of poverty or social exclusion,Austria,2016,20.5,,Total
Child poverty,Children (aged less than 18) at risk of poverty or social exclusion,Poland,2016,23.5,,Total
Child poverty,Children (aged less than 18) at risk of poverty or social exclusion,Portugal,2016,27.5,,Total
Child poverty,Children (aged less than 18) at risk of poverty or social exclusion,Romania,2016,56,,Total
Child poverty,Children (aged less than 18) at risk of poverty or social exclusion,Slovenia,2016,14.5,,Total
Child poverty,Children (aged less than 18) at risk of poverty or social exclusion,Slovakia,2016,24.5,,Total
Child poverty,Children (aged less than 18) at risk of poverty or social exclusion,Finland,2016,14.1,,Total
Child poverty,Children (aged less than 18) at risk of poverty or social exclusion,Sweden,2016,19.7,,Total
Child poverty,Children (aged less than 18) at risk of poverty or social exclusion,Belgium,2017,24.2,,Total
Child poverty,Children (aged less than 18) at risk of poverty or social exclusion,Bulgaria,2017,42.4,,Total
Child poverty,Children (aged less than 18) at risk of poverty or social exclusion,Czechia,2017,14.3,,Total
Child poverty,Children (aged less than 18) at risk of poverty or social exclusion,Denmark,2017,15.1,,Total
Child poverty,Children (aged less than 18) at risk of poverty or social exclusion,Germany,2017,18.6,,Total
Child poverty,Children (aged less than 18) at risk of poverty or social exclusion,Estonia,2017,18.8,,Total
Child poverty,Children (aged less than 18) at risk of poverty or social exclusion,Ireland,2017,26,,Total
Child poverty,Children (aged less than 18) at risk of poverty or social exclusion,Greece,2017,36.5,,Total
Child poverty,Children (aged less than 18) at risk of poverty or social exclusion,Spain,2017,31.9,,Total
Child poverty,Children (aged less than 18) at risk of poverty or social exclusion,France,2017,23.5,,Total
Child poverty,Children (aged less than 18) at risk of poverty or social exclusion,Croatia,2017,24.5,,Total
Child poverty,Children (aged less than 18) at risk of poverty or social exclusion,Italy,2017,30.8,,Total
Child poverty,Children (aged less than 18) at risk of poverty or social exclusion,Cyprus,2017,21.7,,Total
Child poverty,Children (aged less than 18) at risk of poverty or social exclusion,Latvia,2017,25,,Total
Child poverty,Children (aged less than 18) at risk of poverty or social exclusion,Lithuania,2017,31.3,,Total
Child poverty,Children (aged less than 18) at risk of poverty or social exclusion,Luxembourg,2017,21.5,,Total
Child poverty,Children (aged less than 18) at risk of poverty or social exclusion,Hungary,2017,33.5,,Total
Child poverty,Children (aged less than 18) at risk of poverty or social exclusion,Malta,2017,23.6,,Total
Child poverty,Children (aged less than 18) at risk of poverty or social exclusion,Netherlands,2017,16.4,,Total
Child poverty,Children (aged less than 18) at risk of poverty or social exclusion,Austria,2017,22.7,,Total
Child poverty,Children (aged less than 18) at risk of poverty or social exclusion,Poland,2017,17.8,,Total
Child poverty,Children (aged less than 18) at risk of poverty or social exclusion,Portugal,2017,24.6,,Total
Child poverty,Children (aged less than 18) at risk of poverty or social exclusion,Romania,2017,48.7,,Total
Child poverty,Children (aged less than 18) at risk of poverty or social exclusion,Slovenia,2017,15.6,,Total
Child poverty,Children (aged less than 18) at risk of poverty or social exclusion,Slovakia,2017,22.7,,Total
Child poverty,Children (aged less than 18) at risk of poverty or social exclusion,Finland,2017,15,,Total
Child poverty,Children (aged less than 18) at risk of poverty or social exclusion,Sweden,2017,19.4,,Total
Child poverty,Children (aged less than 18) at risk of poverty or social exclusion,Belgium,2018,23.5,,Total
Child poverty,Children (aged less than 18) at risk of poverty or social exclusion,Bulgaria,2018,33.5,,Total
Child poverty,Children (aged less than 18) at risk of poverty or social exclusion,Czechia,2018,13,,Total
Child poverty,Children (aged less than 18) at risk of poverty or social exclusion,Denmark,2018,15.4,,Total
Child poverty,Children (aged less than 18) at risk of poverty or social exclusion,Germany,2018,17.5,,Total
Child poverty,Children (aged less than 18) at risk of poverty or social exclusion,Estonia,2018,17,,Total
Child poverty,Children (aged less than 18) at risk of poverty or social exclusion,Ireland,2018,24.7,,Total
Child poverty,Children (aged less than 18) at risk of poverty or social exclusion,Greece,2018,34.1,,Total
Child poverty,Children (aged less than 18) at risk of poverty or social exclusion,Spain,2018,30.5,,Total
Child poverty,Children (aged less than 18) at risk of poverty or social exclusion,France,2018,24,,Total
Child poverty,Children (aged less than 18) at risk of poverty or social exclusion,Croatia,2018,22.2,,Total
Child poverty,Children (aged less than 18) at risk of poverty or social exclusion,Italy,2018,29.6,,Total
Child poverty,Children (aged less than 18) at risk of poverty or social exclusion,Cyprus,2018,20.5,,Total
Child poverty,Children (aged less than 18) at risk of poverty or social exclusion,Latvia,2018,23.6,,Total
Child poverty,Children (aged less than 18) at risk of poverty or social exclusion,Lithuania,2018,28.8,,Total
Child poverty,Children (aged less than 18) at risk of poverty or social exclusion,Luxembourg,2018,23.4,,Total
Child poverty,Children (aged less than 18) at risk of poverty or social exclusion,Hungary,2018,26.4,,Total
Child poverty,Children (aged less than 18) at risk of poverty or social exclusion,Malta,2018,23.3,,Total
Child poverty,Children (aged less than 18) at risk of poverty or social exclusion,Netherlands,2018,15.1,,Total
Child poverty,Children (aged less than 18) at risk of poverty or social exclusion,Austria,2018,21.6,,Total
Child poverty,Children (aged less than 18) at risk of poverty or social exclusion,Poland,2018,16.9,,Total
Child poverty,Children (aged less than 18) at risk of poverty or social exclusion,Portugal,2018,22.4,,Total
Child poverty,Children (aged less than 18) at risk of poverty or social exclusion,Romania,2018,44.2,,Total
Child poverty,Children (aged less than 18) at risk of poverty or social exclusion,Slovenia,2018,13.1,,Total
Child poverty,Children (aged less than 18) at risk of poverty or social exclusion,Slovakia,2018,23.3,,Total
Child poverty,Children (aged less than 18) at risk of poverty or social exclusion,Finland,2018,15.9,,Total
Child poverty,Children (aged less than 18) at risk of poverty or social exclusion,Sweden,2018,20.5,,Total
Child poverty,Children (aged less than 18) at risk of poverty or social exclusion,Belgium,2019,23,b,Total
Child poverty,Children (aged less than 18) at risk of poverty or social exclusion,Bulgaria,2019,35.8,,Total
Child poverty,Children (aged less than 18) at risk of poverty or social exclusion,Czechia,2019,13,,Total
Child poverty,Children (aged less than 18) at risk of poverty or social exclusion,Denmark,2019,13.8,,Total
Child poverty,Children (aged less than 18) at risk of poverty or social exclusion,Germany,2019,20.4,be,Total
Child poverty,Children (aged less than 18) at risk of poverty or social exclusion,Estonia,2019,19.7,,Total
Child poverty,Children (aged less than 18) at risk of poverty or social exclusion,Ireland,2019,23.9,,Total
Child poverty,Children (aged less than 18) at risk of poverty or social exclusion,Greece,2019,31.2,,Total
Child poverty,Children (aged less than 18) at risk of poverty or social exclusion,Spain,2019,31,,Total
Child poverty,Children (aged less than 18) at risk of poverty or social exclusion,France,2019,24.1,,Total
Child poverty,Children (aged less than 18) at risk of poverty or social exclusion,Croatia,2019,19.1,,Total
Child poverty,Children (aged less than 18) at risk of poverty or social exclusion,Italy,2019,27.1,,Total
Child poverty,Children (aged less than 18) at risk of poverty or social exclusion,Cyprus,2019,20.3,,Total
Child poverty,Children (aged less than 18) at risk of poverty or social exclusion,Latvia,2019,18.7,,Total
Child poverty,Children (aged less than 18) at risk of poverty or social exclusion,Lithuania,2019,25.8,,Total
Child poverty,Children (aged less than 18) at risk of poverty or social exclusion,Luxembourg,2019,25.4,,Total
Child poverty,Children (aged less than 18) at risk of poverty or social exclusion,Hungary,2019,24.1,,Total
Child poverty,Children (aged less than 18) at risk of poverty or social exclusion,Malta,2019,23.7,,Total
Child poverty,Children (aged less than 18) at risk of poverty or social exclusion,Netherlands,2019,15.4,,Total
Child poverty,Children (aged less than 18) at risk of poverty or social exclusion,Austria,2019,20.1,,Total
Child poverty,Children (aged less than 18) at risk of poverty or social exclusion,Poland,2019,16.2,,Total
Child poverty,Children (aged less than 18) at risk of poverty or social exclusion,Portugal,2019,21.9,,Total
Child poverty,Children (aged less than 18) at risk of poverty or social exclusion,Romania,2019,39.1,,Total
Child poverty,Children (aged less than 18) at risk of poverty or social exclusion,Slovenia,2019,11.6,,Total
Child poverty,Children (aged less than 18) at risk of poverty or social exclusion,Slovakia,2019,21,,Total
Child poverty,Children (aged less than 18) at risk of poverty or social exclusion,Finland,2019,13.8,b,Total
Child poverty,Children (aged less than 18) at risk of poverty or social exclusion,Sweden,2019,23,,Total
Child poverty,Children (aged less than 18) at risk of poverty or social exclusion,Belgium,2020,22,,Total
Child poverty,Children (aged less than 18) at risk of poverty or social exclusion,Bulgaria,2020,35.5,,Total
Child poverty,Children (aged less than 18) at risk of poverty or social exclusion,Czechia,2020,12.9,,Total
Child poverty,Children (aged less than 18) at risk of poverty or social exclusion,Denmark,2020,13.4,b,Total
Child poverty,Children (aged less than 18) at risk of poverty or social exclusion,Germany,2020,22.3,,Total
Child poverty,Children (aged less than 18) at risk of poverty or social exclusion,Estonia,2020,17.4,,Total
Child poverty,Children (aged less than 18) at risk of poverty or social exclusion,Ireland,2020,23.5,b,Total
Child poverty,Children (aged less than 18) at risk of poverty or social exclusion,Greece,2020,30.8,,Total
Child poverty,Children (aged less than 18) at risk of poverty or social exclusion,Spain,2020,31.6,,Total
Child poverty,Children (aged less than 18) at risk of poverty or social exclusion,France,2020,23.9,b,Total
Child poverty,Children (aged less than 18) at risk of poverty or social exclusion,Croatia,2020,18.4,,Total
Child poverty,Children (aged less than 18) at risk of poverty or social exclusion,Italy,2020,28.9,,Total
Child poverty,Children (aged less than 18) at risk of poverty or social exclusion,Cyprus,2020,19,,Total
Child poverty,Children (aged less than 18) at risk of poverty or social exclusion,Latvia,2020,19.7,,Total
Child poverty,Children (aged less than 18) at risk of poverty or social exclusion,Lithuania,2020,23.1,,Total
Child poverty,Children (aged less than 18) at risk of poverty or social exclusion,Luxembourg,2020,24.2,b,Total
Child poverty,Children (aged less than 18) at risk of poverty or social exclusion,Hungary,2020,21.7,,Total
Child poverty,Children (aged less than 18) at risk of poverty or social exclusion,Malta,2020,22.3,,Total
Child poverty,Children (aged less than 18) at risk of poverty or social exclusion,Netherlands,2020,15.8,,Total
Child poverty,Children (aged less than 18) at risk of poverty or social exclusion,Austria,2020,21.9,,Total
Child poverty,Children (aged less than 18) at risk of poverty or social exclusion,Poland,2020,16.1,,Total
Child poverty,Children (aged less than 18) at risk of poverty or social exclusion,Portugal,2020,21.9,,Total
Child poverty,Children (aged less than 18) at risk of poverty or social exclusion,Romania,2020,40.7,,Total
Child poverty,Children (aged less than 18) at risk of poverty or social exclusion,Slovenia,2020,12.1,,Total
Child poverty,Children (aged less than 18) at risk of poverty or social exclusion,Slovakia,2020,18.4,,Total
Child poverty,Children (aged less than 18) at risk of poverty or social exclusion,Finland,2020,14.5,,Total
Child poverty,Children (aged less than 18) at risk of poverty or social exclusion,Sweden,2020,20.2,,Total
Child poverty,Children (aged less than 18) at risk of poverty or social exclusion,Belgium,2021,20.5,,Total
Child poverty,Children (aged less than 18) at risk of poverty or social exclusion,Bulgaria,2021,33,,Total
Child poverty,Children (aged less than 18) at risk of poverty or social exclusion,Czechia,2021,13.7,,Total
Child poverty,Children (aged less than 18) at risk of poverty or social exclusion,Denmark,2021,14,,Total
Child poverty,Children (aged less than 18) at risk of poverty or social exclusion,Germany,2021,23.7,,Total
Child poverty,Children (aged less than 18) at risk of poverty or social exclusion,Estonia,2021,17.4,,Total
Child poverty,Children (aged less than 18) at risk of poverty or social exclusion,Ireland,2021,22.8,,Total
Child poverty,Children (aged less than 18) at risk of poverty or social exclusion,Greece,2021,32,,Total
Child poverty,Children (aged less than 18) at risk of poverty or social exclusion,Spain,2021,33.4,,Total
Child poverty,Children (aged less than 18) at risk of poverty or social exclusion,France,2021,22.8,,Total
Child poverty,Children (aged less than 18) at risk of poverty or social exclusion,Croatia,2021,18.6,,Total
Child poverty,Children (aged less than 18) at risk of poverty or social exclusion,Italy,2021,29.7,,Total
Child poverty,Children (aged less than 18) at risk of poverty or social exclusion,Cyprus,2021,19.2,,Total
Child poverty,Children (aged less than 18) at risk of poverty or social exclusion,Latvia,2021,20.1,,Total
Child poverty,Children (aged less than 18) at risk of poverty or social exclusion,Lithuania,2021,21.6,,Total
Child poverty,Children (aged less than 18) at risk of poverty or social exclusion,Luxembourg,2021,29.4,b,Total
Child poverty,Children (aged less than 18) at risk of poverty or social exclusion,Hungary,2021,23.3,,Total
Child poverty,Children (aged less than 18) at risk of poverty or social exclusion,Malta,2021,23.2,,Total
Child poverty,Children (aged less than 18) at risk of poverty or social exclusion,Netherlands,2021,14.9,,Total
Child poverty,Children (aged less than 18) at risk of poverty or social exclusion,Austria,2021,22.8,,Total
Child poverty,Children (aged less than 18) at risk of poverty or social exclusion,Poland,2021,16.5,,Total
Child poverty,Children (aged less than 18) at risk of poverty or social exclusion,Portugal,2021,22.9,,Total
Child poverty,Children (aged less than 18) at risk of poverty or social exclusion,Romania,2021,41.5,,Total
Child poverty,Children (aged less than 18) at risk of poverty or social exclusion,Slovenia,2021,11,,Total
Child poverty,Children (aged less than 18) at risk of poverty or social exclusion,Slovakia,2021,19.7,,Total
Child poverty,Children (aged less than 18) at risk of poverty or social exclusion,Finland,2021,13.2,,Total
Child poverty,Children (aged less than 18) at risk of poverty or social exclusion,Sweden,2021,19.7,,Total
Child poverty,Children (aged less than 18) at risk of poverty or social exclusion,Belgium,2022,19.6,,Total
Child poverty,Children (aged less than 18) at risk of poverty or social exclusion,Bulgaria,2022,33.9,,Total
Child poverty,Children (aged less than 18) at risk of poverty or social exclusion,Czechia,2022,13.4,,Total
Child poverty,Children (aged less than 18) at risk of poverty or social exclusion,Denmark,2022,13.8,,Total
Child poverty,Children (aged less than 18) at risk of poverty or social exclusion,Germany,2022,24,,Total
Child poverty,Children (aged less than 18) at risk of poverty or social exclusion,Estonia,2022,16.6,,Total
Child poverty,Children (aged less than 18) at risk of poverty or social exclusion,Ireland,2022,22.7,,Total
Child poverty,Children (aged less than 18) at risk of poverty or social exclusion,Greece,2022,28.1,,Total
Child poverty,Children (aged less than 18) at risk of poverty or social exclusion,Spain,2022,32.2,,Total
Child poverty,Children (aged less than 18) at risk of poverty or social exclusion,France,2022,27.5,b,Total
Child poverty,Children (aged less than 18) at risk of poverty or social exclusion,Croatia,2022,18.1,,Total
Child poverty,Children (aged less than 18) at risk of poverty or social exclusion,Italy,2022,28.5,,Total
Child poverty,Children (aged less than 18) at risk of poverty or social exclusion,Cyprus,2022,18.1,,Total
Child poverty,Children (aged less than 18) at risk of poverty or social exclusion,Latvia,2022,19.8,,Total
Child poverty,Children (aged less than 18) at risk of poverty or social exclusion,Lithuania,2022,22.4,,Total
Child poverty,Children (aged less than 18) at risk of poverty or social exclusion,Luxembourg,2022,24,b,Total
Child poverty,Children (aged less than 18) at risk of poverty or social exclusion,Hungary,2022,18.1,,Total
Child poverty,Children (aged less than 18) at risk of poverty or social exclusion,Malta,2022,23.1,,Total
Child poverty,Children (aged less than 18) at risk of poverty or social exclusion,Netherlands,2022,13.9,,Total
Child poverty,Children (aged less than 18) at risk of poverty or social exclusion,Austria,2022,21.6,,Total
Child poverty,Children (aged less than 18) at risk of poverty or social exclusion,Poland,2022,16.7,,Total
Child poverty,Children (aged less than 18) at risk of poverty or social exclusion,Portugal,2022,20.7,,Total
Child poverty,Children (aged less than 18) at risk of poverty or social exclusion,Romania,2022,41.5,,Total
Child poverty,Children (aged less than 18) at risk of poverty or social exclusion,Slovenia,2022,10.3,,Total
Child poverty,Children (aged less than 18) at risk of poverty or social exclusion,Slovakia,2022,24.7,,Total
Child poverty,Children (aged less than 18) at risk of poverty or social exclusion,Finland,2022,14.9,b,Total
Child poverty,Children (aged less than 18) at risk of poverty or social exclusion,Sweden,2022,19.9,,Total
Child poverty,Children (aged less than 18) at risk of poverty or social exclusion,Belgium,2023,19,,Total
Child poverty,Children (aged less than 18) at risk of poverty or social exclusion,Bulgaria,2023,33.9,,Total
Child poverty,Children (aged less than 18) at risk of poverty or social exclusion,Czechia,2023,:,,Total
Child poverty,Children (aged less than 18) at risk of poverty or social exclusion,Denmark,2023,:,,Total
Child poverty,Children (aged less than 18) at risk of poverty or social exclusion,Germany,2023,:,,Total
Child poverty,Children (aged less than 18) at risk of poverty or social exclusion,Estonia,2023,18.3,,Total
Child poverty,Children (aged less than 18) at risk of poverty or social exclusion,Ireland,2023,:,,Total
Child poverty,Children (aged less than 18) at risk of poverty or social exclusion,Greece,2023,:,,Total
Child poverty,Children (aged less than 18) at risk of poverty or social exclusion,Spain,2023,:,,Total
Child poverty,Children (aged less than 18) at risk of poverty or social exclusion,France,2023,:,,Total
Child poverty,Children (aged less than 18) at risk of poverty or social exclusion,Croatia,2023,:,,Total
Child poverty,Children (aged less than 18) at risk of poverty or social exclusion,Italy,2023,:,,Total
Child poverty,Children (aged less than 18) at risk of poverty or social exclusion,Cyprus,2023,:,,Total
Child poverty,Children (aged less than 18) at risk of poverty or social exclusion,Latvia,2023,20.3,,Total
Child poverty,Children (aged less than 18) at risk of poverty or social exclusion,Lithuania,2023,:,,Total
Child poverty,Children (aged less than 18) at risk of poverty or social exclusion,Luxembourg,2023,:,,Total
Child poverty,Children (aged less than 18) at risk of poverty or social exclusion,Hungary,2023,:,,Total
Child poverty,Children (aged less than 18) at risk of poverty or social exclusion,Malta,2023,:,,Total
Child poverty,Children (aged less than 18) at risk of poverty or social exclusion,Netherlands,2023,:,,Total
Child poverty,Children (aged less than 18) at risk of poverty or social exclusion,Austria,2023,:,,Total
Child poverty,Children (aged less than 18) at risk of poverty or social exclusion,Poland,2023,:,,Total
Child poverty,Children (aged less than 18) at risk of poverty or social exclusion,Portugal,2023,:,,Total
Child poverty,Children (aged less than 18) at risk of poverty or social exclusion,Romania,2023,:,,Total
Child poverty,Children (aged less than 18) at risk of poverty or social exclusion,Slovenia,2023,:,,Total
Child poverty,Children (aged less than 18) at risk of poverty or social exclusion,Slovakia,2023,:,,Total
Child poverty,Children (aged less than 18) at risk of poverty or social exclusion,Finland,2023,:,,Total
Child poverty,Children (aged less than 18) at risk of poverty or social exclusion,Sweden,2023,:,,Total
Child poverty,At-risk-of poverty rate for children,EU27,2010,21.1,e,Total
Child poverty,At-risk-of poverty rate for children,Belgium,2010,18.3,,Total
Child poverty,At-risk-of poverty rate for children,Bulgaria,2010,26.7,,Total
Child poverty,At-risk-of poverty rate for children,Czechia,2010,14.3,,Total
Child poverty,At-risk-of poverty rate for children,Denmark,2010,10.9,,Total
Child poverty,At-risk-of poverty rate for children,Germany,2010,17.5,,Total
Child poverty,At-risk-of poverty rate for children,Estonia,2010,17.3,,Total
Child poverty,At-risk-of poverty rate for children,Ireland,2010,18.9,,Total
Child poverty,At-risk-of poverty rate for children,Greece,2010,23,,Total
Child poverty,At-risk-of poverty rate for children,Spain,2010,29.3,,Total
Child poverty,At-risk-of poverty rate for children,France,2010,18.1,,Total
Child poverty,At-risk-of poverty rate for children,Croatia,2010,19.6,,Total
Child poverty,At-risk-of poverty rate for children,Italy,2010,25.2,,Total
Child poverty,At-risk-of poverty rate for children,Cyprus,2010,12.6,,Total
Child poverty,At-risk-of poverty rate for children,Latvia,2010,26.3,,Total
Child poverty,At-risk-of poverty rate for children,Lithuania,2010,24.8,,Total
Child poverty,At-risk-of poverty rate for children,Luxembourg,2010,21.4,,Total
Child poverty,At-risk-of poverty rate for children,Hungary,2010,20.3,,Total
Child poverty,At-risk-of poverty rate for children,Malta,2010,22.1,,Total
Child poverty,At-risk-of poverty rate for children,Netherlands,2010,13.7,,Total
Child poverty,At-risk-of poverty rate for children,Austria,2010,19,,Total
Child poverty,At-risk-of poverty rate for children,Poland,2010,22.5,,Total
Child poverty,At-risk-of poverty rate for children,Portugal,2010,22.4,,Total
Child poverty,At-risk-of poverty rate for children,Romania,2010,32.1,,Total
Child poverty,At-risk-of poverty rate for children,Slovenia,2010,12.6,,Total
Child poverty,At-risk-of poverty rate for children,Slovakia,2010,18.8,,Total
Child poverty,At-risk-of poverty rate for children,Finland,2010,11.4,,Total
Child poverty,At-risk-of poverty rate for children,Sweden,2010,17.1,,Total
Child poverty,At-risk-of poverty rate for children,EU27,2011,21.1,e,Total
Child poverty,At-risk-of poverty rate for children,Belgium,2011,18.7,,Total
Child poverty,At-risk-of poverty rate for children,Bulgaria,2011,28.4,,Total
Child poverty,At-risk-of poverty rate for children,Czechia,2011,15.2,,Total
Child poverty,At-risk-of poverty rate for children,Denmark,2011,10.3,,Total
Child poverty,At-risk-of poverty rate for children,Germany,2011,15.6,,Total
Child poverty,At-risk-of poverty rate for children,Estonia,2011,19.5,,Total
Child poverty,At-risk-of poverty rate for children,Ireland,2011,17.1,,Total
Child poverty,At-risk-of poverty rate for children,Greece,2011,23.7,,Total
Child poverty,At-risk-of poverty rate for children,Spain,2011,27.5,,Total
Child poverty,At-risk-of poverty rate for children,France,2011,18.8,,Total
Child poverty,At-risk-of poverty rate for children,Croatia,2011,21.1,,Total
Child poverty,At-risk-of poverty rate for children,Italy,2011,25.9,,Total
Child poverty,At-risk-of poverty rate for children,Cyprus,2011,12.8,,Total
Child poverty,At-risk-of poverty rate for children,Latvia,2011,24.7,,Total
Child poverty,At-risk-of poverty rate for children,Lithuania,2011,25.2,,Total
Child poverty,At-risk-of poverty rate for children,Luxembourg,2011,20.3,,Total
Child poverty,At-risk-of poverty rate for children,Hungary,2011,23.7,,Total
Child poverty,At-risk-of poverty rate for children,Malta,2011,23,,Total
Child poverty,At-risk-of poverty rate for children,Netherlands,2011,15.5,,Total
Child poverty,At-risk-of poverty rate for children,Austria,2011,17.8,,Total
Child poverty,At-risk-of poverty rate for children,Poland,2011,22,,Total
Child poverty,At-risk-of poverty rate for children,Portugal,2011,22.4,,Total
Child poverty,At-risk-of poverty rate for children,Romania,2011,33,,Total
Child poverty,At-risk-of poverty rate for children,Slovenia,2011,14.7,,Total
Child poverty,At-risk-of poverty rate for children,Slovakia,2011,21.2,,Total
Child poverty,At-risk-of poverty rate for children,Finland,2011,11.8,,Total
Child poverty,At-risk-of poverty rate for children,Sweden,2011,17.9,,Total
Child poverty,At-risk-of poverty rate for children,EU27,2012,21,e,Total
Child poverty,At-risk-of poverty rate for children,Belgium,2012,17.3,,Total
Child poverty,At-risk-of poverty rate for children,Bulgaria,2012,28.2,,Total
Child poverty,At-risk-of poverty rate for children,Czechia,2012,13.9,,Total
Child poverty,At-risk-of poverty rate for children,Denmark,2012,10.4,,Total
Child poverty,At-risk-of poverty rate for children,Germany,2012,15.2,,Total
Child poverty,At-risk-of poverty rate for children,Estonia,2012,17,,Total
Child poverty,At-risk-of poverty rate for children,Ireland,2012,18.9,,Total
Child poverty,At-risk-of poverty rate for children,Greece,2012,26.9,,Total
Child poverty,At-risk-of poverty rate for children,Spain,2012,27.9,,Total
Child poverty,At-risk-of poverty rate for children,France,2012,19,,Total
Child poverty,At-risk-of poverty rate for children,Croatia,2012,23.3,,Total
Child poverty,At-risk-of poverty rate for children,Italy,2012,26.2,,Total
Child poverty,At-risk-of poverty rate for children,Cyprus,2012,13.9,,Total
Child poverty,At-risk-of poverty rate for children,Latvia,2012,24.4,,Total
Child poverty,At-risk-of poverty rate for children,Lithuania,2012,20.8,,Total
Child poverty,At-risk-of poverty rate for children,Luxembourg,2012,22.6,,Total
Child poverty,At-risk-of poverty rate for children,Hungary,2012,22.9,,Total
Child poverty,At-risk-of poverty rate for children,Malta,2012,23.1,,Total
Child poverty,At-risk-of poverty rate for children,Netherlands,2012,13.2,,Total
Child poverty,At-risk-of poverty rate for children,Austria,2012,17.5,,Total
Child poverty,At-risk-of poverty rate for children,Poland,2012,21.5,,Total
Child poverty,At-risk-of poverty rate for children,Portugal,2012,21.8,,Total
Child poverty,At-risk-of poverty rate for children,Romania,2012,33.3,,Total
Child poverty,At-risk-of poverty rate for children,Slovenia,2012,13.5,,Total
Child poverty,At-risk-of poverty rate for children,Slovakia,2012,21.9,,Total
Child poverty,At-risk-of poverty rate for children,Finland,2012,11.1,,Total
Child poverty,At-risk-of poverty rate for children,Sweden,2012,17.7,,Total
Child poverty,At-risk-of poverty rate for children,EU27,2013,20.7,,Total
Child poverty,At-risk-of poverty rate for children,Belgium,2013,17.2,,Total
Child poverty,At-risk-of poverty rate for children,Bulgaria,2013,28.4,,Total
Child poverty,At-risk-of poverty rate for children,Czechia,2013,11.3,,Total
Child poverty,At-risk-of poverty rate for children,Denmark,2013,9.1,,Total
Child poverty,At-risk-of poverty rate for children,Germany,2013,14.7,,Total
Child poverty,At-risk-of poverty rate for children,Estonia,2013,18.1,,Total
Child poverty,At-risk-of poverty rate for children,Ireland,2013,18.2,,Total
Child poverty,At-risk-of poverty rate for children,Greece,2013,28.8,,Total
Child poverty,At-risk-of poverty rate for children,Spain,2013,27.5,,Total
Child poverty,At-risk-of poverty rate for children,France,2013,17.6,,Total
Child poverty,At-risk-of poverty rate for children,Croatia,2013,21.8,,Total
Child poverty,At-risk-of poverty rate for children,Italy,2013,25.2,,Total
Child poverty,At-risk-of poverty rate for children,Cyprus,2013,15.5,,Total
Child poverty,At-risk-of poverty rate for children,Latvia,2013,23.4,,Total
Child poverty,At-risk-of poverty rate for children,Lithuania,2013,26.9,,Total
Child poverty,At-risk-of poverty rate for children,Luxembourg,2013,23.9,,Total
Child poverty,At-risk-of poverty rate for children,Hungary,2013,23.8,,Total
Child poverty,At-risk-of poverty rate for children,Malta,2013,24.5,,Total
Child poverty,At-risk-of poverty rate for children,Netherlands,2013,12.6,,Total
Child poverty,At-risk-of poverty rate for children,Austria,2013,18.6,,Total
Child poverty,At-risk-of poverty rate for children,Poland,2013,23.2,,Total
Child poverty,At-risk-of poverty rate for children,Portugal,2013,24.4,,Total
Child poverty,At-risk-of poverty rate for children,Romania,2013,34.7,,Total
Child poverty,At-risk-of poverty rate for children,Slovenia,2013,14.7,,Total
Child poverty,At-risk-of poverty rate for children,Slovakia,2013,20.3,,Total
Child poverty,At-risk-of poverty rate for children,Finland,2013,9.3,,Total
Child poverty,At-risk-of poverty rate for children,Sweden,2013,19,,Total
Child poverty,At-risk-of poverty rate for children,EU27,2014,21.4,,Total
Child poverty,At-risk-of poverty rate for children,Belgium,2014,18.8,,Total
Child poverty,At-risk-of poverty rate for children,Bulgaria,2014,31.7,,Total
Child poverty,At-risk-of poverty rate for children,Czechia,2014,14.7,,Total
Child poverty,At-risk-of poverty rate for children,Denmark,2014,9.2,,Total
Child poverty,At-risk-of poverty rate for children,Germany,2014,15.1,,Total
Child poverty,At-risk-of poverty rate for children,Estonia,2014,19.7,,Total
Child poverty,At-risk-of poverty rate for children,Ireland,2014,18.6,,Total
Child poverty,At-risk-of poverty rate for children,Greece,2014,25.5,,Total
Child poverty,At-risk-of poverty rate for children,Spain,2014,30.5,,Total
Child poverty,At-risk-of poverty rate for children,France,2014,17.7,,Total
Child poverty,At-risk-of poverty rate for children,Croatia,2014,21.1,,Total
Child poverty,At-risk-of poverty rate for children,Italy,2014,25.1,,Total
Child poverty,At-risk-of poverty rate for children,Cyprus,2014,12.8,,Total
Child poverty,At-risk-of poverty rate for children,Latvia,2014,24.3,,Total
Child poverty,At-risk-of poverty rate for children,Lithuania,2014,23.5,,Total
Child poverty,At-risk-of poverty rate for children,Luxembourg,2014,25.4,,Total
Child poverty,At-risk-of poverty rate for children,Hungary,2014,25,,Total
Child poverty,At-risk-of poverty rate for children,Malta,2014,24.6,,Total
Child poverty,At-risk-of poverty rate for children,Netherlands,2014,13.7,,Total
Child poverty,At-risk-of poverty rate for children,Austria,2014,18.2,,Total
Child poverty,At-risk-of poverty rate for children,Poland,2014,22.3,,Total
Child poverty,At-risk-of poverty rate for children,Portugal,2014,25.6,,Total
Child poverty,At-risk-of poverty rate for children,Romania,2014,39.3,,Total
Child poverty,At-risk-of poverty rate for children,Slovenia,2014,14.8,,Total
Child poverty,At-risk-of poverty rate for children,Slovakia,2014,19.2,,Total
Child poverty,At-risk-of poverty rate for children,Finland,2014,10.9,,Total
Child poverty,At-risk-of poverty rate for children,Sweden,2014,18.2,,Total
Child poverty,At-risk-of poverty rate for children,EU27,2015,21.4,,Total
Child poverty,At-risk-of poverty rate for children,Belgium,2015,18,,Total
Child poverty,At-risk-of poverty rate for children,Bulgaria,2015,25.4,,Total
Child poverty,At-risk-of poverty rate for children,Czechia,2015,14.7,,Total
Child poverty,At-risk-of poverty rate for children,Denmark,2015,10.4,,Total
Child poverty,At-risk-of poverty rate for children,Germany,2015,14.6,,Total
Child poverty,At-risk-of poverty rate for children,Estonia,2015,20,,Total
Child poverty,At-risk-of poverty rate for children,Ireland,2015,17.7,,Total
Child poverty,At-risk-of poverty rate for children,Greece,2015,26.6,,Total
Child poverty,At-risk-of poverty rate for children,Spain,2015,29.6,,Total
Child poverty,At-risk-of poverty rate for children,France,2015,18.7,,Total
Child poverty,At-risk-of poverty rate for children,Croatia,2015,20.9,,Total
Child poverty,At-risk-of poverty rate for children,Italy,2015,26.8,,Total
Child poverty,At-risk-of poverty rate for children,Cyprus,2015,16.7,,Total
Child poverty,At-risk-of poverty rate for children,Latvia,2015,23.2,,Total
Child poverty,At-risk-of poverty rate for children,Lithuania,2015,28.9,,Total
Child poverty,At-risk-of poverty rate for children,Luxembourg,2015,21.5,,Total
Child poverty,At-risk-of poverty rate for children,Hungary,2015,22.7,,Total
Child poverty,At-risk-of poverty rate for children,Malta,2015,23.4,,Total
Child poverty,At-risk-of poverty rate for children,Netherlands,2015,14,,Total
Child poverty,At-risk-of poverty rate for children,Austria,2015,17.8,,Total
Child poverty,At-risk-of poverty rate for children,Poland,2015,22.4,,Total
Child poverty,At-risk-of poverty rate for children,Portugal,2015,24.8,,Total
Child poverty,At-risk-of poverty rate for children,Romania,2015,38.1,,Total
Child poverty,At-risk-of poverty rate for children,Slovenia,2015,14.2,,Total
Child poverty,At-risk-of poverty rate for children,Slovakia,2015,20.1,,Total
Child poverty,At-risk-of poverty rate for children,Finland,2015,10,,Total
Child poverty,At-risk-of poverty rate for children,Sweden,2015,18.1,,Total
Child poverty,At-risk-of poverty rate for children,EU27,2016,21.4,,Total
Child poverty,At-risk-of poverty rate for children,Belgium,2016,17.6,,Total
Child poverty,At-risk-of poverty rate for children,Bulgaria,2016,31.9,b,Total
Child poverty,At-risk-of poverty rate for children,Czechia,2016,14.1,,Total
Child poverty,At-risk-of poverty rate for children,Denmark,2016,9.4,,Total
Child poverty,At-risk-of poverty rate for children,Germany,2016,15.4,,Total
Child poverty,At-risk-of poverty rate for children,Estonia,2016,18.6,,Total
Child poverty,At-risk-of poverty rate for children,Ireland,2016,18.8,,Total
Child poverty,At-risk-of poverty rate for children,Greece,2016,26.3,,Total
Child poverty,At-risk-of poverty rate for children,Spain,2016,29.7,,Total
Child poverty,At-risk-of poverty rate for children,France,2016,19.1,,Total
Child poverty,At-risk-of poverty rate for children,Croatia,2016,20.4,,Total
Child poverty,At-risk-of poverty rate for children,Italy,2016,26.7,,Total
Child poverty,At-risk-of poverty rate for children,Cyprus,2016,17.1,,Total
Child poverty,At-risk-of poverty rate for children,Latvia,2016,18.6,,Total
Child poverty,At-risk-of poverty rate for children,Lithuania,2016,25.6,,Total
Child poverty,At-risk-of poverty rate for children,Luxembourg,2016,21,b,Total
Child poverty,At-risk-of poverty rate for children,Hungary,2016,19.9,,Total
Child poverty,At-risk-of poverty rate for children,Malta,2016,20.9,,Total
Child poverty,At-risk-of poverty rate for children,Netherlands,2016,14.8,b,Total
Child poverty,At-risk-of poverty rate for children,Austria,2016,16.5,,Total
Child poverty,At-risk-of poverty rate for children,Poland,2016,21.1,,Total
Child poverty,At-risk-of poverty rate for children,Portugal,2016,22.4,,Total
Child poverty,At-risk-of poverty rate for children,Romania,2016,37.2,,Total
Child poverty,At-risk-of poverty rate for children,Slovenia,2016,11.9,,Total
Child poverty,At-risk-of poverty rate for children,Slovakia,2016,20.8,,Total
Child poverty,At-risk-of poverty rate for children,Finland,2016,9.3,,Total
Child poverty,At-risk-of poverty rate for children,Sweden,2016,18.7,,Total
Child poverty,At-risk-of poverty rate for children,EU27,2017,20,,Total
Child poverty,At-risk-of poverty rate for children,Belgium,2017,18.4,,Total
Child poverty,At-risk-of poverty rate for children,Bulgaria,2017,29.2,,Total
Child poverty,At-risk-of poverty rate for children,Czechia,2017,11.6,,Total
Child poverty,At-risk-of poverty rate for children,Denmark,2017,10,,Total
Child poverty,At-risk-of poverty rate for children,Germany,2017,15.2,,Total
Child poverty,At-risk-of poverty rate for children,Estonia,2017,16.5,,Total
Child poverty,At-risk-of poverty rate for children,Ireland,2017,17,,Total
Child poverty,At-risk-of poverty rate for children,Greece,2017,24.5,,Total
Child poverty,At-risk-of poverty rate for children,Spain,2017,28.3,,Total
Child poverty,At-risk-of poverty rate for children,France,2017,19,,Total
Child poverty,At-risk-of poverty rate for children,Croatia,2017,21.4,,Total
Child poverty,At-risk-of poverty rate for children,Italy,2017,26.4,,Total
Child poverty,At-risk-of poverty rate for children,Cyprus,2017,16.5,,Total
Child poverty,At-risk-of poverty rate for children,Latvia,2017,18.4,,Total
Child poverty,At-risk-of poverty rate for children,Lithuania,2017,25.7,,Total
Child poverty,At-risk-of poverty rate for children,Luxembourg,2017,20.3,,Total
Child poverty,At-risk-of poverty rate for children,Hungary,2017,14.8,,Total
Child poverty,At-risk-of poverty rate for children,Malta,2017,21.2,,Total
Child poverty,At-risk-of poverty rate for children,Netherlands,2017,14.4,,Total
Child poverty,At-risk-of poverty rate for children,Austria,2017,19.1,,Total
Child poverty,At-risk-of poverty rate for children,Poland,2017,14,,Total
Child poverty,At-risk-of poverty rate for children,Portugal,2017,20.7,,Total
Child poverty,At-risk-of poverty rate for children,Romania,2017,32.2,,Total
Child poverty,At-risk-of poverty rate for children,Slovenia,2017,12.8,,Total
Child poverty,At-risk-of poverty rate for children,Slovakia,2017,19.9,,Total
Child poverty,At-risk-of poverty rate for children,Finland,2017,10.2,,Total
Child poverty,At-risk-of poverty rate for children,Sweden,2017,18.6,,Total
Child poverty,At-risk-of poverty rate for children,EU27,2018,19.6,,Total
Child poverty,At-risk-of poverty rate for children,Belgium,2018,20.1,,Total
Child poverty,At-risk-of poverty rate for children,Bulgaria,2018,26.6,,Total
Child poverty,At-risk-of poverty rate for children,Czechia,2018,11,,Total
Child poverty,At-risk-of poverty rate for children,Denmark,2018,11,,Total
Child poverty,At-risk-of poverty rate for children,Germany,2018,14.5,,Total
Child poverty,At-risk-of poverty rate for children,Estonia,2018,15.2,,Total
Child poverty,At-risk-of poverty rate for children,Ireland,2018,15.8,,Total
Child poverty,At-risk-of poverty rate for children,Greece,2018,22.7,,Total
Child poverty,At-risk-of poverty rate for children,Spain,2018,26.8,,Total
Child poverty,At-risk-of poverty rate for children,France,2018,19.9,,Total
Child poverty,At-risk-of poverty rate for children,Croatia,2018,19.7,,Total
Child poverty,At-risk-of poverty rate for children,Italy,2018,26.2,,Total
Child poverty,At-risk-of poverty rate for children,Cyprus,2018,17.3,,Total
Child poverty,At-risk-of poverty rate for children,Latvia,2018,17.5,,Total
Child poverty,At-risk-of poverty rate for children,Lithuania,2018,23.9,,Total
Child poverty,At-risk-of poverty rate for children,Luxembourg,2018,22.6,,Total
Child poverty,At-risk-of poverty rate for children,Hungary,2018,13.8,,Total
Child poverty,At-risk-of poverty rate for children,Malta,2018,21.4,,Total
Child poverty,At-risk-of poverty rate for children,Netherlands,2018,13.1,,Total
Child poverty,At-risk-of poverty rate for children,Austria,2018,19.2,,Total
Child poverty,At-risk-of poverty rate for children,Poland,2018,13,,Total
Child poverty,At-risk-of poverty rate for children,Portugal,2018,19,,Total
Child poverty,At-risk-of poverty rate for children,Romania,2018,32,,Total
Child poverty,At-risk-of poverty rate for children,Slovenia,2018,11.7,,Total
Child poverty,At-risk-of poverty rate for children,Slovakia,2018,20.5,,Total
Child poverty,At-risk-of poverty rate for children,Finland,2018,11.1,,Total
Child poverty,At-risk-of poverty rate for children,Sweden,2018,19.3,,Total
Child poverty,At-risk-of poverty rate for children,EU27,2019,18.5,,Total
Child poverty,At-risk-of poverty rate for children,Belgium,2019,18.9,b,Total
Child poverty,At-risk-of poverty rate for children,Bulgaria,2019,27.5,,Total
Child poverty,At-risk-of poverty rate for children,Czechia,2019,11.2,,Total
Child poverty,At-risk-of poverty rate for children,Denmark,2019,10.3,,Total
Child poverty,At-risk-of poverty rate for children,Germany,2019,12.1,,Total
Child poverty,At-risk-of poverty rate for children,Estonia,2019,17.2,,Total
Child poverty,At-risk-of poverty rate for children,Ireland,2019,14.1,,Total
Child poverty,At-risk-of poverty rate for children,Greece,2019,21.1,,Total
Child poverty,At-risk-of poverty rate for children,Spain,2019,27.4,,Total
Child poverty,At-risk-of poverty rate for children,France,2019,18.2,,Total
Child poverty,At-risk-of poverty rate for children,Croatia,2019,17.1,,Total
Child poverty,At-risk-of poverty rate for children,Italy,2019,24.5,,Total
Child poverty,At-risk-of poverty rate for children,Cyprus,2019,16.7,,Total
Child poverty,At-risk-of poverty rate for children,Latvia,2019,14.5,,Total
Child poverty,At-risk-of poverty rate for children,Lithuania,2019,22.7,,Total
Child poverty,At-risk-of poverty rate for children,Luxembourg,2019,24.8,,Total
Child poverty,At-risk-of poverty rate for children,Hungary,2019,11.5,,Total
Child poverty,At-risk-of poverty rate for children,Malta,2019,20.6,,Total
Child poverty,At-risk-of poverty rate for children,Netherlands,2019,13.6,,Total
Child poverty,At-risk-of poverty rate for children,Austria,2019,14.9,,Total
Child poverty,At-risk-of poverty rate for children,Poland,2019,13.4,,Total
Child poverty,At-risk-of poverty rate for children,Portugal,2019,18.5,,Total
Child poverty,At-risk-of poverty rate for children,Romania,2019,30.8,,Total
Child poverty,At-risk-of poverty rate for children,Slovenia,2019,10.5,,Total
Child poverty,At-risk-of poverty rate for children,Slovakia,2019,19,,Total
Child poverty,At-risk-of poverty rate for children,Finland,2019,10.3,,Total
Child poverty,At-risk-of poverty rate for children,Sweden,2019,21.5,,Total
Child poverty,At-risk-of poverty rate for children,EU27,2020,19.2,b,Total
Child poverty,At-risk-of poverty rate for children,Belgium,2020,15.6,,Total
Child poverty,At-risk-of poverty rate for children,Bulgaria,2020,28.3,,Total
Child poverty,At-risk-of poverty rate for children,Czechia,2020,11.1,,Total
Child poverty,At-risk-of poverty rate for children,Denmark,2020,10,b,Total
Child poverty,At-risk-of poverty rate for children,Germany,2020,15.4,b,Total
Child poverty,At-risk-of poverty rate for children,Estonia,2020,15.2,,Total
Child poverty,At-risk-of poverty rate for children,Ireland,2020,15.6,b,Total
Child poverty,At-risk-of poverty rate for children,Greece,2020,20.9,,Total
Child poverty,At-risk-of poverty rate for children,Spain,2020,27.4,,Total
Child poverty,At-risk-of poverty rate for children,France,2020,19.4,b,Total
Child poverty,At-risk-of poverty rate for children,Croatia,2020,16.8,,Total
Child poverty,At-risk-of poverty rate for children,Italy,2020,25.1,,Total
Child poverty,At-risk-of poverty rate for children,Cyprus,2020,16.1,,Total
Child poverty,At-risk-of poverty rate for children,Latvia,2020,15.8,,Total
Child poverty,At-risk-of poverty rate for children,Lithuania,2020,20,,Total
Child poverty,At-risk-of poverty rate for children,Luxembourg,2020,23.1,b,Total
Child poverty,At-risk-of poverty rate for children,Hungary,2020,9.5,,Total
Child poverty,At-risk-of poverty rate for children,Malta,2020,20.4,,Total
Child poverty,At-risk-of poverty rate for children,Netherlands,2020,14.1,,Total
Child poverty,At-risk-of poverty rate for children,Austria,2020,18.4,,Total
Child poverty,At-risk-of poverty rate for children,Poland,2020,13.5,,Total
Child poverty,At-risk-of poverty rate for children,Portugal,2020,19.1,,Total
Child poverty,At-risk-of poverty rate for children,Romania,2020,30.1,,Total
Child poverty,At-risk-of poverty rate for children,Slovenia,2020,10.5,,Total
Child poverty,At-risk-of poverty rate for children,Slovakia,2020,17,,Total
Child poverty,At-risk-of poverty rate for children,Finland,2020,11.6,,Total
Child poverty,At-risk-of poverty rate for children,Sweden,2020,18.7,,Total
Child poverty,At-risk-of poverty rate for children,EU27,2021,19.5,,Total
Child poverty,At-risk-of poverty rate for children,Belgium,2021,15.1,,Total
Child poverty,At-risk-of poverty rate for children,Bulgaria,2021,24.2,,Total
Child poverty,At-risk-of poverty rate for children,Czechia,2021,11.4,,Total
Child poverty,At-risk-of poverty rate for children,Denmark,2021,9.6,,Total
Child poverty,At-risk-of poverty rate for children,Germany,2021,16.4,,Total
Child poverty,At-risk-of poverty rate for children,Estonia,2021,15.5,,Total
Child poverty,At-risk-of poverty rate for children,Ireland,2021,13.7,,Total
Child poverty,At-risk-of poverty rate for children,Greece,2021,23.7,,Total
Child poverty,At-risk-of poverty rate for children,Spain,2021,28.9,,Total
Child poverty,At-risk-of poverty rate for children,France,2021,18.5,,Total
Child poverty,At-risk-of poverty rate for children,Croatia,2021,17.1,,Total
Child poverty,At-risk-of poverty rate for children,Italy,2021,26,,Total
Child poverty,At-risk-of poverty rate for children,Cyprus,2021,15.8,,Total
Child poverty,At-risk-of poverty rate for children,Latvia,2021,16.9,,Total
Child poverty,At-risk-of poverty rate for children,Lithuania,2021,17.2,,Total
Child poverty,At-risk-of poverty rate for children,Luxembourg,2021,27.8,b,Total
Child poverty,At-risk-of poverty rate for children,Hungary,2021,11.9,,Total
Child poverty,At-risk-of poverty rate for children,Malta,2021,19.6,,Total
Child poverty,At-risk-of poverty rate for children,Netherlands,2021,13.8,,Total
Child poverty,At-risk-of poverty rate for children,Austria,2021,19.9,,Total
Child poverty,At-risk-of poverty rate for children,Poland,2021,14.6,,Total
Child poverty,At-risk-of poverty rate for children,Portugal,2021,20.4,,Total
Child poverty,At-risk-of poverty rate for children,Romania,2021,29.7,,Total
Child poverty,At-risk-of poverty rate for children,Slovenia,2021,10.2,,Total
Child poverty,At-risk-of poverty rate for children,Slovakia,2021,17.6,,Total
Child poverty,At-risk-of poverty rate for children,Finland,2021,9.1,,Total
Child poverty,At-risk-of poverty rate for children,Sweden,2021,18.1,,Total
Child poverty,At-risk-of poverty rate for children,EU27,2022,19.3,,Total
Child poverty,At-risk-of poverty rate for children,Belgium,2022,14.1,,Total
Child poverty,At-risk-of poverty rate for children,Bulgaria,2022,25.9,,Total
Child poverty,At-risk-of poverty rate for children,Czechia,2022,11.8,,Total
Child poverty,At-risk-of poverty rate for children,Denmark,2022,10.1,,Total
Child poverty,At-risk-of poverty rate for children,Germany,2022,14.8,,Total
Child poverty,At-risk-of poverty rate for children,Estonia,2022,13.6,,Total
Child poverty,At-risk-of poverty rate for children,Ireland,2022,15.1,,Total
Child poverty,At-risk-of poverty rate for children,Greece,2022,22.4,,Total
Child poverty,At-risk-of poverty rate for children,Spain,2022,27.8,,Total
Child poverty,At-risk-of poverty rate for children,France,2022,21.7,b,Total
Child poverty,At-risk-of poverty rate for children,Croatia,2022,16,,Total
Child poverty,At-risk-of poverty rate for children,Italy,2022,25.4,,Total
Child poverty,At-risk-of poverty rate for children,Cyprus,2022,14.9,,Total
Child poverty,At-risk-of poverty rate for children,Latvia,2022,16.2,,Total
Child poverty,At-risk-of poverty rate for children,Lithuania,2022,17.8,,Total
Child poverty,At-risk-of poverty rate for children,Luxembourg,2022,22.5,b,Total
Child poverty,At-risk-of poverty rate for children,Hungary,2022,10.1,,Total
Child poverty,At-risk-of poverty rate for children,Malta,2022,19.3,,Total
Child poverty,At-risk-of poverty rate for children,Netherlands,2022,12.7,,Total
Child poverty,At-risk-of poverty rate for children,Austria,2022,19.2,,Total
Child poverty,At-risk-of poverty rate for children,Poland,2022,14.3,,Total
Child poverty,At-risk-of poverty rate for children,Portugal,2022,18.5,,Total
Child poverty,At-risk-of poverty rate for children,Romania,2022,27,,Total
Child poverty,At-risk-of poverty rate for children,Slovenia,2022,9.3,,Total
Child poverty,At-risk-of poverty rate for children,Slovakia,2022,22.1,,Total
Child poverty,At-risk-of poverty rate for children,Finland,2022,9.5,,Total
Child poverty,At-risk-of poverty rate for children,Sweden,2022,17.2,,Total
Child poverty,At-risk-of poverty rate for children,EU27,2023,:,,Total
Child poverty,At-risk-of poverty rate for children,Belgium,2023,13.2,,Total
Child poverty,At-risk-of poverty rate for children,Bulgaria,2023,26.9,,Total
Child poverty,At-risk-of poverty rate for children,Czechia,2023,:,,Total
Child poverty,At-risk-of poverty rate for children,Denmark,2023,:,,Total
Child poverty,At-risk-of poverty rate for children,Germany,2023,:,,Total
Child poverty,At-risk-of poverty rate for children,Estonia,2023,16,,Total
Child poverty,At-risk-of poverty rate for children,Ireland,2023,:,,Total
Child poverty,At-risk-of poverty rate for children,Greece,2023,:,,Total
Child poverty,At-risk-of poverty rate for children,Spain,2023,:,,Total
Child poverty,At-risk-of poverty rate for children,France,2023,:,,Total
Child poverty,At-risk-of poverty rate for children,Croatia,2023,:,,Total
Child poverty,At-risk-of poverty rate for children,Italy,2023,:,,Total
Child poverty,At-risk-of poverty rate for children,Cyprus,2023,:,,Total
Child poverty,At-risk-of poverty rate for children,Latvia,2023,16.1,,Total
Child poverty,At-risk-of poverty rate for children,Lithuania,2023,:,,Total
Child poverty,At-risk-of poverty rate for children,Luxembourg,2023,:,,Total
Child poverty,At-risk-of poverty rate for children,Hungary,2023,:,,Total
Child poverty,At-risk-of poverty rate for children,Malta,2023,:,,Total
Child poverty,At-risk-of poverty rate for children,Netherlands,2023,:,,Total
Child poverty,At-risk-of poverty rate for children,Austria,2023,:,,Total
Child poverty,At-risk-of poverty rate for children,Poland,2023,:,,Total
Child poverty,At-risk-of poverty rate for children,Portugal,2023,:,,Total
Child poverty,At-risk-of poverty rate for children,Romania,2023,:,,Total
Child poverty,At-risk-of poverty rate for children,Slovenia,2023,:,,Total
Child poverty,At-risk-of poverty rate for children,Slovakia,2023,:,,Total
Child poverty,At-risk-of poverty rate for children,Finland,2023,:,,Total
Child poverty,At-risk-of poverty rate for children,Sweden,2023,:,,Total
Child poverty,Severe material and social deprivation rate for children,EU27,2015,11.8,,Total
Child poverty,Severe material and social deprivation rate for children,Belgium,2015,9.9,,Total
Child poverty,Severe material and social deprivation rate for children,Bulgaria,2015,41.7,,Total
Child poverty,Severe material and social deprivation rate for children,Czechia,2015,6.4,,Total
Child poverty,Severe material and social deprivation rate for children,Denmark,2015,3.4,,Total
Child poverty,Severe material and social deprivation rate for children,Germany,2015,6.7,,Total
Child poverty,Severe material and social deprivation rate for children,Estonia,2015,2.9,,Total
Child poverty,Severe material and social deprivation rate for children,Ireland,2015,12.5,,Total
Child poverty,Severe material and social deprivation rate for children,Greece,2015,23.9,,Total
Child poverty,Severe material and social deprivation rate for children,Spain,2015,10.5,,Total
Child poverty,Severe material and social deprivation rate for children,France,2015,8.5,,Total
Child poverty,Severe material and social deprivation rate for children,Croatia,2015,8.1,,Total
Child poverty,Severe material and social deprivation rate for children,Italy,2015,15.8,,Total
Child poverty,Severe material and social deprivation rate for children,Cyprus,2015,10.4,,Total
Child poverty,Severe material and social deprivation rate for children,Latvia,2015,15.9,,Total
Child poverty,Severe material and social deprivation rate for children,Lithuania,2015,17.6,,Total
Child poverty,Severe material and social deprivation rate for children,Luxembourg,2015,3.8,,Total
Child poverty,Severe material and social deprivation rate for children,Hungary,2015,32.5,,Total
Child poverty,Severe material and social deprivation rate for children,Malta,2015,11.6,,Total
Child poverty,Severe material and social deprivation rate for children,Netherlands,2015,3,,Total
Child poverty,Severe material and social deprivation rate for children,Austria,2015,3.7,,Total
Child poverty,Severe material and social deprivation rate for children,Poland,2015,8.8,,Total
Child poverty,Severe material and social deprivation rate for children,Portugal,2015,14.2,,Total
Child poverty,Severe material and social deprivation rate for children,Romania,2015,40.2,,Total
Child poverty,Severe material and social deprivation rate for children,Slovenia,2015,4.4,,Total
Child poverty,Severe material and social deprivation rate for children,Slovakia,2015,12.3,,Total
Child poverty,Severe material and social deprivation rate for children,Finland,2015,0.9,,Total
Child poverty,Severe material and social deprivation rate for children,Sweden,2015,1.2,,Total
Child poverty,Severe material and social deprivation rate for children,EU27,2016,11.1,,Total
Child poverty,Severe material and social deprivation rate for children,Belgium,2016,11.1,,Total
Child poverty,Severe material and social deprivation rate for children,Bulgaria,2016,40.2,,Total
Child poverty,Severe material and social deprivation rate for children,Czechia,2016,4.3,,Total
Child poverty,Severe material and social deprivation rate for children,Denmark,2016,2.4,,Total
Child poverty,Severe material and social deprivation rate for children,Germany,2016,6.2,,Total
Child poverty,Severe material and social deprivation rate for children,Estonia,2016,1.6,,Total
Child poverty,Severe material and social deprivation rate for children,Ireland,2016,11.3,,Total
Child poverty,Severe material and social deprivation rate for children,Greece,2016,24.2,,Total
Child poverty,Severe material and social deprivation rate for children,Spain,2016,11.6,,Total
Child poverty,Severe material and social deprivation rate for children,France,2016,9.1,,Total
Child poverty,Severe material and social deprivation rate for children,Croatia,2016,6.5,,Total
Child poverty,Severe material and social deprivation rate for children,Italy,2016,12.6,,Total
Child poverty,Severe material and social deprivation rate for children,Cyprus,2016,9.5,,Total
Child poverty,Severe material and social deprivation rate for children,Latvia,2016,13.4,,Total
Child poverty,Severe material and social deprivation rate for children,Lithuania,2016,16.5,,Total
Child poverty,Severe material and social deprivation rate for children,Luxembourg,2016,2.6,,Total
Child poverty,Severe material and social deprivation rate for children,Hungary,2016,29.4,,Total
Child poverty,Severe material and social deprivation rate for children,Malta,2016,7.2,,Total
Child poverty,Severe material and social deprivation rate for children,Netherlands,2016,2.4,,Total
Child poverty,Severe material and social deprivation rate for children,Austria,2016,4.7,,Total
Child poverty,Severe material and social deprivation rate for children,Poland,2016,5.1,,Total
Child poverty,Severe material and social deprivation rate for children,Portugal,2016,11.8,,Total
Child poverty,Severe material and social deprivation rate for children,Romania,2016,43.5,,Total
Child poverty,Severe material and social deprivation rate for children,Slovenia,2016,3.6,,Total
Child poverty,Severe material and social deprivation rate for children,Slovakia,2016,10.5,,Total
Child poverty,Severe material and social deprivation rate for children,Finland,2016,0.7,,Total
Child poverty,Severe material and social deprivation rate for children,Sweden,2016,0.6,,Total
Child poverty,Severe material and social deprivation rate for children,EU27,2017,9.3,,Total
Child poverty,Severe material and social deprivation rate for children,Belgium,2017,9.7,,Total
Child poverty,Severe material and social deprivation rate for children,Bulgaria,2017,35.8,,Total
Child poverty,Severe material and social deprivation rate for children,Czechia,2017,4,,Total
Child poverty,Severe material and social deprivation rate for children,Denmark,2017,5.2,,Total
Child poverty,Severe material and social deprivation rate for children,Germany,2017,4.3,,Total
Child poverty,Severe material and social deprivation rate for children,Estonia,2017,3.3,,Total
Child poverty,Severe material and social deprivation rate for children,Ireland,2017,9.1,,Total
Child poverty,Severe material and social deprivation rate for children,Greece,2017,23.8,,Total
Child poverty,Severe material and social deprivation rate for children,Spain,2017,10.6,,Total
Child poverty,Severe material and social deprivation rate for children,France,2017,8.6,,Total
Child poverty,Severe material and social deprivation rate for children,Croatia,2017,6.2,,Total
Child poverty,Severe material and social deprivation rate for children,Italy,2017,7.4,,Total
Child poverty,Severe material and social deprivation rate for children,Cyprus,2017,8,,Total
Child poverty,Severe material and social deprivation rate for children,Latvia,2017,11.8,,Total
Child poverty,Severe material and social deprivation rate for children,Lithuania,2017,14.8,,Total
Child poverty,Severe material and social deprivation rate for children,Luxembourg,2017,2.3,,Total
Child poverty,Severe material and social deprivation rate for children,Hungary,2017,22.5,,Total
Child poverty,Severe material and social deprivation rate for children,Malta,2017,7.4,,Total
Child poverty,Severe material and social deprivation rate for children,Netherlands,2017,2.6,,Total
Child poverty,Severe material and social deprivation rate for children,Austria,2017,4.7,,Total
Child poverty,Severe material and social deprivation rate for children,Poland,2017,4.6,,Total
Child poverty,Severe material and social deprivation rate for children,Portugal,2017,8.6,,Total
Child poverty,Severe material and social deprivation rate for children,Romania,2017,37,,Total
Child poverty,Severe material and social deprivation rate for children,Slovenia,2017,3.4,,Total
Child poverty,Severe material and social deprivation rate for children,Slovakia,2017,9.3,,Total
Child poverty,Severe material and social deprivation rate for children,Finland,2017,1.6,,Total
Child poverty,Severe material and social deprivation rate for children,Sweden,2017,1.2,,Total
Child poverty,Severe material and social deprivation rate for children,EU27,2018,8.2,,Total
Child poverty,Severe material and social deprivation rate for children,Belgium,2018,9.2,,Total
Child poverty,Severe material and social deprivation rate for children,Bulgaria,2018,20.5,,Total
Child poverty,Severe material and social deprivation rate for children,Czechia,2018,2.9,,Total
Child poverty,Severe material and social deprivation rate for children,Denmark,2018,4.9,,Total
Child poverty,Severe material and social deprivation rate for children,Germany,2018,3.8,,Total
Child poverty,Severe material and social deprivation rate for children,Estonia,2018,2.4,,Total
Child poverty,Severe material and social deprivation rate for children,Ireland,2018,9,,Total
Child poverty,Severe material and social deprivation rate for children,Greece,2018,19.9,,Total
Child poverty,Severe material and social deprivation rate for children,Spain,2018,10.1,,Total
Child poverty,Severe material and social deprivation rate for children,France,2018,8.5,,Total
Child poverty,Severe material and social deprivation rate for children,Croatia,2018,5.6,,Total
Child poverty,Severe material and social deprivation rate for children,Italy,2018,7.1,,Total
Child poverty,Severe material and social deprivation rate for children,Cyprus,2018,5.9,,Total
Child poverty,Severe material and social deprivation rate for children,Latvia,2018,10.4,,Total
Child poverty,Severe material and social deprivation rate for children,Lithuania,2018,11.4,,Total
Child poverty,Severe material and social deprivation rate for children,Luxembourg,2018,1.9,,Total
Child poverty,Severe material and social deprivation rate for children,Hungary,2018,18.4,,Total
Child poverty,Severe material and social deprivation rate for children,Malta,2018,7.6,,Total
Child poverty,Severe material and social deprivation rate for children,Netherlands,2018,2.4,,Total
Child poverty,Severe material and social deprivation rate for children,Austria,2018,4.1,,Total
Child poverty,Severe material and social deprivation rate for children,Poland,2018,3.5,,Total
Child poverty,Severe material and social deprivation rate for children,Portugal,2018,7.1,,Total
Child poverty,Severe material and social deprivation rate for children,Romania,2018,31.5,,Total
Child poverty,Severe material and social deprivation rate for children,Slovenia,2018,2.1,,Total
Child poverty,Severe material and social deprivation rate for children,Slovakia,2018,7.9,,Total
Child poverty,Severe material and social deprivation rate for children,Finland,2018,2.2,,Total
Child poverty,Severe material and social deprivation rate for children,Sweden,2018,1.9,,Total
Child poverty,Severe material and social deprivation rate for children,EU27,2019,7.5,,Total
Child poverty,Severe material and social deprivation rate for children,Belgium,2019,8.4,,Total
Child poverty,Severe material and social deprivation rate for children,Bulgaria,2019,22.8,,Total
Child poverty,Severe material and social deprivation rate for children,Czechia,2019,2.7,,Total
Child poverty,Severe material and social deprivation rate for children,Denmark,2019,5.1,,Total
Child poverty,Severe material and social deprivation rate for children,Germany,2019,3.3,,Total
Child poverty,Severe material and social deprivation rate for children,Estonia,2019,2.1,,Total
Child poverty,Severe material and social deprivation rate for children,Ireland,2019,9.7,,Total
Child poverty,Severe material and social deprivation rate for children,Greece,2019,18.2,,Total
Child poverty,Severe material and social deprivation rate for children,Spain,2019,10.4,,Total
Child poverty,Severe material and social deprivation rate for children,France,2019,9.2,,Total
Child poverty,Severe material and social deprivation rate for children,Croatia,2019,3.2,,Total
Child poverty,Severe material and social deprivation rate for children,Italy,2019,5.8,,Total
Child poverty,Severe material and social deprivation rate for children,Cyprus,2019,5.8,,Total
Child poverty,Severe material and social deprivation rate for children,Latvia,2019,6.7,,Total
Child poverty,Severe material and social deprivation rate for children,Lithuania,2019,7.7,,Total
Child poverty,Severe material and social deprivation rate for children,Luxembourg,2019,1.7,,Total
Child poverty,Severe material and social deprivation rate for children,Hungary,2019,15.4,,Total
Child poverty,Severe material and social deprivation rate for children,Malta,2019,6.4,,Total
Child poverty,Severe material and social deprivation rate for children,Netherlands,2019,2.4,,Total
Child poverty,Severe material and social deprivation rate for children,Austria,2019,4.4,,Total
Child poverty,Severe material and social deprivation rate for children,Poland,2019,2.6,,Total
Child poverty,Severe material and social deprivation rate for children,Portugal,2019,5.8,,Total
Child poverty,Severe material and social deprivation rate for children,Romania,2019,25.8,,Total
Child poverty,Severe material and social deprivation rate for children,Slovenia,2019,1.2,,Total
Child poverty,Severe material and social deprivation rate for children,Slovakia,2019,7.4,,Total
Child poverty,Severe material and social deprivation rate for children,Finland,2019,1.8,,Total
Child poverty,Severe material and social deprivation rate for children,Sweden,2019,2.5,,Total
Child poverty,Severe material and social deprivation rate for children,EU27,2020,8.3,,Total
Child poverty,Severe material and social deprivation rate for children,Belgium,2020,8.1,,Total
Child poverty,Severe material and social deprivation rate for children,Bulgaria,2020,24.8,,Total
Child poverty,Severe material and social deprivation rate for children,Czechia,2020,2.7,,Total
Child poverty,Severe material and social deprivation rate for children,Denmark,2020,4.7,,Total
Child poverty,Severe material and social deprivation rate for children,Germany,2020,5.9,b,Total
Child poverty,Severe material and social deprivation rate for children,Estonia,2020,2,,Total
Child poverty,Severe material and social deprivation rate for children,Ireland,2020,7.2,b,Total
Child poverty,Severe material and social deprivation rate for children,Greece,2020,19,,Total
Child poverty,Severe material and social deprivation rate for children,Spain,2020,10.5,,Total
Child poverty,Severe material and social deprivation rate for children,France,2020,9.3,b,Total
Child poverty,Severe material and social deprivation rate for children,Croatia,2020,2.7,,Total
Child poverty,Severe material and social deprivation rate for children,Italy,2020,7.1,,Total
Child poverty,Severe material and social deprivation rate for children,Cyprus,2020,6.4,,Total
Child poverty,Severe material and social deprivation rate for children,Latvia,2020,6.7,,Total
Child poverty,Severe material and social deprivation rate for children,Lithuania,2020,8.4,,Total
Child poverty,Severe material and social deprivation rate for children,Luxembourg,2020,2.8,b,Total
Child poverty,Severe material and social deprivation rate for children,Hungary,2020,16.6,,Total
Child poverty,Severe material and social deprivation rate for children,Malta,2020,6.7,,Total
Child poverty,Severe material and social deprivation rate for children,Netherlands,2020,2,,Total
Child poverty,Severe material and social deprivation rate for children,Austria,2020,5.5,,Total
Child poverty,Severe material and social deprivation rate for children,Poland,2020,2.5,,Total
Child poverty,Severe material and social deprivation rate for children,Portugal,2020,5.4,,Total
Child poverty,Severe material and social deprivation rate for children,Romania,2020,29.7,,Total
Child poverty,Severe material and social deprivation rate for children,Slovenia,2020,2,,Total
Child poverty,Severe material and social deprivation rate for children,Slovakia,2020,4.9,,Total
Child poverty,Severe material and social deprivation rate for children,Finland,2020,1.6,,Total
Child poverty,Severe material and social deprivation rate for children,Sweden,2020,3.3,,Total
Child poverty,Severe material and social deprivation rate for children,EU27,2021,7.5,,Total
Child poverty,Severe material and social deprivation rate for children,Belgium,2021,8.6,,Total
Child poverty,Severe material and social deprivation rate for children,Bulgaria,2021,20,,Total
Child poverty,Severe material and social deprivation rate for children,Czechia,2021,2.8,,Total
Child poverty,Severe material and social deprivation rate for children,Denmark,2021,3.3,,Total
Child poverty,Severe material and social deprivation rate for children,Germany,2021,5.5,,Total
Child poverty,Severe material and social deprivation rate for children,Estonia,2021,1.7,,Total
Child poverty,Severe material and social deprivation rate for children,Ireland,2021,7.1,,Total
Child poverty,Severe material and social deprivation rate for children,Greece,2021,16.1,,Total
Child poverty,Severe material and social deprivation rate for children,Spain,2021,10.8,,Total
Child poverty,Severe material and social deprivation rate for children,France,2021,6.9,,Total
Child poverty,Severe material and social deprivation rate for children,Croatia,2021,2.6,,Total
Child poverty,Severe material and social deprivation rate for children,Italy,2021,7.1,,Total
Child poverty,Severe material and social deprivation rate for children,Cyprus,2021,4.2,,Total
Child poverty,Severe material and social deprivation rate for children,Latvia,2021,4.7,,Total
Child poverty,Severe material and social deprivation rate for children,Lithuania,2021,6.7,,Total
Child poverty,Severe material and social deprivation rate for children,Luxembourg,2021,3.7,b,Total
Child poverty,Severe material and social deprivation rate for children,Hungary,2021,15.2,,Total
Child poverty,Severe material and social deprivation rate for children,Malta,2021,7.2,,Total
Child poverty,Severe material and social deprivation rate for children,Netherlands,2021,1.7,,Total
Child poverty,Severe material and social deprivation rate for children,Austria,2021,2.7,,Total
Child poverty,Severe material and social deprivation rate for children,Poland,2021,2.5,,Total
Child poverty,Severe material and social deprivation rate for children,Portugal,2021,4.9,,Total
Child poverty,Severe material and social deprivation rate for children,Romania,2021,28.2,,Total
Child poverty,Severe material and social deprivation rate for children,Slovenia,2021,1.1,,Total
Child poverty,Severe material and social deprivation rate for children,Slovakia,2021,7.4,,Total
Child poverty,Severe material and social deprivation rate for children,Finland,2021,0.7,,Total
Child poverty,Severe material and social deprivation rate for children,Sweden,2021,1.7,,Total
Child poverty,Severe material and social deprivation rate for children,EU27,2022,8.4,,Total
Child poverty,Severe material and social deprivation rate for children,Belgium,2022,7.7,,Total
Child poverty,Severe material and social deprivation rate for children,Bulgaria,2022,19.2,,Total
Child poverty,Severe material and social deprivation rate for children,Czechia,2022,3.2,,Total
Child poverty,Severe material and social deprivation rate for children,Denmark,2022,2.8,,Total
Child poverty,Severe material and social deprivation rate for children,Germany,2022,8.4,,Total
Child poverty,Severe material and social deprivation rate for children,Estonia,2022,2.6,,Total
Child poverty,Severe material and social deprivation rate for children,Ireland,2022,7.4,,Total
Child poverty,Severe material and social deprivation rate for children,Greece,2022,15.5,,Total
Child poverty,Severe material and social deprivation rate for children,Spain,2022,10.3,,Total
Child poverty,Severe material and social deprivation rate for children,France,2022,10.7,b,Total
Child poverty,Severe material and social deprivation rate for children,Croatia,2022,3.5,,Total
Child poverty,Severe material and social deprivation rate for children,Italy,2022,4.7,,Total
Child poverty,Severe material and social deprivation rate for children,Cyprus,2022,4.4,,Total
Child poverty,Severe material and social deprivation rate for children,Latvia,2022,5.9,,Total
Child poverty,Severe material and social deprivation rate for children,Lithuania,2022,5.2,,Total
Child poverty,Severe material and social deprivation rate for children,Luxembourg,2022,3.1,b,Total
Child poverty,Severe material and social deprivation rate for children,Hungary,2022,12,,Total
Child poverty,Severe material and social deprivation rate for children,Malta,2022,6.5,,Total
Child poverty,Severe material and social deprivation rate for children,Netherlands,2022,2.4,,Total
Child poverty,Severe material and social deprivation rate for children,Austria,2022,2.2,,Total
Child poverty,Severe material and social deprivation rate for children,Poland,2022,2.3,,Total
Child poverty,Severe material and social deprivation rate for children,Portugal,2022,4.9,,Total
Child poverty,Severe material and social deprivation rate for children,Romania,2022,30.8,,Total
Child poverty,Severe material and social deprivation rate for children,Slovenia,2022,1.8,,Total
Child poverty,Severe material and social deprivation rate for children,Slovakia,2022,10.8,,Total
Child poverty,Severe material and social deprivation rate for children,Finland,2022,1.7,,Total
Child poverty,Severe material and social deprivation rate for children,Sweden,2022,3,,Total
Child poverty,Severe material and social deprivation rate for children,EU27,2023,:,,Total
Child poverty,Severe material and social deprivation rate for children,Belgium,2023,7.6,,Total
Child poverty,Severe material and social deprivation rate for children,Bulgaria,2023,19,,Total
Child poverty,Severe material and social deprivation rate for children,Czechia,2023,:,,Total
Child poverty,Severe material and social deprivation rate for children,Denmark,2023,:,,Total
Child poverty,Severe material and social deprivation rate for children,Germany,2023,:,,Total
Child poverty,Severe material and social deprivation rate for children,Estonia,2023,3.3,,Total
Child poverty,Severe material and social deprivation rate for children,Ireland,2023,:,,Total
Child poverty,Severe material and social deprivation rate for children,Greece,2023,:,,Total
Child poverty,Severe material and social deprivation rate for children,Spain,2023,:,,Total
Child poverty,Severe material and social deprivation rate for children,France,2023,:,,Total
Child poverty,Severe material and social deprivation rate for children,Croatia,2023,:,,Total
Child poverty,Severe material and social deprivation rate for children,Italy,2023,:,,Total
Child poverty,Severe material and social deprivation rate for children,Cyprus,2023,:,,Total
Child poverty,Severe material and social deprivation rate for children,Latvia,2023,5.3,,Total
Child poverty,Severe material and social deprivation rate for children,Lithuania,2023,:,,Total
Child poverty,Severe material and social deprivation rate for children,Luxembourg,2023,:,,Total
Child poverty,Severe material and social deprivation rate for children,Hungary,2023,:,,Total
Child poverty,Severe material and social deprivation rate for children,Malta,2023,:,,Total
Child poverty,Severe material and social deprivation rate for children,Netherlands,2023,:,,Total
Child poverty,Severe material and social deprivation rate for children,Austria,2023,:,,Total
Child poverty,Severe material and social deprivation rate for children,Poland,2023,:,,Total
Child poverty,Severe material and social deprivation rate for children,Portugal,2023,:,,Total
Child poverty,Severe material and social deprivation rate for children,Romania,2023,:,,Total
Child poverty,Severe material and social deprivation rate for children,Slovenia,2023,:,,Total
Child poverty,Severe material and social deprivation rate for children,Slovakia,2023,:,,Total
Child poverty,Severe material and social deprivation rate for children,Finland,2023,:,,Total
Child poverty,Severe material and social deprivation rate for children,Sweden,2023,:,,Total
Child poverty,Children living in households with very low work intensity,EU27,2015,8.4,,Total
Child poverty,Children living in households with very low work intensity,Belgium,2015,13.7,,Total
Child poverty,Children living in households with very low work intensity,Bulgaria,2015,14.1,,Total
Child poverty,Children living in households with very low work intensity,Czechia,2015,8.3,,Total
Child poverty,Children living in households with very low work intensity,Denmark,2015,7.3,,Total
Child poverty,Children living in households with very low work intensity,Germany,2015,6.9,,Total
Child poverty,Children living in households with very low work intensity,Estonia,2015,5.1,,Total
Child poverty,Children living in households with very low work intensity,Ireland,2015,19.2,,Total
Child poverty,Children living in households with very low work intensity,Greece,2015,10.6,,Total
Child poverty,Children living in households with very low work intensity,Spain,2015,11.9,,Total
Child poverty,Children living in households with very low work intensity,France,2015,7.5,,Total
Child poverty,Children living in households with very low work intensity,Croatia,2015,12.6,,Total
Child poverty,Children living in households with very low work intensity,Italy,2015,8.5,,Total
Child poverty,Children living in households with very low work intensity,Cyprus,2015,9.1,,Total
Child poverty,Children living in households with very low work intensity,Latvia,2015,7.6,,Total
Child poverty,Children living in households with very low work intensity,Lithuania,2015,8.7,,Total
Child poverty,Children living in households with very low work intensity,Luxembourg,2015,2.7,,Total
Child poverty,Children living in households with very low work intensity,Hungary,2015,11,,Total
Child poverty,Children living in households with very low work intensity,Malta,2015,10.6,,Total
Child poverty,Children living in households with very low work intensity,Netherlands,2015,6.4,,Total
Child poverty,Children living in households with very low work intensity,Austria,2015,7.4,,Total
Child poverty,Children living in households with very low work intensity,Poland,2015,5,,Total
Child poverty,Children living in households with very low work intensity,Portugal,2015,8.7,,Total
Child poverty,Children living in households with very low work intensity,Romania,2015,7.6,,Total
Child poverty,Children living in households with very low work intensity,Slovenia,2015,3.8,,Total
Child poverty,Children living in households with very low work intensity,Slovakia,2015,8.1,,Total
Child poverty,Children living in households with very low work intensity,Finland,2015,7.2,,Total
Child poverty,Children living in households with very low work intensity,Sweden,2015,8.4,,Total
Child poverty,Children living in households with very low work intensity,EU27,2016,8.6,,Total
Child poverty,Children living in households with very low work intensity,Belgium,2016,13.2,,Total
Child poverty,Children living in households with very low work intensity,Bulgaria,2016,14.9,,Total
Child poverty,Children living in households with very low work intensity,Czechia,2016,8.3,,Total
Child poverty,Children living in households with very low work intensity,Denmark,2016,6.5,,Total
Child poverty,Children living in households with very low work intensity,Germany,2016,8.2,,Total
Child poverty,Children living in households with very low work intensity,Estonia,2016,3.7,,Total
Child poverty,Children living in households with very low work intensity,Ireland,2016,19.2,,Total
Child poverty,Children living in households with very low work intensity,Greece,2016,10.8,,Total
Child poverty,Children living in households with very low work intensity,Spain,2016,11.5,,Total
Child poverty,Children living in households with very low work intensity,France,2016,7.6,,Total
Child poverty,Children living in households with very low work intensity,Croatia,2016,10.8,,Total
Child poverty,Children living in households with very low work intensity,Italy,2016,9,,Total
Child poverty,Children living in households with very low work intensity,Cyprus,2016,8.8,,Total
Child poverty,Children living in households with very low work intensity,Latvia,2016,6.3,,Total
Child poverty,Children living in households with very low work intensity,Lithuania,2016,9.8,,Total
Child poverty,Children living in households with very low work intensity,Luxembourg,2016,3.5,,Total
Child poverty,Children living in households with very low work intensity,Hungary,2016,9,,Total
Child poverty,Children living in households with very low work intensity,Malta,2016,7.6,,Total
Child poverty,Children living in households with very low work intensity,Netherlands,2016,7.8,,Total
Child poverty,Children living in households with very low work intensity,Austria,2016,6.6,,Total
Child poverty,Children living in households with very low work intensity,Poland,2016,5,,Total
Child poverty,Children living in households with very low work intensity,Portugal,2016,6.4,,Total
Child poverty,Children living in households with very low work intensity,Romania,2016,8.1,,Total
Child poverty,Children living in households with very low work intensity,Slovenia,2016,3.4,,Total
Child poverty,Children living in households with very low work intensity,Slovakia,2016,8.6,,Total
Child poverty,Children living in households with very low work intensity,Finland,2016,8.2,,Total
Child poverty,Children living in households with very low work intensity,Sweden,2016,8.1,,Total
Child poverty,Children living in households with very low work intensity,EU27,2017,7.6,,Total
Child poverty,Children living in households with very low work intensity,Belgium,2017,13.2,,Total
Child poverty,Children living in households with very low work intensity,Bulgaria,2017,13.8,,Total
Child poverty,Children living in households with very low work intensity,Czechia,2017,6.2,,Total
Child poverty,Children living in households with very low work intensity,Denmark,2017,6.6,,Total
Child poverty,Children living in households with very low work intensity,Germany,2017,6.8,,Total
Child poverty,Children living in households with very low work intensity,Estonia,2017,3.9,,Total
Child poverty,Children living in households with very low work intensity,Ireland,2017,17.4,,Total
Child poverty,Children living in households with very low work intensity,Greece,2017,9.5,,Total
Child poverty,Children living in households with very low work intensity,Spain,2017,9.7,,Total
Child poverty,Children living in households with very low work intensity,France,2017,7.5,,Total
Child poverty,Children living in households with very low work intensity,Croatia,2017,10.8,,Total
Child poverty,Children living in households with very low work intensity,Italy,2017,7.8,,Total
Child poverty,Children living in households with very low work intensity,Cyprus,2017,7.5,,Total
Child poverty,Children living in households with very low work intensity,Latvia,2017,6.5,,Total
Child poverty,Children living in households with very low work intensity,Lithuania,2017,9.5,,Total
Child poverty,Children living in households with very low work intensity,Luxembourg,2017,3.9,,Total
Child poverty,Children living in households with very low work intensity,Hungary,2017,7.4,,Total
Child poverty,Children living in households with very low work intensity,Malta,2017,7.8,,Total
Child poverty,Children living in households with very low work intensity,Netherlands,2017,6.6,,Total
Child poverty,Children living in households with very low work intensity,Austria,2017,7.8,,Total
Child poverty,Children living in households with very low work intensity,Poland,2017,4.1,,Total
Child poverty,Children living in households with very low work intensity,Portugal,2017,6,,Total
Child poverty,Children living in households with very low work intensity,Romania,2017,5.8,,Total
Child poverty,Children living in households with very low work intensity,Slovenia,2017,3.3,,Total
Child poverty,Children living in households with very low work intensity,Slovakia,2017,7.3,,Total
Child poverty,Children living in households with very low work intensity,Finland,2017,8.6,,Total
Child poverty,Children living in households with very low work intensity,Sweden,2017,8,,Total
Child poverty,Children living in households with very low work intensity,EU27,2018,7,,Total
Child poverty,Children living in households with very low work intensity,Belgium,2018,12.2,,Total
Child poverty,Children living in households with very low work intensity,Bulgaria,2018,10.6,,Total
Child poverty,Children living in households with very low work intensity,Czechia,2018,4.6,,Total
Child poverty,Children living in households with very low work intensity,Denmark,2018,7.2,,Total
Child poverty,Children living in households with very low work intensity,Germany,2018,6,,Total
Child poverty,Children living in households with very low work intensity,Estonia,2018,3.8,,Total
Child poverty,Children living in households with very low work intensity,Ireland,2018,14.7,,Total
Child poverty,Children living in households with very low work intensity,Greece,2018,9,,Total
Child poverty,Children living in households with very low work intensity,Spain,2018,7.3,,Total
Child poverty,Children living in households with very low work intensity,France,2018,7.5,,Total
Child poverty,Children living in households with very low work intensity,Croatia,2018,8.8,,Total
Child poverty,Children living in households with very low work intensity,Italy,2018,7.1,,Total
Child poverty,Children living in households with very low work intensity,Cyprus,2018,8.6,,Total
Child poverty,Children living in households with very low work intensity,Latvia,2018,6,,Total
Child poverty,Children living in households with very low work intensity,Lithuania,2018,10.4,,Total
Child poverty,Children living in households with very low work intensity,Luxembourg,2018,3.9,,Total
Child poverty,Children living in households with very low work intensity,Hungary,2018,4.7,,Total
Child poverty,Children living in households with very low work intensity,Malta,2018,6.3,,Total
Child poverty,Children living in households with very low work intensity,Netherlands,2018,5.8,,Total
Child poverty,Children living in households with very low work intensity,Austria,2018,6.2,,Total
Child poverty,Children living in households with very low work intensity,Poland,2018,4.3,,Total
Child poverty,Children living in households with very low work intensity,Portugal,2018,5.5,,Total
Child poverty,Children living in households with very low work intensity,Romania,2018,7.1,,Total
Child poverty,Children living in households with very low work intensity,Slovenia,2018,2.3,,Total
Child poverty,Children living in households with very low work intensity,Slovakia,2018,6.3,,Total
Child poverty,Children living in households with very low work intensity,Finland,2018,8.6,,Total
Child poverty,Children living in households with very low work intensity,Sweden,2018,9.2,,Total
Child poverty,Children living in households with very low work intensity,EU27,2019,6.4,,Total
Child poverty,Children living in households with very low work intensity,Belgium,2019,10.5,,Total
Child poverty,Children living in households with very low work intensity,Bulgaria,2019,11.3,,Total
Child poverty,Children living in households with very low work intensity,Czechia,2019,3.7,,Total
Child poverty,Children living in households with very low work intensity,Denmark,2019,5,,Total
Child poverty,Children living in households with very low work intensity,Germany,2019,5.1,,Total
Child poverty,Children living in households with very low work intensity,Estonia,2019,3.6,,Total
Child poverty,Children living in households with very low work intensity,Ireland,2019,14.8,,Total
Child poverty,Children living in households with very low work intensity,Greece,2019,7.9,,Total
Child poverty,Children living in households with very low work intensity,Spain,2019,8.1,,Total
Child poverty,Children living in households with very low work intensity,France,2019,7.1,,Total
Child poverty,Children living in households with very low work intensity,Croatia,2019,6.6,,Total
Child poverty,Children living in households with very low work intensity,Italy,2019,6.2,,Total
Child poverty,Children living in households with very low work intensity,Cyprus,2019,5.4,,Total
Child poverty,Children living in households with very low work intensity,Latvia,2019,5.6,,Total
Child poverty,Children living in households with very low work intensity,Lithuania,2019,7.5,,Total
Child poverty,Children living in households with very low work intensity,Luxembourg,2019,4.7,,Total
Child poverty,Children living in households with very low work intensity,Hungary,2019,4.6,,Total
Child poverty,Children living in households with very low work intensity,Malta,2019,5.3,,Total
Child poverty,Children living in households with very low work intensity,Netherlands,2019,6.6,,Total
Child poverty,Children living in households with very low work intensity,Austria,2019,7.7,,Total
Child poverty,Children living in households with very low work intensity,Poland,2019,3.6,,Total
Child poverty,Children living in households with very low work intensity,Portugal,2019,5.2,,Total
Child poverty,Children living in households with very low work intensity,Romania,2019,5,,Total
Child poverty,Children living in households with very low work intensity,Slovenia,2019,2.6,,Total
Child poverty,Children living in households with very low work intensity,Slovakia,2019,6.8,,Total
Child poverty,Children living in households with very low work intensity,Finland,2019,6.8,b,Total
Child poverty,Children living in households with very low work intensity,Sweden,2019,9.2,,Total
Child poverty,Children living in households with very low work intensity,EU27,2020,7.6,,Total
Child poverty,Children living in households with very low work intensity,Belgium,2020,10.8,,Total
Child poverty,Children living in households with very low work intensity,Bulgaria,2020,10.7,,Total
Child poverty,Children living in households with very low work intensity,Czechia,2020,4.1,,Total
Child poverty,Children living in households with very low work intensity,Denmark,2020,5.8,,Total
Child poverty,Children living in households with very low work intensity,Germany,2020,9.4,b,Total
Child poverty,Children living in households with very low work intensity,Estonia,2020,3.1,,Total
Child poverty,Children living in households with very low work intensity,Ireland,2020,12.4,b,Total
Child poverty,Children living in households with very low work intensity,Greece,2020,7.7,,Total
Child poverty,Children living in households with very low work intensity,Spain,2020,7.1,,Total
Child poverty,Children living in households with very low work intensity,France,2020,9.7,b,Total
Child poverty,Children living in households with very low work intensity,Croatia,2020,6.7,,Total
Child poverty,Children living in households with very low work intensity,Italy,2020,7.4,,Total
Child poverty,Children living in households with very low work intensity,Cyprus,2020,3.9,,Total
Child poverty,Children living in households with very low work intensity,Latvia,2020,7,,Total
Child poverty,Children living in households with very low work intensity,Lithuania,2020,6.7,,Total
Child poverty,Children living in households with very low work intensity,Luxembourg,2020,5.4,b,Total
Child poverty,Children living in households with very low work intensity,Hungary,2020,5.3,,Total
Child poverty,Children living in households with very low work intensity,Malta,2020,6.1,,Total
Child poverty,Children living in households with very low work intensity,Netherlands,2020,7.2,,Total
Child poverty,Children living in households with very low work intensity,Austria,2020,6.5,,Total
Child poverty,Children living in households with very low work intensity,Poland,2020,3.2,,Total
Child poverty,Children living in households with very low work intensity,Portugal,2020,3.8,,Total
Child poverty,Children living in households with very low work intensity,Romania,2020,5.7,,Total
Child poverty,Children living in households with very low work intensity,Slovenia,2020,2.2,,Total
Child poverty,Children living in households with very low work intensity,Slovakia,2020,3.9,,Total
Child poverty,Children living in households with very low work intensity,Finland,2020,7.6,,Total
Child poverty,Children living in households with very low work intensity,Sweden,2020,8.8,,Total
Child poverty,Children living in households with very low work intensity,EU27,2021,8.3,,Total
Child poverty,Children living in households with very low work intensity,Belgium,2021,9.7,,Total
Child poverty,Children living in households with very low work intensity,Bulgaria,2021,10.6,,Total
Child poverty,Children living in households with very low work intensity,Czechia,2021,6.4,,Total
Child poverty,Children living in households with very low work intensity,Denmark,2021,5.7,,Total
Child poverty,Children living in households with very low work intensity,Germany,2021,10.8,,Total
Child poverty,Children living in households with very low work intensity,Estonia,2021,3.9,,Total
Child poverty,Children living in households with very low work intensity,Ireland,2021,13.6,,Total
Child poverty,Children living in households with very low work intensity,Greece,2021,7.5,,Total
Child poverty,Children living in households with very low work intensity,Spain,2021,9.1,,Total
Child poverty,Children living in households with very low work intensity,France,2021,11.5,,Total
Child poverty,Children living in households with very low work intensity,Croatia,2021,6.2,,Total
Child poverty,Children living in households with very low work intensity,Italy,2021,8.2,,Total
Child poverty,Children living in households with very low work intensity,Cyprus,2021,4.8,,Total
Child poverty,Children living in households with very low work intensity,Latvia,2021,6,,Total
Child poverty,Children living in households with very low work intensity,Lithuania,2021,8.1,,Total
Child poverty,Children living in households with very low work intensity,Luxembourg,2021,4.1,b,Total
Child poverty,Children living in households with very low work intensity,Hungary,2021,6,,Total
Child poverty,Children living in households with very low work intensity,Malta,2021,6.5,,Total
Child poverty,Children living in households with very low work intensity,Netherlands,2021,7,,Total
Child poverty,Children living in households with very low work intensity,Austria,2021,6.9,,Total
Child poverty,Children living in households with very low work intensity,Poland,2021,2.9,,Total
Child poverty,Children living in households with very low work intensity,Portugal,2021,4.1,,Total
Child poverty,Children living in households with very low work intensity,Romania,2021,3.2,,Total
Child poverty,Children living in households with very low work intensity,Slovenia,2021,1.7,,Total
Child poverty,Children living in households with very low work intensity,Slovakia,2021,4.7,,Total
Child poverty,Children living in households with very low work intensity,Finland,2021,6.8,,Total
Child poverty,Children living in households with very low work intensity,Sweden,2021,8.5,,Total
Child poverty,Children living in households with very low work intensity,EU27,2022,7.6,,Total
Child poverty,Children living in households with very low work intensity,Belgium,2022,9.7,,Total
Child poverty,Children living in households with very low work intensity,Bulgaria,2022,10.6,,Total
Child poverty,Children living in households with very low work intensity,Czechia,2022,5.4,,Total
Child poverty,Children living in households with very low work intensity,Denmark,2022,4.6,,Total
Child poverty,Children living in households with very low work intensity,Germany,2022,10.8,,Total
Child poverty,Children living in households with very low work intensity,Estonia,2022,3.6,,Total
Child poverty,Children living in households with very low work intensity,Ireland,2022,10.9,,Total
Child poverty,Children living in households with very low work intensity,Greece,2022,4.7,,Total
Child poverty,Children living in households with very low work intensity,Spain,2022,6.5,,Total
Child poverty,Children living in households with very low work intensity,France,2022,10.7,b,Total
Child poverty,Children living in households with very low work intensity,Croatia,2022,5.7,,Total
Child poverty,Children living in households with very low work intensity,Italy,2022,6.2,,Total
Child poverty,Children living in households with very low work intensity,Cyprus,2022,2.5,,Total
Child poverty,Children living in households with very low work intensity,Latvia,2022,6.4,,Total
Child poverty,Children living in households with very low work intensity,Lithuania,2022,8.6,,Total
Child poverty,Children living in households with very low work intensity,Luxembourg,2022,2,b,Total
Child poverty,Children living in households with very low work intensity,Hungary,2022,5.2,,Total
Child poverty,Children living in households with very low work intensity,Malta,2022,4.4,,Total
Child poverty,Children living in households with very low work intensity,Netherlands,2022,6.7,,Total
Child poverty,Children living in households with very low work intensity,Austria,2022,4.7,,Total
Child poverty,Children living in households with very low work intensity,Poland,2022,3.1,,Total
Child poverty,Children living in households with very low work intensity,Portugal,2022,5.3,,Total
Child poverty,Children living in households with very low work intensity,Romania,2022,4.7,,Total
Child poverty,Children living in households with very low work intensity,Slovenia,2022,2.4,,Total
Child poverty,Children living in households with very low work intensity,Slovakia,2022,4.8,,Total
Child poverty,Children living in households with very low work intensity,Finland,2022,8.5,b,Total
Child poverty,Children living in households with very low work intensity,Sweden,2022,7.4,,Total
Child poverty,Children living in households with very low work intensity,EU27,2023,:,,Total
Child poverty,Children living in households with very low work intensity,Belgium,2023,8.8,,Total
Child poverty,Children living in households with very low work intensity,Bulgaria,2023,8.3,,Total
Child poverty,Children living in households with very low work intensity,Czechia,2023,:,,Total
Child poverty,Children living in households with very low work intensity,Denmark,2023,:,,Total
Child poverty,Children living in households with very low work intensity,Germany,2023,:,,Total
Child poverty,Children living in households with very low work intensity,Estonia,2023,4.3,,Total
Child poverty,Children living in households with very low work intensity,Ireland,2023,:,,Total
Child poverty,Children living in households with very low work intensity,Greece,2023,:,,Total
Child poverty,Children living in households with very low work intensity,Spain,2023,:,,Total
Child poverty,Children living in households with very low work intensity,France,2023,:,,Total
Child poverty,Children living in households with very low work intensity,Croatia,2023,:,,Total
Child poverty,Children living in households with very low work intensity,Italy,2023,:,,Total
Child poverty,Children living in households with very low work intensity,Cyprus,2023,:,,Total
Child poverty,Children living in households with very low work intensity,Latvia,2023,6.2,,Total
Child poverty,Children living in households with very low work intensity,Lithuania,2023,:,,Total
Child poverty,Children living in households with very low work intensity,Luxembourg,2023,:,,Total
Child poverty,Children living in households with very low work intensity,Hungary,2023,:,,Total
Child poverty,Children living in households with very low work intensity,Malta,2023,:,,Total
Child poverty,Children living in households with very low work intensity,Netherlands,2023,:,,Total
Child poverty,Children living in households with very low work intensity,Austria,2023,:,,Total
Child poverty,Children living in households with very low work intensity,Poland,2023,:,,Total
Child poverty,Children living in households with very low work intensity,Portugal,2023,:,,Total
Child poverty,Children living in households with very low work intensity,Romania,2023,:,,Total
Child poverty,Children living in households with very low work intensity,Slovenia,2023,:,,Total
Child poverty,Children living in households with very low work intensity,Slovakia,2023,:,,Total
Child poverty,Children living in households with very low work intensity,Finland,2023,:,,Total
Child poverty,Children living in households with very low work intensity,Sweden,2023,:,,Total
Child poverty,Relative median at-risk-of-poverty risk gap,EU27,2015,27.5,e,Total
Child poverty,Relative median at-risk-of-poverty risk gap,Belgium,2015,18,,Total
Child poverty,Relative median at-risk-of-poverty risk gap,Bulgaria,2015,37.8,,Total
Child poverty,Relative median at-risk-of-poverty risk gap,Czechia,2015,24.9,,Total
Child poverty,Relative median at-risk-of-poverty risk gap,Denmark,2015,25.1,,Total
Child poverty,Relative median at-risk-of-poverty risk gap,Germany,2015,18.2,,Total
Child poverty,Relative median at-risk-of-poverty risk gap,Estonia,2015,31,,Total
Child poverty,Relative median at-risk-of-poverty risk gap,Ireland,2015,17,,Total
Child poverty,Relative median at-risk-of-poverty risk gap,Greece,2015,34.5,,Total
Child poverty,Relative median at-risk-of-poverty risk gap,Spain,2015,40,,Total
Child poverty,Relative median at-risk-of-poverty risk gap,France,2015,15.3,,Total
Child poverty,Relative median at-risk-of-poverty risk gap,Croatia,2015,26.8,,Total
Child poverty,Relative median at-risk-of-poverty risk gap,Italy,2015,33.2,,Total
Child poverty,Relative median at-risk-of-poverty risk gap,Cyprus,2015,22.2,,Total
Child poverty,Relative median at-risk-of-poverty risk gap,Latvia,2015,34.2,,Total
Child poverty,Relative median at-risk-of-poverty risk gap,Lithuania,2015,27.7,,Total
Child poverty,Relative median at-risk-of-poverty risk gap,Luxembourg,2015,16.7,,Total
Child poverty,Relative median at-risk-of-poverty risk gap,Hungary,2015,22.5,,Total
Child poverty,Relative median at-risk-of-poverty risk gap,Malta,2015,21,,Total
Child poverty,Relative median at-risk-of-poverty risk gap,Netherlands,2015,14.3,,Total
Child poverty,Relative median at-risk-of-poverty risk gap,Austria,2015,20.5,,Total
Child poverty,Relative median at-risk-of-poverty risk gap,Poland,2015,22.8,,Total
Child poverty,Relative median at-risk-of-poverty risk gap,Portugal,2015,31.4,,Total
Child poverty,Relative median at-risk-of-poverty risk gap,Romania,2015,43.1,,Total
Child poverty,Relative median at-risk-of-poverty risk gap,Slovenia,2015,20.8,,Total
Child poverty,Relative median at-risk-of-poverty risk gap,Slovakia,2015,29.9,,Total
Child poverty,Relative median at-risk-of-poverty risk gap,Finland,2015,11.3,,Total
Child poverty,Relative median at-risk-of-poverty risk gap,Sweden,2015,20.5,,Total
Child poverty,Relative median at-risk-of-poverty risk gap,EU27,2016,27,e,Total
Child poverty,Relative median at-risk-of-poverty risk gap,Belgium,2016,18.6,,Total
Child poverty,Relative median at-risk-of-poverty risk gap,Bulgaria,2016,42.9,b,Total
Child poverty,Relative median at-risk-of-poverty risk gap,Czechia,2016,25.9,,Total
Child poverty,Relative median at-risk-of-poverty risk gap,Denmark,2016,21.5,,Total
Child poverty,Relative median at-risk-of-poverty risk gap,Germany,2016,16.8,,Total
Child poverty,Relative median at-risk-of-poverty risk gap,Estonia,2016,24.6,,Total
Child poverty,Relative median at-risk-of-poverty risk gap,Ireland,2016,19.4,,Total
Child poverty,Relative median at-risk-of-poverty risk gap,Greece,2016,33.3,,Total
Child poverty,Relative median at-risk-of-poverty risk gap,Spain,2016,35.9,,Total
Child poverty,Relative median at-risk-of-poverty risk gap,France,2016,16.8,,Total
Child poverty,Relative median at-risk-of-poverty risk gap,Croatia,2016,26.1,,Total
Child poverty,Relative median at-risk-of-poverty risk gap,Italy,2016,32.9,,Total
Child poverty,Relative median at-risk-of-poverty risk gap,Cyprus,2016,17.2,,Total
Child poverty,Relative median at-risk-of-poverty risk gap,Latvia,2016,25.4,,Total
Child poverty,Relative median at-risk-of-poverty risk gap,Lithuania,2016,29.6,,Total
Child poverty,Relative median at-risk-of-poverty risk gap,Luxembourg,2016,19.7,b,Total
Child poverty,Relative median at-risk-of-poverty risk gap,Hungary,2016,17.5,,Total
Child poverty,Relative median at-risk-of-poverty risk gap,Malta,2016,16.8,,Total
Child poverty,Relative median at-risk-of-poverty risk gap,Netherlands,2016,17.1,b,Total
Child poverty,Relative median at-risk-of-poverty risk gap,Austria,2016,19.9,,Total
Child poverty,Relative median at-risk-of-poverty risk gap,Poland,2016,25.6,,Total
Child poverty,Relative median at-risk-of-poverty risk gap,Portugal,2016,28.7,,Total
Child poverty,Relative median at-risk-of-poverty risk gap,Romania,2016,40.7,,Total
Child poverty,Relative median at-risk-of-poverty risk gap,Slovenia,2016,18.9,,Total
Child poverty,Relative median at-risk-of-poverty risk gap,Slovakia,2016,31.6,,Total
Child poverty,Relative median at-risk-of-poverty risk gap,Finland,2016,13.6,,Total
Child poverty,Relative median at-risk-of-poverty risk gap,Sweden,2016,26.8,,Total
Child poverty,Relative median at-risk-of-poverty risk gap,EU27,2017,25.5,e,Total
Child poverty,Relative median at-risk-of-poverty risk gap,Belgium,2017,18.7,,Total
Child poverty,Relative median at-risk-of-poverty risk gap,Bulgaria,2017,42.8,,Total
Child poverty,Relative median at-risk-of-poverty risk gap,Czechia,2017,22.5,,Total
Child poverty,Relative median at-risk-of-poverty risk gap,Denmark,2017,20.7,,Total
Child poverty,Relative median at-risk-of-poverty risk gap,Germany,2017,14.6,,Total
Child poverty,Relative median at-risk-of-poverty risk gap,Estonia,2017,24,,Total
Child poverty,Relative median at-risk-of-poverty risk gap,Ireland,2017,19.4,,Total
Child poverty,Relative median at-risk-of-poverty risk gap,Greece,2017,29.6,,Total
Child poverty,Relative median at-risk-of-poverty risk gap,Spain,2017,36.5,,Total
Child poverty,Relative median at-risk-of-poverty risk gap,France,2017,16.9,,Total
Child poverty,Relative median at-risk-of-poverty risk gap,Croatia,2017,24.9,,Total
Child poverty,Relative median at-risk-of-poverty risk gap,Italy,2017,28,,Total
Child poverty,Relative median at-risk-of-poverty risk gap,Cyprus,2017,15,,Total
Child poverty,Relative median at-risk-of-poverty risk gap,Latvia,2017,28.3,,Total
Child poverty,Relative median at-risk-of-poverty risk gap,Lithuania,2017,30.4,,Total
Child poverty,Relative median at-risk-of-poverty risk gap,Luxembourg,2017,23.4,,Total
Child poverty,Relative median at-risk-of-poverty risk gap,Hungary,2017,14.2,,Total
Child poverty,Relative median at-risk-of-poverty risk gap,Malta,2017,20.8,,Total
Child poverty,Relative median at-risk-of-poverty risk gap,Netherlands,2017,17.6,,Total
Child poverty,Relative median at-risk-of-poverty risk gap,Austria,2017,19.9,,Total
Child poverty,Relative median at-risk-of-poverty risk gap,Poland,2017,24.8,,Total
Child poverty,Relative median at-risk-of-poverty risk gap,Portugal,2017,30.2,,Total
Child poverty,Relative median at-risk-of-poverty risk gap,Romania,2017,40.3,,Total
Child poverty,Relative median at-risk-of-poverty risk gap,Slovenia,2017,16.3,,Total
Child poverty,Relative median at-risk-of-poverty risk gap,Slovakia,2017,30.3,,Total
Child poverty,Relative median at-risk-of-poverty risk gap,Finland,2017,11.6,,Total
Child poverty,Relative median at-risk-of-poverty risk gap,Sweden,2017,24.1,,Total
Child poverty,Relative median at-risk-of-poverty risk gap,EU27,2018,25.5,e,Total
Child poverty,Relative median at-risk-of-poverty risk gap,Belgium,2018,20.4,,Total
Child poverty,Relative median at-risk-of-poverty risk gap,Bulgaria,2018,39.7,,Total
Child poverty,Relative median at-risk-of-poverty risk gap,Czechia,2018,19,,Total
Child poverty,Relative median at-risk-of-poverty risk gap,Denmark,2018,16.4,,Total
Child poverty,Relative median at-risk-of-poverty risk gap,Germany,2018,17.8,,Total
Child poverty,Relative median at-risk-of-poverty risk gap,Estonia,2018,23.5,,Total
Child poverty,Relative median at-risk-of-poverty risk gap,Ireland,2018,14.1,,Total
Child poverty,Relative median at-risk-of-poverty risk gap,Greece,2018,30.2,,Total
Child poverty,Relative median at-risk-of-poverty risk gap,Spain,2018,31.6,,Total
Child poverty,Relative median at-risk-of-poverty risk gap,France,2018,16.4,,Total
Child poverty,Relative median at-risk-of-poverty risk gap,Croatia,2018,29.5,,Total
Child poverty,Relative median at-risk-of-poverty risk gap,Italy,2018,32,,Total
Child poverty,Relative median at-risk-of-poverty risk gap,Cyprus,2018,21.7,,Total
Child poverty,Relative median at-risk-of-poverty risk gap,Latvia,2018,30.7,,Total
Child poverty,Relative median at-risk-of-poverty risk gap,Lithuania,2018,32.3,,Total
Child poverty,Relative median at-risk-of-poverty risk gap,Luxembourg,2018,21.2,,Total
Child poverty,Relative median at-risk-of-poverty risk gap,Hungary,2018,36.9,,Total
Child poverty,Relative median at-risk-of-poverty risk gap,Malta,2018,21.9,,Total
Child poverty,Relative median at-risk-of-poverty risk gap,Netherlands,2018,20.9,,Total
Child poverty,Relative median at-risk-of-poverty risk gap,Austria,2018,21.8,,Total
Child poverty,Relative median at-risk-of-poverty risk gap,Poland,2018,20.1,,Total
Child poverty,Relative median at-risk-of-poverty risk gap,Portugal,2018,26.1,,Total
Child poverty,Relative median at-risk-of-poverty risk gap,Romania,2018,40.1,,Total
Child poverty,Relative median at-risk-of-poverty risk gap,Slovenia,2018,13.3,,Total
Child poverty,Relative median at-risk-of-poverty risk gap,Slovakia,2018,26.1,,Total
Child poverty,Relative median at-risk-of-poverty risk gap,Finland,2018,12,,Total
Child poverty,Relative median at-risk-of-poverty risk gap,Sweden,2018,21.7,,Total
Child poverty,Relative median at-risk-of-poverty risk gap,EU27,2019,25.4,e,Total
Child poverty,Relative median at-risk-of-poverty risk gap,Belgium,2019,15.4,b,Total
Child poverty,Relative median at-risk-of-poverty risk gap,Bulgaria,2019,38.7,,Total
Child poverty,Relative median at-risk-of-poverty risk gap,Czechia,2019,15,,Total
Child poverty,Relative median at-risk-of-poverty risk gap,Denmark,2019,11.6,,Total
Child poverty,Relative median at-risk-of-poverty risk gap,Germany,2019,15.8,,Total
Child poverty,Relative median at-risk-of-poverty risk gap,Estonia,2019,20.6,,Total
Child poverty,Relative median at-risk-of-poverty risk gap,Ireland,2019,16.9,,Total
Child poverty,Relative median at-risk-of-poverty risk gap,Greece,2019,25.8,,Total
Child poverty,Relative median at-risk-of-poverty risk gap,Spain,2019,31.9,,Total
Child poverty,Relative median at-risk-of-poverty risk gap,France,2019,17,,Total
Child poverty,Relative median at-risk-of-poverty risk gap,Croatia,2019,24.5,,Total
Child poverty,Relative median at-risk-of-poverty risk gap,Italy,2019,33.5,,Total
Child poverty,Relative median at-risk-of-poverty risk gap,Cyprus,2019,16.1,,Total
Child poverty,Relative median at-risk-of-poverty risk gap,Latvia,2019,25.7,,Total
Child poverty,Relative median at-risk-of-poverty risk gap,Lithuania,2019,25.3,,Total
Child poverty,Relative median at-risk-of-poverty risk gap,Luxembourg,2019,23.6,,Total
Child poverty,Relative median at-risk-of-poverty risk gap,Hungary,2019,32.2,,Total
Child poverty,Relative median at-risk-of-poverty risk gap,Malta,2019,20.6,,Total
Child poverty,Relative median at-risk-of-poverty risk gap,Netherlands,2019,15.2,,Total
Child poverty,Relative median at-risk-of-poverty risk gap,Austria,2019,25.2,,Total
Child poverty,Relative median at-risk-of-poverty risk gap,Poland,2019,20.2,,Total
Child poverty,Relative median at-risk-of-poverty risk gap,Portugal,2019,24.8,,Total
Child poverty,Relative median at-risk-of-poverty risk gap,Romania,2019,42.6,,Total
Child poverty,Relative median at-risk-of-poverty risk gap,Slovenia,2019,16.6,,Total
Child poverty,Relative median at-risk-of-poverty risk gap,Slovakia,2019,27.9,,Total
Child poverty,Relative median at-risk-of-poverty risk gap,Finland,2019,11.7,,Total
Child poverty,Relative median at-risk-of-poverty risk gap,Sweden,2019,22.7,,Total
Child poverty,Relative median at-risk-of-poverty risk gap,EU27,2020,26.5,,Total
Child poverty,Relative median at-risk-of-poverty risk gap,Belgium,2020,15.6,,Total
Child poverty,Relative median at-risk-of-poverty risk gap,Bulgaria,2020,38.9,,Total
Child poverty,Relative median at-risk-of-poverty risk gap,Czechia,2020,17.4,,Total
Child poverty,Relative median at-risk-of-poverty risk gap,Denmark,2020,15.7,b,Total
Child poverty,Relative median at-risk-of-poverty risk gap,Germany,2020,23.6,b,Total
Child poverty,Relative median at-risk-of-poverty risk gap,Estonia,2020,23.4,,Total
Child poverty,Relative median at-risk-of-poverty risk gap,Ireland,2020,13.8,b,Total
Child poverty,Relative median at-risk-of-poverty risk gap,Greece,2020,28.7,,Total
Child poverty,Relative median at-risk-of-poverty risk gap,Spain,2020,34.6,,Total
Child poverty,Relative median at-risk-of-poverty risk gap,France,2020,20.2,b,Total
Child poverty,Relative median at-risk-of-poverty risk gap,Croatia,2020,27.1,,Total
Child poverty,Relative median at-risk-of-poverty risk gap,Italy,2020,30.3,,Total
Child poverty,Relative median at-risk-of-poverty risk gap,Cyprus,2020,18.7,,Total
Child poverty,Relative median at-risk-of-poverty risk gap,Latvia,2020,26.6,,Total
Child poverty,Relative median at-risk-of-poverty risk gap,Lithuania,2020,23.2,,Total
Child poverty,Relative median at-risk-of-poverty risk gap,Luxembourg,2020,17.5,b,Total
Child poverty,Relative median at-risk-of-poverty risk gap,Hungary,2020,47.6,,Total
Child poverty,Relative median at-risk-of-poverty risk gap,Malta,2020,20.3,,Total
Child poverty,Relative median at-risk-of-poverty risk gap,Netherlands,2020,17.7,,Total
Child poverty,Relative median at-risk-of-poverty risk gap,Austria,2020,24.7,,Total
Child poverty,Relative median at-risk-of-poverty risk gap,Poland,2020,20.4,,Total
Child poverty,Relative median at-risk-of-poverty risk gap,Portugal,2020,26.1,,Total
Child poverty,Relative median at-risk-of-poverty risk gap,Romania,2020,37.5,,Total
Child poverty,Relative median at-risk-of-poverty risk gap,Slovenia,2020,14.2,,Total
Child poverty,Relative median at-risk-of-poverty risk gap,Slovakia,2020,29.2,,Total
Child poverty,Relative median at-risk-of-poverty risk gap,Finland,2020,9.5,,Total
Child poverty,Relative median at-risk-of-poverty risk gap,Sweden,2020,19.9,,Total
Child poverty,Relative median at-risk-of-poverty risk gap,EU27,2021,25.7,,Total
Child poverty,Relative median at-risk-of-poverty risk gap,Belgium,2021,14.2,,Total
Child poverty,Relative median at-risk-of-poverty risk gap,Bulgaria,2021,33.7,,Total
Child poverty,Relative median at-risk-of-poverty risk gap,Czechia,2021,23,,Total
Child poverty,Relative median at-risk-of-poverty risk gap,Denmark,2021,19.4,,Total
Child poverty,Relative median at-risk-of-poverty risk gap,Germany,2021,20.1,,Total
Child poverty,Relative median at-risk-of-poverty risk gap,Estonia,2021,25.1,,Total
Child poverty,Relative median at-risk-of-poverty risk gap,Ireland,2021,16.6,,Total
Child poverty,Relative median at-risk-of-poverty risk gap,Greece,2021,27.1,,Total
Child poverty,Relative median at-risk-of-poverty risk gap,Spain,2021,34.5,,Total
Child poverty,Relative median at-risk-of-poverty risk gap,France,2021,18.4,,Total
Child poverty,Relative median at-risk-of-poverty risk gap,Croatia,2021,25.3,,Total
Child poverty,Relative median at-risk-of-poverty risk gap,Italy,2021,29.3,,Total
Child poverty,Relative median at-risk-of-poverty risk gap,Cyprus,2021,16.7,,Total
Child poverty,Relative median at-risk-of-poverty risk gap,Latvia,2021,23.6,,Total
Child poverty,Relative median at-risk-of-poverty risk gap,Lithuania,2021,20.6,,Total
Child poverty,Relative median at-risk-of-poverty risk gap,Luxembourg,2021,19.3,b,Total
Child poverty,Relative median at-risk-of-poverty risk gap,Hungary,2021,36,,Total
Child poverty,Relative median at-risk-of-poverty risk gap,Malta,2021,24.8,,Total
Child poverty,Relative median at-risk-of-poverty risk gap,Netherlands,2021,26,,Total
Child poverty,Relative median at-risk-of-poverty risk gap,Austria,2021,24.5,,Total
Child poverty,Relative median at-risk-of-poverty risk gap,Poland,2021,16.8,,Total
Child poverty,Relative median at-risk-of-poverty risk gap,Portugal,2021,31.6,,Total
Child poverty,Relative median at-risk-of-poverty risk gap,Romania,2021,39.2,,Total
Child poverty,Relative median at-risk-of-poverty risk gap,Slovenia,2021,17,,Total
Child poverty,Relative median at-risk-of-poverty risk gap,Slovakia,2021,28.7,,Total
Child poverty,Relative median at-risk-of-poverty risk gap,Finland,2021,9.2,,Total
Child poverty,Relative median at-risk-of-poverty risk gap,Sweden,2021,21.3,,Total
Child poverty,Relative median at-risk-of-poverty risk gap,EU27,2022,24.4,,Total
Child poverty,Relative median at-risk-of-poverty risk gap,Belgium,2022,21.2,,Total
Child poverty,Relative median at-risk-of-poverty risk gap,Bulgaria,2022,42.8,,Total
Child poverty,Relative median at-risk-of-poverty risk gap,Czechia,2022,22.9,,Total
Child poverty,Relative median at-risk-of-poverty risk gap,Denmark,2022,17,,Total
Child poverty,Relative median at-risk-of-poverty risk gap,Germany,2022,16.8,,Total
Child poverty,Relative median at-risk-of-poverty risk gap,Estonia,2022,23.2,,Total
Child poverty,Relative median at-risk-of-poverty risk gap,Ireland,2022,21.5,,Total
Child poverty,Relative median at-risk-of-poverty risk gap,Greece,2022,24.9,,Total
Child poverty,Relative median at-risk-of-poverty risk gap,Spain,2022,31.8,,Total
Child poverty,Relative median at-risk-of-poverty risk gap,France,2022,19.8,b,Total
Child poverty,Relative median at-risk-of-poverty risk gap,Croatia,2022,23.6,,Total
Child poverty,Relative median at-risk-of-poverty risk gap,Italy,2022,27.9,,Total
Child poverty,Relative median at-risk-of-poverty risk gap,Cyprus,2022,18.1,,Total
Child poverty,Relative median at-risk-of-poverty risk gap,Latvia,2022,25.7,,Total
Child poverty,Relative median at-risk-of-poverty risk gap,Lithuania,2022,21.1,,Total
Child poverty,Relative median at-risk-of-poverty risk gap,Luxembourg,2022,18.4,b,Total
Child poverty,Relative median at-risk-of-poverty risk gap,Hungary,2022,14.5,,Total
Child poverty,Relative median at-risk-of-poverty risk gap,Malta,2022,21,,Total
Child poverty,Relative median at-risk-of-poverty risk gap,Netherlands,2022,26,,Total
Child poverty,Relative median at-risk-of-poverty risk gap,Austria,2022,25.9,,Total
Child poverty,Relative median at-risk-of-poverty risk gap,Poland,2022,20.9,,Total
Child poverty,Relative median at-risk-of-poverty risk gap,Portugal,2022,26.1,,Total
Child poverty,Relative median at-risk-of-poverty risk gap,Romania,2022,33.1,,Total
Child poverty,Relative median at-risk-of-poverty risk gap,Slovenia,2022,17.1,,Total
Child poverty,Relative median at-risk-of-poverty risk gap,Slovakia,2022,25,,Total
Child poverty,Relative median at-risk-of-poverty risk gap,Finland,2022,12.3,,Total
Child poverty,Relative median at-risk-of-poverty risk gap,Sweden,2022,21.4,,Total
Child poverty,Relative median at-risk-of-poverty risk gap,EU27,2023,:,,Total
Child poverty,Relative median at-risk-of-poverty risk gap,Belgium,2023,15.4,,Total
Child poverty,Relative median at-risk-of-poverty risk gap,Bulgaria,2023,31.9,,Total
Child poverty,Relative median at-risk-of-poverty risk gap,Czechia,2023,:,,Total
Child poverty,Relative median at-risk-of-poverty risk gap,Denmark,2023,:,,Total
Child poverty,Relative median at-risk-of-poverty risk gap,Germany,2023,:,,Total
Child poverty,Relative median at-risk-of-poverty risk gap,Estonia,2023,25.3,,Total
Child poverty,Relative median at-risk-of-poverty risk gap,Ireland,2023,:,,Total
Child poverty,Relative median at-risk-of-poverty risk gap,Greece,2023,:,,Total
Child poverty,Relative median at-risk-of-poverty risk gap,Spain,2023,:,,Total
Child poverty,Relative median at-risk-of-poverty risk gap,France,2023,:,,Total
Child poverty,Relative median at-risk-of-poverty risk gap,Croatia,2023,:,,Total
Child poverty,Relative median at-risk-of-poverty risk gap,Italy,2023,:,,Total
Child poverty,Relative median at-risk-of-poverty risk gap,Cyprus,2023,:,,Total
Child poverty,Relative median at-risk-of-poverty risk gap,Latvia,2023,25.3,,Total
Child poverty,Relative median at-risk-of-poverty risk gap,Lithuania,2023,:,,Total
Child poverty,Relative median at-risk-of-poverty risk gap,Luxembourg,2023,:,,Total
Child poverty,Relative median at-risk-of-poverty risk gap,Hungary,2023,:,,Total
Child poverty,Relative median at-risk-of-poverty risk gap,Malta,2023,:,,Total
Child poverty,Relative median at-risk-of-poverty risk gap,Netherlands,2023,:,,Total
Child poverty,Relative median at-risk-of-poverty risk gap,Austria,2023,:,,Total
Child poverty,Relative median at-risk-of-poverty risk gap,Poland,2023,:,,Total
Child poverty,Relative median at-risk-of-poverty risk gap,Portugal,2023,:,,Total
Child poverty,Relative median at-risk-of-poverty risk gap,Romania,2023,:,,Total
Child poverty,Relative median at-risk-of-poverty risk gap,Slovenia,2023,:,,Total
Child poverty,Relative median at-risk-of-poverty risk gap,Slovakia,2023,:,,Total
Child poverty,Relative median at-risk-of-poverty risk gap,Finland,2023,:,,Total
Child poverty,Relative median at-risk-of-poverty risk gap,Sweden,2023,:,,Total
Child poverty,Children with limitation in activities due to health problems,EU27,2017,3.2,e,Moderate
Child poverty,Children with limitation in activities due to health problems,Belgium,2017,3.5,,Moderate
Child poverty,Children with limitation in activities due to health problems,Bulgaria,2017,1.6,,Moderate
Child poverty,Children with limitation in activities due to health problems,Czechia,2017,5.4,,Moderate
Child poverty,Children with limitation in activities due to health problems,Denmark,2017,:,u,Moderate
Child poverty,Children with limitation in activities due to health problems,Germany,2017,3.8,,Moderate
Child poverty,Children with limitation in activities due to health problems,Estonia,2017,7.4,,Moderate
Child poverty,Children with limitation in activities due to health problems,Ireland,2017,3.3,,Moderate
Child poverty,Children with limitation in activities due to health problems,Greece,2017,1.3,,Moderate
Child poverty,Children with limitation in activities due to health problems,Spain,2017,2.1,,Moderate
Child poverty,Children with limitation in activities due to health problems,France,2017,3.7,,Moderate
Child poverty,Children with limitation in activities due to health problems,Croatia,2017,2,,Moderate
Child poverty,Children with limitation in activities due to health problems,Italy,2017,0.5,,Moderate
Child poverty,Children with limitation in activities due to health problems,Cyprus,2017,0.9,,Moderate
Child poverty,Children with limitation in activities due to health problems,Latvia,2017,11.4,,Moderate
Child poverty,Children with limitation in activities due to health problems,Lithuania,2017,7.9,,Moderate
Child poverty,Children with limitation in activities due to health problems,Luxembourg,2017,3.1,,Moderate
Child poverty,Children with limitation in activities due to health problems,Hungary,2017,3.6,,Moderate
Child poverty,Children with limitation in activities due to health problems,Malta,2017,1.7,,Moderate
Child poverty,Children with limitation in activities due to health problems,Netherlands,2017,:,u,Moderate
Child poverty,Children with limitation in activities due to health problems,Austria,2017,4.5,,Moderate
Child poverty,Children with limitation in activities due to health problems,Poland,2017,2.6,,Moderate
Child poverty,Children with limitation in activities due to health problems,Portugal,2017,4.6,,Moderate
Child poverty,Children with limitation in activities due to health problems,Romania,2017,7.4,,Moderate
Child poverty,Children with limitation in activities due to health problems,Slovenia,2017,:,u,Moderate
Child poverty,Children with limitation in activities due to health problems,Slovakia,2017,1.5,,Moderate
Child poverty,Children with limitation in activities due to health problems,Finland,2017,:,u,Moderate
Child poverty,Children with limitation in activities due to health problems,Sweden,2017,:,u,Moderate
Child poverty,Children with limitation in activities due to health problems,EU27,2017,0.8,e,Severe
Child poverty,Children with limitation in activities due to health problems,Belgium,2017,1.5,,Severe
Child poverty,Children with limitation in activities due to health problems,Bulgaria,2017,0.6,,Severe
Child poverty,Children with limitation in activities due to health problems,Czechia,2017,1.1,,Severe
Child poverty,Children with limitation in activities due to health problems,Denmark,2017,:,u,Severe
Child poverty,Children with limitation in activities due to health problems,Germany,2017,0.8,,Severe
Child poverty,Children with limitation in activities due to health problems,Estonia,2017,1,,Severe
Child poverty,Children with limitation in activities due to health problems,Ireland,2017,1.6,,Severe
Child poverty,Children with limitation in activities due to health problems,Greece,2017,0.7,,Severe
Child poverty,Children with limitation in activities due to health problems,Spain,2017,0.7,,Severe
Child poverty,Children with limitation in activities due to health problems,France,2017,1.1,,Severe
Child poverty,Children with limitation in activities due to health problems,Croatia,2017,0.8,,Severe
Child poverty,Children with limitation in activities due to health problems,Italy,2017,0.3,,Severe
Child poverty,Children with limitation in activities due to health problems,Cyprus,2017,0.8,,Severe
Child poverty,Children with limitation in activities due to health problems,Latvia,2017,1,,Severe
Child poverty,Children with limitation in activities due to health problems,Lithuania,2017,0.8,,Severe
Child poverty,Children with limitation in activities due to health problems,Luxembourg,2017,1.9,,Severe
Child poverty,Children with limitation in activities due to health problems,Hungary,2017,1,,Severe
Child poverty,Children with limitation in activities due to health problems,Malta,2017,0.8,,Severe
Child poverty,Children with limitation in activities due to health problems,Netherlands,2017,:,u,Severe
Child poverty,Children with limitation in activities due to health problems,Austria,2017,1.5,,Severe
Child poverty,Children with limitation in activities due to health problems,Poland,2017,1,,Severe
Child poverty,Children with limitation in activities due to health problems,Portugal,2017,0.6,,Severe
Child poverty,Children with limitation in activities due to health problems,Romania,2017,0.2,,Severe
Child poverty,Children with limitation in activities due to health problems,Slovenia,2017,:,u,Severe
Child poverty,Children with limitation in activities due to health problems,Slovakia,2017,1,,Severe
Child poverty,Children with limitation in activities due to health problems,Finland,2017,:,u,Severe
Child poverty,Children with limitation in activities due to health problems,Sweden,2017,:,u,Severe
Child poverty,Children with limitation in activities due to health problems,EU27,2017,4,,Total
Child poverty,Children with limitation in activities due to health problems,Belgium,2017,5,,Total
Child poverty,Children with limitation in activities due to health problems,Bulgaria,2017,2.2,,Total
Child poverty,Children with limitation in activities due to health problems,Czechia,2017,6.5,,Total
Child poverty,Children with limitation in activities due to health problems,Denmark,2017,:,,Total
Child poverty,Children with limitation in activities due to health problems,Germany,2017,4.6,,Total
Child poverty,Children with limitation in activities due to health problems,Estonia,2017,8.4,,Total
Child poverty,Children with limitation in activities due to health problems,Ireland,2017,4.9,,Total
Child poverty,Children with limitation in activities due to health problems,Greece,2017,2,,Total
Child poverty,Children with limitation in activities due to health problems,Spain,2017,2.8,,Total
Child poverty,Children with limitation in activities due to health problems,France,2017,4.8,,Total
Child poverty,Children with limitation in activities due to health problems,Croatia,2017,2.8,,Total
Child poverty,Children with limitation in activities due to health problems,Italy,2017,0.8,,Total
Child poverty,Children with limitation in activities due to health problems,Cyprus,2017,1.7,,Total
Child poverty,Children with limitation in activities due to health problems,Latvia,2017,12.4,,Total
Child poverty,Children with limitation in activities due to health problems,Lithuania,2017,8.7,,Total
Child poverty,Children with limitation in activities due to health problems,Luxembourg,2017,5,,Total
Child poverty,Children with limitation in activities due to health problems,Hungary,2017,4.6,,Total
Child poverty,Children with limitation in activities due to health problems,Malta,2017,2.5,,Total
Child poverty,Children with limitation in activities due to health problems,Netherlands,2017,:,,Total
Child poverty,Children with limitation in activities due to health problems,Austria,2017,6,,Total
Child poverty,Children with limitation in activities due to health problems,Poland,2017,3.6,,Total
Child poverty,Children with limitation in activities due to health problems,Portugal,2017,5.2,,Total
Child poverty,Children with limitation in activities due to health problems,Romania,2017,7.6,,Total
Child poverty,Children with limitation in activities due to health problems,Slovenia,2017,:,,Total
Child poverty,Children with limitation in activities due to health problems,Slovakia,2017,2.5,,Total
Child poverty,Children with limitation in activities due to health problems,Finland,2017,:,,Total
Child poverty,Children with limitation in activities due to health problems,Sweden,2017,:,,Total
Child poverty,Children with limitation in activities due to health problems,EU27,2021,3.4,,Moderate
Child poverty,Children with limitation in activities due to health problems,Belgium,2021,4.6,,Moderate
Child poverty,Children with limitation in activities due to health problems,Bulgaria,2021,3.4,,Moderate
Child poverty,Children with limitation in activities due to health problems,Czechia,2021,2.8,,Moderate
Child poverty,Children with limitation in activities due to health problems,Denmark,2021,7.5,,Moderate
Child poverty,Children with limitation in activities due to health problems,Germany,2021,3,,Moderate
Child poverty,Children with limitation in activities due to health problems,Estonia,2021,6,,Moderate
Child poverty,Children with limitation in activities due to health problems,Ireland,2021,3.7,,Moderate
Child poverty,Children with limitation in activities due to health problems,Greece,2021,0.5,,Moderate
Child poverty,Children with limitation in activities due to health problems,Spain,2021,6.6,,Moderate
Child poverty,Children with limitation in activities due to health problems,France,2021,2.9,,Moderate
Child poverty,Children with limitation in activities due to health problems,Croatia,2021,2.2,,Moderate
Child poverty,Children with limitation in activities due to health problems,Italy,2021,1.6,,Moderate
Child poverty,Children with limitation in activities due to health problems,Cyprus,2021,0.9,,Moderate
Child poverty,Children with limitation in activities due to health problems,Latvia,2021,2.4,,Moderate
Child poverty,Children with limitation in activities due to health problems,Lithuania,2021,3.9,,Moderate
Child poverty,Children with limitation in activities due to health problems,Luxembourg,2021,2.6,,Moderate
Child poverty,Children with limitation in activities due to health problems,Hungary,2021,2.3,,Moderate
Child poverty,Children with limitation in activities due to health problems,Malta,2021,1.5,,Moderate
Child poverty,Children with limitation in activities due to health problems,Netherlands,2021,3.9,,Moderate
Child poverty,Children with limitation in activities due to health problems,Austria,2021,2.7,,Moderate
Child poverty,Children with limitation in activities due to health problems,Poland,2021,3.2,,Moderate
Child poverty,Children with limitation in activities due to health problems,Portugal,2021,4.2,,Moderate
Child poverty,Children with limitation in activities due to health problems,Romania,2021,1.7,,Moderate
Child poverty,Children with limitation in activities due to health problems,Slovenia,2021,1.5,,Moderate
Child poverty,Children with limitation in activities due to health problems,Slovakia,2021,2.8,,Moderate
Child poverty,Children with limitation in activities due to health problems,Finland,2021,7.9,,Moderate
Child poverty,Children with limitation in activities due to health problems,Sweden,2021,5.6,,Moderate
Child poverty,Children with limitation in activities due to health problems,EU27,2021,1,,Severe
Child poverty,Children with limitation in activities due to health problems,Belgium,2021,2,,Severe
Child poverty,Children with limitation in activities due to health problems,Bulgaria,2021,0.4,,Severe
Child poverty,Children with limitation in activities due to health problems,Czechia,2021,0.9,,Severe
Child poverty,Children with limitation in activities due to health problems,Denmark,2021,0.9,,Severe
Child poverty,Children with limitation in activities due to health problems,Germany,2021,1,,Severe
Child poverty,Children with limitation in activities due to health problems,Estonia,2021,1.4,,Severe
Child poverty,Children with limitation in activities due to health problems,Ireland,2021,1.6,,Severe
Child poverty,Children with limitation in activities due to health problems,Greece,2021,1.8,,Severe
Child poverty,Children with limitation in activities due to health problems,Spain,2021,0.6,,Severe
Child poverty,Children with limitation in activities due to health problems,France,2021,1.4,,Severe
Child poverty,Children with limitation in activities due to health problems,Croatia,2021,0.6,,Severe
Child poverty,Children with limitation in activities due to health problems,Italy,2021,0.9,,Severe
Child poverty,Children with limitation in activities due to health problems,Cyprus,2021,1.1,,Severe
Child poverty,Children with limitation in activities due to health problems,Latvia,2021,0.4,,Severe
Child poverty,Children with limitation in activities due to health problems,Lithuania,2021,0.8,,Severe
Child poverty,Children with limitation in activities due to health problems,Luxembourg,2021,0.2,,Severe
Child poverty,Children with limitation in activities due to health problems,Hungary,2021,0.9,,Severe
Child poverty,Children with limitation in activities due to health problems,Malta,2021,0.5,,Severe
Child poverty,Children with limitation in activities due to health problems,Netherlands,2021,0.6,,Severe
Child poverty,Children with limitation in activities due to health problems,Austria,2021,0.6,,Severe
Child poverty,Children with limitation in activities due to health problems,Poland,2021,1.1,,Severe
Child poverty,Children with limitation in activities due to health problems,Portugal,2021,0.4,,Severe
Child poverty,Children with limitation in activities due to health problems,Romania,2021,0.5,,Severe
Child poverty,Children with limitation in activities due to health problems,Slovenia,2021,0.8,,Severe
Child poverty,Children with limitation in activities due to health problems,Slovakia,2021,0.8,,Severe
Child poverty,Children with limitation in activities due to health problems,Finland,2021,1.4,,Severe
Child poverty,Children with limitation in activities due to health problems,Sweden,2021,1.3,,Severe
Child poverty,Children with limitation in activities due to health problems,EU27,2021,4.4,,Total
Child poverty,Children with limitation in activities due to health problems,Belgium,2021,6.6,,Total
Child poverty,Children with limitation in activities due to health problems,Bulgaria,2021,3.8,,Total
Child poverty,Children with limitation in activities due to health problems,Czechia,2021,3.7,,Total
Child poverty,Children with limitation in activities due to health problems,Denmark,2021,8.4,,Total
Child poverty,Children with limitation in activities due to health problems,Germany,2021,4,,Total
Child poverty,Children with limitation in activities due to health problems,Estonia,2021,7.4,,Total
Child poverty,Children with limitation in activities due to health problems,Ireland,2021,5.3,,Total
Child poverty,Children with limitation in activities due to health problems,Greece,2021,2.3,,Total
Child poverty,Children with limitation in activities due to health problems,Spain,2021,7.2,,Total
Child poverty,Children with limitation in activities due to health problems,France,2021,4.3,,Total
Child poverty,Children with limitation in activities due to health problems,Croatia,2021,2.8,,Total
Child poverty,Children with limitation in activities due to health problems,Italy,2021,2.5,,Total
Child poverty,Children with limitation in activities due to health problems,Cyprus,2021,2,,Total
Child poverty,Children with limitation in activities due to health problems,Latvia,2021,2.8,,Total
Child poverty,Children with limitation in activities due to health problems,Lithuania,2021,4.7,,Total
Child poverty,Children with limitation in activities due to health problems,Luxembourg,2021,2.8,,Total
Child poverty,Children with limitation in activities due to health problems,Hungary,2021,3.2,,Total
Child poverty,Children with limitation in activities due to health problems,Malta,2021,2,,Total
Child poverty,Children with limitation in activities due to health problems,Netherlands,2021,4.5,,Total
Child poverty,Children with limitation in activities due to health problems,Austria,2021,3.3,,Total
Child poverty,Children with limitation in activities due to health problems,Poland,2021,4.3,,Total
Child poverty,Children with limitation in activities due to health problems,Portugal,2021,4.6,,Total
Child poverty,Children with limitation in activities due to health problems,Romania,2021,2.2,,Total
Child poverty,Children with limitation in activities due to health problems,Slovenia,2021,2.3,,Total
Child poverty,Children with limitation in activities due to health problems,Slovakia,2021,3.6,,Total
Child poverty,Children with limitation in activities due to health problems,Finland,2021,9.3,,Total
Child poverty,Children with limitation in activities due to health problems,Sweden,2021,6.9,,Total
Child poverty,Children (aged less than 18) at risk of poverty or social exclusion,EU27,2015,27.4,,Total
Child poverty,Children (aged less than 18) at risk of poverty or social exclusion,EU27,2016,27.1,,Total
Child poverty,Children (aged less than 18) at risk of poverty or social exclusion,EU27,2017,25.1,,Total
Child poverty,Children (aged less than 18) at risk of poverty or social exclusion,EU27,2018,23.9,,Total
Child poverty,Children (aged less than 18) at risk of poverty or social exclusion,EU27,2019,22.8,,Total
Child poverty,Children (aged less than 18) at risk of poverty or social exclusion,EU27,2020,24,,Total
Child poverty,Children (aged less than 18) at risk of poverty or social exclusion,EU27,2021,24.4,,Total
